figure_id,section,source_line,insertion_token,current_asset_token,resolved_current_path,output_sha256,page_geometry,insertion_scale,effective_min_text_pt,effective_p10_text_pt,caption_or_title,scientific_owner,generator_paths,generator_sha256,data_paths,data_sha256,render_or_verify_command,scientific_status,palette_profile,redundant_channels,current_disposition,grayscale_cvd_verdict,human_review_verdict,pending_review,provenance_basis
fig:ect_architecture,main_text,845;502,"\includegraphics[width=\textwidth,height=0.70\textheight,keepaspectratio]{figures/r177/global/fig_ect_architecture_r177.pdf};\includegraphics[width=\textwidth,height=0.70\textheight,keepaspectratio]{../figures/r177/global/fig_ect_architecture_r177.pdf}",figures/r177/global/fig_ect_architecture_r177.pdf,LaTex/figures/r177/global/fig_ect_architecture_r177.pdf,f8d6cdf970be91517b10dce805d3bd3c0daca25f77e0404abbd59dcee2e87828,568.800x662.400pt,1.000000,7.000,7.000,"Schematic programme map of Euclidean Condensate Theory. P4 supplies a nonzero direction datum whose stabiliser in $O(4)$ is $O(3)$; it does not derive a stationary physical state or spontaneous $O(4)\to O(3)$ selection. The scalar characteristic theory is then separated from proposed macroscopic/tensor and coherent/quantum completions. The present action does not derive a common physical gravity--quantum backreaction vertex, so the two boxes organise targets rather than consequences of one closed action. Every arrow is a dependency or candidate route whose status is controlled by the main text and status tables. The benchmark identification $\alpha=2\beta$ used elsewhere in the paper is not the generic branching condition; the full condition for a Lorentzian scalar principal tensor is $\beta(\beta-\alpha)<0$, reducing to $\alpha>\beta>0$ only on the retained $\beta>0$ component.",R190 publication-neutral presentation successor; scientific payload inherited from the frozen R149/R181 owners,LaTex/scripts/figures/build_public_status_schematics.py,f1cfd387fd1d3ae646e7a81be441586fce47c1a86b46c78188aa18349a50495b,LaTex/data/verification/R190_PUBLIC_STATUS_SCHEMATICS_v1.json,6fbbc3ef5cc8135a58b38dc71c66b2ca0d45f6d9643932a4e5b712bdfab7e446,SOURCE_DATE_EPOCH=1785628800 python3 scripts/figures/build_public_status_schematics.py; python3 scripts/figures/verify_public_figure_registry.py --root . --registry FIGURE_REGISTRY.csv --json-registry FIGURE_REGISTRY.json --strict-palette --strict-provenance,current publication asset; 13 semantic nodes and 17 visible directed edges; status ceiling A/B/C/Open/MISSING retained,calm status schematic; near-black visible edges; status-aware Okabe-Ito-derived fills,literal status + fill luminance + border style + solid/dashed/dotted edge style,CURRENT ENGLISH PUBLICATION ASSET; lifecycle-neutral visible title; exact hash registered; scientific ceiling unchanged,"PASS R190: status remains redundant with literal text, luminance, border and line style; title-only successor",PASS R190: standalone full-resolution and compiled owning-page review,PASS,R190_PUBLIC_STATUS_SCHEMATICS_v1; frozen R149/R181 scientific and layout sources retained; lifecycle title/metadata only
fig:three_condensate_scales,main_text,4363,\includegraphics[width=\textwidth]{figures/r153/line_semantics/fig_condensate_scales_line_semantics_r153.pdf},figures/r153/line_semantics/fig_condensate_scales_line_semantics_r153.pdf,LaTex/figures/r153/line_semantics/fig_condensate_scales_line_semantics_r153.pdf,db41270e1f4b35ef4601cb83e2d08d77104278a87dc499ee2e3c434236e047cb,511.200x676.800pt,1.000978,7.493,7.848,"Dimensionally separated scale inventory. Panel~(a) compares only energy-dimension quantities; the origin of the matched electroweak scale and the hierarchy mechanism remain Open. Its two entries are independent inventory points; no connecting curve or interpolation is implied. Panel~(b) shows the conditional HRC matching identity at the declared matched scale; it supplies no common GeV axis or RG flow. Colours encode structural, external, conditional and Open roles and remain ordered by luminance in grayscale.",R190 publication-neutral presentation successor; scientific payload inherited from the frozen R149/R181 owners,LaTex/scripts/figures/build_public_status_schematics.py,f1cfd387fd1d3ae646e7a81be441586fce47c1a86b46c78188aa18349a50495b,LaTex/data/verification/R190_PUBLIC_STATUS_SCHEMATICS_v1.json,6fbbc3ef5cc8135a58b38dc71c66b2ca0d45f6d9643932a4e5b712bdfab7e446,SOURCE_DATE_EPOCH=1785628800 python3 scripts/figures/build_public_status_schematics.py; python3 scripts/figures/verify_public_figure_registry.py --root . --registry FIGURE_REGISTRY.csv --json-registry FIGURE_REGISTRY.json --strict-palette --strict-provenance,inherited publication asset; no status upgrade; current publication asset,"calm Okabe--Ito-derived, luminance-first; marker/line/direct-label redundancy","[""direct labels + borders/geometry + luminance separation; colour is never the sole status channel""]",CURRENT ENGLISH PUBLICATION ASSET; lifecycle-neutral visible title; exact hash registered; scientific ceiling unchanged,"PASS R190: status remains redundant with literal text, luminance, border and line style; title-only successor",PASS R190: standalone full-resolution and compiled owning-page review,PASS,R190_PUBLIC_STATUS_SCHEMATICS_v1; frozen R149/R181 scientific and layout sources retained; lifecycle title/metadata only
fig:partI_derivation_logic,status_dependency_map,15241;1469,]{figures/r185/logic_maps/partI_status_dependency.pdf};]{../figures/r185/logic_maps/partI_status_dependency.pdf},figures/r185/logic_maps/partI_status_dependency.pdf,LaTex/figures/r185/logic_maps/partI_status_dependency.pdf,c08ac1f97eccbbd9be6872a0a02d45421230facd9fe64837e94e918be8a8c6d0,595.000x842.000pt,1.000000,7.300,9.270,Selected Part I status and dependency map,"R185 lifecycle-neutral render of the frozen predecessor; scientific nodes, edges, topology and A/B/C/Open/MISSING ceilings inherited unchanged",LaTex/provenance/figures/r190/research_derivations/R185_GLOBAL_MANUSCRIPT_ATTESTATION_v1/tools/build_r185_lifecycle_neutral_logic_maps_v1.py,65482ca72afc039611e21908431e21d638d3f9f73ad2476f08459dd118bcd266,LaTex/figures/source/graphviz/r177_terminal_units_successors_v1/fig09_partI_terminal_units_successor_r177.gv;LaTex/data/figures_r177/topology/fig09_partI_topology_terminal_units_r177.json;LaTex/figures/source/graphviz/r177_terminal_units_successors_v1/semantic_keys/partI/partI_node_key_terminal_units_r177.csv;LaTex/figures/source/graphviz/r177_terminal_units_successors_v1/semantic_keys/partI/partI_edge_key_terminal_units_r177.csv;LaTex/figures/source/graphviz/r177_terminal_units_successors_v1/semantic_keys/partI/partI_full_key_terminal_units_r177.json;LaTex/figures/source/graphviz/r177_terminal_units_successors_v1/semantic_keys/partI/partI_full_key_terminal_units_r177.pdf;LaTex/provenance/figures/r190/research_derivations/R185_GLOBAL_MANUSCRIPT_ATTESTATION_v1/figure_governance/R185_LOGIC_MAP_MANIFEST_V1.json;LaTex/provenance/figures/r190/research_derivations/R185_GLOBAL_MANUSCRIPT_ATTESTATION_v1/figure_governance/R185_LOGIC_MAP_RUNTIME_V1.json,8eb6901d7b7aad7d850fee41b97fb35968964da1460f687b0133359d9827024e;dda372e556d1ca171638d16da31b60b9e121085f64ede049ad4f819a6bcc49d0;5c2d5103652c397b30d17c1571c638ecde5828e49ee55140c6398bd2f0dca8c8;321309b93f6def5b695524f6250003049fdc47f5c53d0692c93753ccca238bce;bb01268990f6cdda3ec5e729d9244b61afbee62f71f212af348bb293b0693b33;24ca5dc767b60d98d91d4ec34b43db24c91420ade754400d4875de38cb4cdb14;1c7cff3bc021b0ff491bd164196c18df174cf1e0260609ab601865a39e3fab38;250075c7da4d31ade368763e35e4fa3e99717dd6fc815b35f0f9dddc58d02888,python3 scripts/figures/verify_public_figure_registry.py --root . --registry FIGURE_REGISTRY.csv --json-registry FIGURE_REGISTRY.json --strict-palette --strict-provenance,V15 selected status/dependency map; inherited graph content retains its explicit A/B/C/Open/MISSING labels,calm Okabe-Ito-derived status schematic / Graphviz; near-black visible edges,literal status code + fill luminance + border style + solid/dashed/dotted edge style,CURRENT ENGLISH PUBLICATION ASSET; exact output hash preserved; scientific owner and Level A/B/C/Open ceiling unchanged,"PASS: RGB, grayscale, protanopia, deuteranopia and tritanopia previews generated; literal status/border/edge redundancy retained","PASS standalone contact-sheet review: no clipping, label loss or status-semantic change observed","Owning-page compile/context, exact TeX path apply, Git and publication remain separate gates",LaTex/provenance/figures/r190/research_derivations/R185_GLOBAL_MANUSCRIPT_ATTESTATION_v1/figure_governance/R185_LOGIC_MAP_MANIFEST_V1.json sha256=1c7cff3bc021b0ff491bd164196c18df174cf1e0260609ab601865a39e3fab38; outside declared lifecycle bands pixel-identical at 144 dpi; deterministic replay required; predecessor asset preserved
fig:r123_internal_external_history_map,main_text,21158;1601,\includegraphics[width=\textwidth]{figures/r149/r149_external_internal_history_map_typography.pdf};\includegraphics[width=\textwidth]{../figures/r149/r149_external_internal_history_map_typography.pdf},figures/r149/r149_external_internal_history_map_typography.pdf,LaTex/figures/r149/r149_external_internal_history_map_typography.pdf,7a9df61c48b40dba2d5329acfca926bee332ff6f45a7e5a28e3f546416945386,695.947x480.096pt,0.672465,4.943,4.943,"\textbf{Shape-agnostic external/internal history map.} The external panel depicts a generic local formation front and one action-owned congruence, not a spherical boundary. The internal panel separates an orbit that is Level~A only inside the named supplied action/state, a Level~B conditional metric/clock map, imported external microphysics, and Open interfaces. Formation/front selection, the first-principles physical metric, primordial microphysics, Boltzmann perturbations, HRC/PPN matching and PES record kernels remain Open. Colour follows the luminance-first publication status palette and is redundant with border style and literal status text.",presentation-only typography successor; source arrays/topology frozen by package science guards,LaTex/provenance/figures/r190/work_preprint/R149_READER_LAYOUT_CANDIDATE_v1/figure_typography_successors/scripts/build_r149_accessibility_previews.py;LaTex/provenance/figures/r190/work_preprint/R149_READER_LAYOUT_CANDIDATE_v1/figure_typography_successors/scripts/build_r149_evolution_typography_successors.py;LaTex/provenance/figures/r190/work_preprint/R149_READER_LAYOUT_CANDIDATE_v1/figure_typography_successors/scripts/build_r149_sparc_typography_successors.py;LaTex/provenance/figures/r190/work_preprint/R149_READER_LAYOUT_CANDIDATE_v1/figure_typography_successors/scripts/verify_r149_typography_successors.py;LaTex/provenance/figures/r190/work_preprint/R149_READER_LAYOUT_CANDIDATE_v1/figure_typography_successors/scripts/write_r149_repair_package_manifest.py,405576931ab23d62998c59c7777953c10b0364537097cca8da1ba5ac3b28ea7a;5a24a0e85ed29903260e4c80ed7631ede5dd908532c02ed2984c9c3960ab77ef;472793cf396690194975b1057f07528014f449880ae440fac9632728fb00e686;4aa2626c5cd45dd40b6ad755afbc6f617a2e76405d359ad002c7c0bb39ae0d33;4e07b6a90740c0137b9bc28b5631e89fa8d330b1fbc726d4f824e42b74bcde92,LaTex/figures/r123/r123_external_internal_history_map.pdf,23662a2e3444255d6163ac8b859161982e06c9416b46799b978da7153f5d5404,python3 scripts/figures/verify_public_figure_registry.py --root . --registry FIGURE_REGISTRY.csv --json-registry FIGURE_REGISTRY.json --strict-palette --strict-provenance,scientific arrays/topology/status unchanged by owning package,ECT_R127_TERMINAL_CALM_OKABE_ITO_GRAY_SAFE_OR_EXPLICIT_LEGACY_VARIANT,"[""direct labels + borders/geometry + luminance separation; colour is never the sole status channel""]",REPLACE successor integrated and hash-bound,PASS: owning package grayscale and CVD evidence,PASS: owning package human/bounds audit at intended insertion scale,PASS,R149_PAGES_001_416_REPAIR_PACKAGE_MANIFEST_v1.json;LaTex/work/preprint/R137_TERMINAL_FIGURE_REGISTRY_EN3_CANDIDATE_v1/frozen/R137_TERMINAL_FIGURE_REGISTRY_EN3_OWNER_v6/outputs/R137_FIGURE_REGISTRY_EN3_CANDIDATE_v1.csv;LaTex/work/preprint/R149_READER_LAYOUT_CANDIDATE_v1/figure_typography_successors/R149_PAGES_001_416_REPAIR_PACKAGE_REPORT_v1.md
fig:r123_condensate_orbit,main_text,21224;1656,\includegraphics[width=\textwidth]{figures/r154/curve_semantics/nonrotation/conditional_post_ordering_dense_r154.pdf};\includegraphics[width=\textwidth]{../figures/r154/curve_semantics/nonrotation/conditional_post_ordering_dense_r154.pdf},figures/r154/curve_semantics/nonrotation/conditional_post_ordering_dense_r154.pdf,LaTex/figures/r154/curve_semantics/nonrotation/conditional_post_ordering_dense_r154.pdf,30bc3b6453ade440f28deaaa1dbffc4a9be4159c9c22ecd7ab056708134dd82b,710.801x519.640pt,0.750713,DEFERRED_PER_INSERTION_COMPILED_PAGE_MEASUREMENT,DEFERRED_PER_INSERTION_COMPILED_PAGE_MEASUREMENT,"\textbf{Conditional post-ordering orbit of the supplied two-slope scalar completion.} Panel (a) shows its scalar coordinate $\sigma$ and velocity $d\sigma/dN$ on the frozen regular orbit. Panel (b) shows $F_s/F_{s0}$ and the inverse-$F_s$ background proxy, which is not a local $G_N$. Panel (c) compares the action-owned expansion with the same-present-fraction matched control and exposes the ppm residual rather than visually exaggerating it. Panel (d) shows the branch clock using the externally supplied reference dimensional calibration $H_0=67.4\, \mathrm{km\,s^{-1}\,Mpc^{-1}}$. This calibration is state/data input for the displayed history, not a universal P1--P6 prediction. The dynamical curves are Level A only inside the named action/state; redshift, Gyr and physical-map readings are conditional Level C. The integration begins on an already ordered regular radiation branch: no trajectory through the Open formation front is inferred. Panels~(c), its inset and~(d) show nine evaluated redshift nodes as unconnected markers; no intermediate interpolation is implied. No common-$\varepsilon$ or HRC interpolation law enters this figure.",presentation-only typography successor; source arrays/topology frozen by package science guards; R154 curve-semantics renderer,LaTex/provenance/figures/r190/active_predecessor_scripts/r154/build_r154_sparse_and_exact_successors.py,37ec0bbab59f442c0881e2ab0054e734b7f852cc31a03900e82c96e6b8137280,LaTex/provenance/figures/r190/work_preprint/R154_SMOOTH_CURVE_SEMANTICS_CANDIDATE_v1/publication_build/audits/R154_CURVE_SEMANTICS/R154_NONROTATION_ASSET_MAP_v1.json;LaTex/provenance/figures/r190/work_preprint/R154_SMOOTH_CURVE_SEMANTICS_CANDIDATE_v1/publication_build/LaTex/data/figures_r154/scientific_audit/R154_FULL_SCIENTIFIC_SERIES_AUDIT_v1.csv;LaTex/provenance/figures/r190/work_preprint/R154_SMOOTH_CURVE_SEMANTICS_CANDIDATE_v1/publication_build/LaTex/data/figures_r154/scientific_audit/R154_78_FIGURE_SCIENTIFIC_AUDIT_v1.json;LaTex/provenance/figures/r190/work_preprint/R154_SMOOTH_CURVE_SEMANTICS_CANDIDATE_v1/publication_build/LaTex/data/figures_r154/scientific_audit/R154_FULL_SCIENTIFIC_AUDIT_CHECKS_v1.json,7cd12e00e74972fea0a048327dd3eceff0b1ca44d030c061a17bd8dbc355f97d;fbac9bd76dd72fe75c309472fb173969ea79ec2060fa379751036dfb6538d279;d8fa63bd5055f090e5dad865bfb1eadcd95d371fe654b876f193bea5032ce574;0d1a1f472604a559b6a3712e12c9901ed29ff10822ebf3d46d48b0dc09a69987,python3 scripts/figures/verify_public_figure_registry.py --root . --registry FIGURE_REGISTRY.csv --json-registry FIGURE_REGISTRY.json --strict-palette --strict-provenance,"scientific arrays/topology/status unchanged by owning package; R154 display-only successor; numerical source ordinates, fits and scientific metrics unchanged","calm Okabe--Ito-derived, luminance-first; marker/line/direct-label redundancy","[""direct labels + borders/geometry + luminance separation; colour is never the sole status channel""]",CURRENT ENGLISH PUBLICATION ASSET; exact output hash preserved; scientific owner and Level A/B/C/Open ceiling unchanged,PASS_STANDALONE_R190: human RGB/grayscale/protanopia/deuteranopia/tritanopia contact-sheet review; no colour-only status channel observed; owning-page context separate,"PASS_STANDALONE_CONTACT_SHEET_R190: human review found no visible clipping, direct-label loss or status-semantic change; high-resolution owning-page review separate",PENDING: per-insertion compiled-page context and registry/manifest synchronization,R149_PAGES_001_416_REPAIR_PACKAGE_MANIFEST_v1.json;LaTex/work/preprint/R137_TERMINAL_FIGURE_REGISTRY_EN3_CANDIDATE_v1/frozen/R137_TERMINAL_FIGURE_REGISTRY_EN3_OWNER_v6/outputs/R137_FIGURE_REGISTRY_EN3_CANDIDATE_v1.csv;LaTex/work/preprint/R149_READER_LAYOUT_CANDIDATE_v1/figure_typography_successors/R149_PAGES_001_416_REPAIR_PACKAGE_REPORT_v1.md;LaTex/work/preprint/R153_FINAL_VISUAL_ZENODO_CANDIDATE_v2_LINE_SEMANTICS/audit/R153_LINE_SEMANTICS_AUDIT.md;LaTex/provenance/figures/r190/work_preprint/R154_SMOOTH_CURVE_SEMANTICS_CANDIDATE_v1/publication_build/audits/R154_CURVE_SEMANTICS/R154_NONROTATION_ASSET_MAP_v1.json;LaTex/provenance/figures/r190/work_preprint/R154_SMOOTH_CURVE_SEMANTICS_CANDIDATE_v1/publication_build/LaTex/data/figures_r154/scientific_audit/R154_FULL_SCIENTIFIC_SERIES_AUDIT_v1.csv;LaTex/provenance/figures/r190/work_preprint/R154_SMOOTH_CURVE_SEMANTICS_CANDIDATE_v1/publication_build/LaTex/data/figures_r154/scientific_audit/R154_78_FIGURE_SCIENTIFIC_AUDIT_v1.json;LaTex/provenance/figures/r190/work_preprint/R154_SMOOTH_CURVE_SEMANTICS_CANDIDATE_v1/publication_build/LaTex/data/figures_r154/scientific_audit/R154_FULL_SCIENTIFIC_AUDIT_CHECKS_v1.json
fig:r103_ect_acoustic_ppn_tradeoff,main_text,21933,"\includegraphics[width=\textwidth,height=0.76\textheight,keepaspectratio]{figures/r153/line_semantics/acoustic_ppn_nodes_r153.pdf}",figures/r153/line_semantics/acoustic_ppn_nodes_r153.pdf,LaTex/figures/r153/line_semantics/acoustic_ppn_nodes_r153.pdf,9f4172ce3c1fc2fca08f09f6d38471c6b7c086412749f9e6f13bcfb58d4a9dcb,500.488x595.592pt,0.896781,7.219,7.847,Conditional nine-point two-slope acoustic--PPN scan. This page shows acoustic leverage against the exact unscreened massless-scalar PPN gate of the same supplied action/state. The rough fixed-acoustic-angle diagnostic is a separate full-width atlas panel and is not a CMB or distance-ladder likelihood. The nine independently computed parameter nodes are shown without connecting segments: no fit or continuously evaluated parameter path is implied. Okabe--Ito colours and the $a_s$ marker shapes provide redundant encodings.,R123 inherited component clipping_remediation_v2; role=fresh_owner_no_crop_panel,LaTex/provenance/figures/r190/work_preprint/R127_VISUAL_COSMOLOGY_PES_COMPLETION_CANDIDATE_v1/components/native_font_rerender_v1/build_r127_native_font_rerender.py;LaTex/provenance/figures/r190/work_preprint/R123_VISUAL_READABILITY_AND_RESTORATION_CANDIDATE_v1/components/clipping_remediation_v2/build_clipping_remediation_v2.py;LaTex/scripts/cosmology/make_r103_corrected_cosmology_figures.py;LaTex/scripts/r153_line_semantics/build_r153_line_semantics_successors.py,8d456d3a610e4df2558912f17d05d8c4c3e1763a6b8aa33e0a660fb41eff444c;cd7373cb547a7cca508efcfdfe3114ebd250ed1dbd99ddba8b28f142fdc29c0a;6cb3cc8f9e2595600bcf8b7106a6759b93d622c4a941358ff7d8a3b9addc6504;3a937fdd3c2c9299def90ab474424062669b2bcd3c7c8c009813110bc93572e2,LaTex/provenance/figures/r190/work_preprint/R127_VISUAL_COSMOLOGY_PES_COMPLETION_CANDIDATE_v1/components/font_readability_remediation_v1/assets/r123__global__panels__fig10_a_acoustic_gate_r123__reader_scale_r127.pdf;LaTex/data/cosmology_r103/R103_TWO_SLOPE_CALIBRATED_SCAN_v1.json,a859e5bf5148bf41de452f07a394eade0682e19867da9bb0f5571cb76a7b1022;58bcb51d1c22823f165dfcd490705825add959e3378a60268be4f44243f834eb,python3 scripts/figures/verify_public_figure_registry.py --root . --registry FIGURE_REGISTRY.csv --json-registry FIGURE_REGISTRY.json --strict-palette --strict-provenance,inherited publication asset; no status upgrade; current publication asset,"calm Okabe--Ito-derived, luminance-first; marker/line/direct-label redundancy","[""line style + marker shape + direct labels + luminance-separated curves""]",R153 line-semantics successor integrated in English TeX; scientific owner/data unchanged,"PASS: colour is redundant with marker, line style, boundary, or direct label",PASS with typography note: actual compiled-page minimum is measured separately from raw asset typography,PASS,LaTex/work/preprint/R123_VISUAL_READABILITY_AND_RESTORATION_CANDIDATE_v2/manifests/R123_VISUAL_READABILITY_INSTALL_MAP_v2.json;LaTex/work/preprint/R137_TERMINAL_FIGURE_REGISTRY_EN3_CANDIDATE_v1/frozen/R137_TERMINAL_FIGURE_REGISTRY_EN3_OWNER_v6/outputs/R137_FIGURE_REGISTRY_EN3_CANDIDATE_v1.csv;LaTex/work/preprint/R149_READER_LAYOUT_CANDIDATE_v1/borderline_figure_typography/review_main_a/R149_MAIN_A_FIGURE_CLOSURE_REPORT_v1.md;LaTex/work/preprint/R153_FINAL_VISUAL_ZENODO_CANDIDATE_v2_LINE_SEMANTICS/audit/R153_LINE_SEMANTICS_AUDIT.md
fig:r114_one_real_pole_cluster_scale_no_go,main_text,22200,"\includegraphics[width=\textwidth,height=0.64\textheight,keepaspectratio]{figures/r153/line_semantics/one_real_pole_exact_curve_r153.pdf}",figures/r153/line_semantics/one_real_pole_exact_curve_r153.pdf,LaTex/figures/r153/line_semantics/one_real_pole_exact_curve_r153.pdf,5e9f5053c07737479d6af8a4ee124bc0517dc3e7c0b023ff109debd024e41b85,500.565x348.793pt,0.909460,4.813,9.822,"Restricted transport-scale audit under the joint assumptions of one constant real Debye pole, $\tau_{\rm pole}=\tau_{a_M}^{\rm match}=2\pi/H_0$, and ballistic propagation $\ell=v\tau_{\rm pole}$. The resulting $201.96$--$269.28$~Mpc transport scale is compared with the declared $70$--$100$~kpc merger-offset target, exposing a factor $2.02\times10^3$--$3.85\times10^3$ mismatch. This is a conditional Level-A no-go inside those assumptions, not a constraint on multipole, dispersive, non-ballistic, or separately owned causal response kernels. The displayed line is the densely sampled exact analytic relation $\tau_{\rm pole}=2\pi/H_0$; the three crosses are the frozen reference nodes. Colour is redundant with line style, markers, luminance contrast and direct labels. The declared target interval is repeated by its luminance-separated fill and both boundary lines, rather than by a decorative texture. Complementary full-width panels are retained in Appendix~\ref{app:r129_visual_acoustic_cluster_gates}.",LaTex/scripts/figures/make_r114_closure_figures.py,LaTex/provenance/figures/r190/work_preprint/R149_READER_LAYOUT_CANDIDATE_v1/remaining_figure_typography/scripts/build_r149_remaining_typography.py;LaTex/scripts/r153_line_semantics/build_r153_line_semantics_successors.py,6171ed92380b3702e466c7f08565e39c95e162411512f427b1106ebebc4beb45;3a937fdd3c2c9299def90ab474424062669b2bcd3c7c8c009813110bc93572e2,LaTex/data/cosmology_r113/R113_ONE_POLE_CLUSTER_NO_GO_v2.json,d0cbf68192cc26629b9ec92a561b0b999888b6fd5dc518c5648e6cbbbc86fff0,python3 scripts/figures/verify_public_figure_registry.py --root . --registry FIGURE_REGISTRY.csv --json-registry FIGURE_REGISTRY.json --strict-palette --strict-provenance,"scientific arrays, curves, labels, statuses and caveats unchanged","calm Okabe--Ito-derived, luminance-first; marker/line/direct-label redundancy",see owning asset/seed registry; PENDING if not explicitly frozen,R153 line-semantics successor integrated in English TeX; scientific owner/data unchanged,"PASS: colour is redundant with marker, line style, boundary, or direct label",PASS: the line now has an explicit analytic owner,PASS,remaining_figure_typography/MANIFEST_v1.json;LaTex/work/preprint/R149_READER_LAYOUT_CANDIDATE_v1/remaining_figure_typography/R149_REMAINING_FIGURE_TYPOGRAPHY_REPORT_v1.md;LaTex/work/preprint/R153_FINAL_VISUAL_ZENODO_CANDIDATE_v2_LINE_SEMANTICS/audit/R153_LINE_SEMANTICS_AUDIT.md
fig:r123_conditional_universe_timeline,main_text,22528;1674,"\includegraphics[width=\textwidth,height=0.66\textheight,keepaspectratio]{figures/r153/line_semantics/conditional_chronology_nodes_r153.pdf};\includegraphics[width=\textwidth]{../figures/r153/line_semantics/conditional_chronology_nodes_r153.pdf}",figures/r153/line_semantics/conditional_chronology_nodes_r153.pdf,LaTex/figures/r153/line_semantics/conditional_chronology_nodes_r153.pdf,5e626b8aaade246c898e7b1c5c3774c08d8cec57321f0d9808161324c8d69114,509.590x605.929pt,0.765497,5.787,8.420,"\textbf{Conditional chronology of the named two-slope ordered branch.} The main track uses the externally supplied reference dimensional calibration $H_0=67.4\,\mathrm{km\,s^{-1}\,Mpc^{-1}}$, giving $t(z=10)=0.4814276482\,\mathrm{Gyr}$ and $t_0=13.9804960874\,\mathrm{Gyr}$. The two-slope and matched-control histories nearly overlap; their difference is therefore shown separately in kyr. The distinct BC03 clock fit $H_0=68.586\pm3.949\,\mathrm{km\,s^{-1}\,Mpc^{-1}}$ would give a different dimensional reading of the same orbit and is not mixed into this panel. Event ages share one externally supplied reference dimensional calibration and are not independent measurements or universal P1--P6 predictions. Formation-front selection, BBN/recombination microphysics and the physical metric/clock map remain Open. The figure is neither a universal P1--P6 age prediction, a Hubble-tension solution nor a JWST abundance calculation. The residual panel shows nine evaluated event redshifts as unconnected markers; no intermediate residual interpolation is implied.",LaTex/scripts/cosmology/make_r103_corrected_cosmology_figures.py;LaTex/scripts/cosmology/compute_r103_two_slope_conditional_observables.py,LaTex/provenance/figures/r190/work_preprint/R149_READER_LAYOUT_CANDIDATE_v1/remaining_figure_typography/scripts/build_r149_remaining_typography.py;LaTex/scripts/r153_line_semantics/build_r153_line_semantics_successors.py,6171ed92380b3702e466c7f08565e39c95e162411512f427b1106ebebc4beb45;3a937fdd3c2c9299def90ab474424062669b2bcd3c7c8c009813110bc93572e2,LaTex/data/cosmology_r103/R103_TWO_SLOPE_CONDITIONAL_OBSERVABLES_v1.csv,67d87a0dd709d7816a21ec375ab7e1827c1ce367256e536804e1a26e194edff6,python3 scripts/figures/verify_public_figure_registry.py --root . --registry FIGURE_REGISTRY.csv --json-registry FIGURE_REGISTRY.json --strict-palette --strict-provenance,"scientific arrays, curves, labels, statuses and caveats unchanged","calm Okabe--Ito-derived, luminance-first; marker/line/direct-label redundancy",see owning asset/seed registry; PENDING if not explicitly frozen,R153 line-semantics successor integrated in English TeX; scientific owner/data unchanged,"PASS: colour is redundant with marker, line style, boundary, or direct label",PASS: event nodes do not imply an interpolating history,PASS,remaining_figure_typography/MANIFEST_v1.json;LaTex/work/preprint/R149_READER_LAYOUT_CANDIDATE_v1/remaining_figure_typography/R149_REMAINING_FIGURE_TYPOGRAPHY_REPORT_v1.md;LaTex/work/preprint/R153_FINAL_VISUAL_ZENODO_CANDIDATE_v2_LINE_SEMANTICS/audit/R153_LINE_SEMANTICS_AUDIT.md
fig:dimensionality,main_text,22807,\includegraphics[width=0.95\textwidth]{figures/r149/fig_dimensionality_phi_typography_r149.pdf},figures/r149/fig_dimensionality_phi_typography_r149.pdf,LaTex/figures/r149/fig_dimensionality_phi_typography_r149.pdf,67117673b872f86c92e45a21e07d1f13b32df8727b82f23e7f4630abe6afda99,450.000x529.200pt,0.988000,5.879,6.224,"Point-source force-law diagnostic of the HRC-0 response $\mu_{g,0}(x^2)=x/\sqrt{1+x^2}$. The shape is Level-A algebra inside the supplied augmented model; the identity/source bridge is Level-B/Open and this synthetic figure is Level-C. \textbf{(a)}~The three curves differ only by the radial scale $r_*=\sqrt{G_NM/a_M}$ defined by $g_N=a_M$; $r_*$ is not the $x=1$ radius, which is $2^{1/4}r_*$ here. The imposed point-source relation tends from $d_{\rm force}=3$ to $2$ and has $d_{\rm force}(x=1)=7/3$. \textbf{(b)}~The exact point-source collapse $d_{\rm force}(x)=1+2(1+x^2)/(2+x^2)$. Extended mass profiles instead require their local $p_N(r)=-d\ln g_N/d\ln r$ in Eq.~\eqref{eq:dforce_general}; no observed-galaxy markers are inferred.",R149 Main-A dimensionality scientific owner; presentation-only reader-scale successor,LaTex/provenance/figures/r190/work_preprint/R149_READER_LAYOUT_CANDIDATE_v1/borderline_figure_typography/review_main_a/scripts/build_main_a_successors.py,6335c095b4a820235c9b88197b86cabdc6720066279fb42a60256385aed62994,LaTex/scripts/fig6_dimensionality.py,ee578321b0ce0acc605b9a8a3c616c89e9882f811a622961e26f9f5a02365f8e,python3 scripts/figures/verify_public_figure_registry.py --root . --registry FIGURE_REGISTRY.csv --json-registry FIGURE_REGISTRY.json --strict-palette --strict-provenance,presentation-only typography/canvas successor; output_sha256=67117673b872f86c92e45a21e07d1f13b32df8727b82f23e7f4630abe6afda99; scientific payload/status unchanged,ECT calm Okabe--Ito scientific profile; luminance-first with line/marker/text redundancy,see owning asset/seed registry; PENDING if not explicitly frozen,CURRENT ENGLISH PUBLICATION ASSET; exact hash registered; scientific ceiling unchanged,PASS in Main-A review,PASS in Main-A final audit,PASS,LaTex/work/preprint/R149_READER_LAYOUT_CANDIDATE_v1/borderline_figure_typography/review_main_a/manifests/R149_MAIN_A_SUCCESSORS_BUILD_v1.json;LaTex/work/preprint/R149_READER_LAYOUT_CANDIDATE_v1/borderline_figure_typography/review_main_a/R149_MAIN_A_FIGURE_CLOSURE_REPORT_v1.md
fig:regime_diagram,main_text,23284,\includegraphics[width=0.82\textwidth]{figures/r149/fig_regime_diagram_typography_r149.pdf},figures/r149/fig_regime_diagram_typography_r149.pdf,LaTex/figures/r149/fig_regime_diagram_typography_r149.pdf,2f1e817ee5b725600107e74073077b9c109eb3ba8f2f2b9467623683e3e99756,475.208x313.453pt,0.807562,5.370,5.370,"Status diagram for the galactic programme. The vertical axis shows only the two response regimes of the conditional HRC diagnostic. The horizontal scalar-closure axis has no calibrated physical coordinate: neither $u\leftrightarrow\chi$ nor S$\to$G has been derived. The Open gate collects the required finite-body solution, scalar charge, screening trend, PPN test, and galactic source/force normalisation.",R149 Main-A regime scientific owner; presentation-only reader-scale successor,LaTex/provenance/figures/r190/work_preprint/R149_READER_LAYOUT_CANDIDATE_v1/borderline_figure_typography/review_main_a/scripts/build_main_a_successors.py,6335c095b4a820235c9b88197b86cabdc6720066279fb42a60256385aed62994,LaTex/scripts/fig_regime_diagram.py,4520915af51f5f0a7c77691a1701b4fcfa42afe130a1491f09257d4c8a4757e1,python3 scripts/figures/verify_public_figure_registry.py --root . --registry FIGURE_REGISTRY.csv --json-registry FIGURE_REGISTRY.json --strict-palette --strict-provenance,presentation-only typography/canvas successor; output_sha256=2f1e817ee5b725600107e74073077b9c109eb3ba8f2f2b9467623683e3e99756; scientific payload/status unchanged,ECT calm Okabe--Ito scientific profile; luminance-first with line/marker/text redundancy,see owning asset/seed registry; PENDING if not explicitly frozen,CURRENT ENGLISH PUBLICATION ASSET; exact hash registered; scientific ceiling unchanged,PASS in Main-A review,PASS in Main-A final audit,PASS,LaTex/work/preprint/R149_READER_LAYOUT_CANDIDATE_v1/borderline_figure_typography/review_main_a/manifests/R149_MAIN_A_SUCCESSORS_BUILD_v1.json;LaTex/work/preprint/R149_READER_LAYOUT_CANDIDATE_v1/borderline_figure_typography/review_main_a/R149_MAIN_A_FIGURE_CLOSURE_REPORT_v1.md
fig:btfr_new_main,main_text,24440,"\includegraphics[width=\textwidth,height=0.76\textheight,keepaspectratio]{figures/r123/global/panels/fig15_a_btfr_tail_proxy_r123.pdf}",figures/r123/global/panels/fig15_a_btfr_tail_proxy_r123.pdf,LaTex/figures/r123/global/panels/fig15_a_btfr_tail_proxy_r123.pdf,0d37051ba716537989cfe29e8676400b63df219c730ec1b69b9d4b2b84318fb4,544.534x413.083pt,0.859451,8.423,8.423,"HRC-only BTFR diagnostic. This page shows SPARC outer-tail baryonic-mass proxies with the conditional slope-four relations evaluated at the matched scale and the two fixed-$M/L$ median scales. Because the mass proxy comes from the same baryonic decomposition, this is an internal pipeline check rather than an independent catalogue BTFR likelihood. The per-galaxy fitted-scale distributions follow as a separate full-width continuation. Colour is redundant with line style, marker shape, luminance contrast and direct labels; no texture distinguishes the HRC models.",R123 curve-luminance public successor; scientific arrays inherited from the frozen upstream panel owner,LaTex/provenance/figures/r190/work_preprint/R123_VISUAL_READABILITY_AND_RESTORATION_CANDIDATE_v3/components/curve_luminance_readable/build_curve_luminance_readable_v1.py,ae7464996e4bc5b5351b987680326aee2e4e3cf6dce6120a71c3118fa56efe7d,LaTex/data/cosmology_r103/R103_CONDITIONAL_ECT_AGE_MATCHING_RESULTS_v1.json;LaTex/data/cosmology_r103/R103_OFFICIAL_CCCOVARIANCE_SUBSET_RESULT_v1.json;LaTex/data/cosmology_r103/R103_RESTRICTED_ISW_LENSING_PROXY_v1.json;LaTex/data/cosmology_r103/R103_RESTRICTED_LARGE_FLOW_PROXY_v1.json;LaTex/data/cosmology_r103/R103_TWO_SLOPE_BACKGROUND_DENSE_METADATA_v1.json;LaTex/data/cosmology_r103/R103_TWO_SLOPE_BACKGROUND_DENSE_v1.csv;LaTex/data/cosmology_r103/R103_TWO_SLOPE_CALIBRATED_SCAN_v1.json;LaTex/data/cosmology_r103/R103_TWO_SLOPE_CONDITIONAL_OBSERVABLES_v1.csv;LaTex/data/cosmology_r103/R103_TWO_SLOPE_CONDITIONAL_OBSERVABLES_v1.json;LaTex/data/cosmology_r103/R103_TWO_SLOPE_HWG_FROZEN_v1.csv;LaTex/data/cosmology_r113/R113_EARLY_RESPONSE_GROWTH_COLLAPSE_ENVELOPE_v3.csv;LaTex/data/hrc_r97/R97_HRC_PER_GALAXY_FITS.csv;NOT IDENTIFIED FOR REDISTRIBUTION: external input data/hrc_r97/R97_HRC_SOURCE_POINTS.csv is declared in EXTERNAL_INPUTS.json with expected sha256 5f9b884e611e61189a97cc6c8fdb01e430bfc7bf7cef3faf05be2b0d2b8a2e80;LaTex/data/hrc_r97/R97_HRC_UDG_DIAGNOSTIC.csv,e967d42e2013970576c831d05baf9baf54c68c744e9882081298136a29a3bc5a;e1f9969194e94ec1f186d34e236595883e6e48ee9052cdf8dc7a1d88e14e3776;9f3f3205c116cb6f9b52791c7e5295a3145c1a1a0ca1ae35c1e45a565daa8fa7;52046c4583a55129dab61f04ea0068d36f69c51754326990325b0995a1670805;94bc139e3f76701a9f7cee574d20e8d2e7cbed4bf174a8206e3191e6faeff6da;03c9c3e7894e3b0f5b258ba0275abdf76faf80083223fe46f44727c25ebcfe56;58bcb51d1c22823f165dfcd490705825add959e3378a60268be4f44243f834eb;67d87a0dd709d7816a21ec375ab7e1827c1ce367256e536804e1a26e194edff6;7ab8fb98486fbd9a4a80e0c2777f666bc455a26c8f3d9bb0c6d19aa4217f151f;fe7d5c9b4aca42ff7e552e38eef96284efcdc89cdd9066d63b8f5bfe6c4acd8e;8a6fd7818ee0fc0ed5683ec58fa3beeff778e7966590c5ba606442f71e631e35;b1dab351ade1766163e0f330d704d4aa1c68268d128b6079388d4c5b80c628e5;NOT IDENTIFIED FOR REDISTRIBUTION: external input data/hrc_r97/R97_HRC_SOURCE_POINTS.csv is declared in EXTERNAL_INPUTS.json with expected sha256 5f9b884e611e61189a97cc6c8fdb01e430bfc7bf7cef3faf05be2b0d2b8a2e80;4ad8d2021a573a7715dfb7eb2f97e752e9b8eb355373a9cc880b5c8d584a7db5,python3 scripts/figures/verify_public_figure_registry.py --root . --registry FIGURE_REGISTRY.csv --json-registry FIGURE_REGISTRY.json --strict-palette --strict-provenance,"Open: Exact status is owned by the frozen R132 caption and adjacent prose. R127 ceilings remain: PES-R Level B, 47C Open, physical ECT cosmology Open; this registry makes no upgrade.",ECT_R127_TERMINAL_CALM_OKABE_ITO_GRAY_SAFE_OR_EXPLICIT_LEGACY_VARIANT,"[""line style + marker shape + direct labels + luminance-separated curves""]",KEEP after Main-A full-reader audit,PASS in Main-A review,PASS in Main-A final audit,PASS,LaTex/work/preprint/R123_VISUAL_READABILITY_AND_RESTORATION_CANDIDATE_v3/components/curve_luminance_readable/manifests/R123_CURVE_LUMINANCE_READABLE_MANIFEST_v1.json;LaTex/work/preprint/R137_TERMINAL_FIGURE_REGISTRY_EN3_CANDIDATE_v1/frozen/R137_TERMINAL_FIGURE_REGISTRY_EN3_OWNER_v6/outputs/R137_FIGURE_REGISTRY_EN3_CANDIDATE_v1.csv;LaTex/work/preprint/R149_READER_LAYOUT_CANDIDATE_v1/borderline_figure_typography/review_main_a/R149_MAIN_A_FIGURE_CLOSURE_REPORT_v1.md
fig:btfr_new_main__continuation_scale_dispersion,main_text,24454,"\includegraphics[width=\textwidth,height=0.76\textheight,keepaspectratio]{figures/r123/global/panels/fig15_b_scale_dispersion_r123.pdf}",figures/r123/global/panels/fig15_b_scale_dispersion_r123.pdf,LaTex/figures/r123/global/panels/fig15_b_scale_dispersion_r123.pdf,133f55e24103410058565045313c9e1621a73c684068ec584ce53a5fe2f2aa41,512.400x390.000pt,0.913350,8.951,8.951,NOT IDENTIFIABLE,R123 curve-luminance public successor; scientific arrays inherited from the frozen upstream panel owner,LaTex/provenance/figures/r190/work_preprint/R123_VISUAL_READABILITY_AND_RESTORATION_CANDIDATE_v3/components/curve_luminance_readable/build_curve_luminance_readable_v1.py,ae7464996e4bc5b5351b987680326aee2e4e3cf6dce6120a71c3118fa56efe7d,LaTex/data/cosmology_r103/R103_CONDITIONAL_ECT_AGE_MATCHING_RESULTS_v1.json;LaTex/data/cosmology_r103/R103_OFFICIAL_CCCOVARIANCE_SUBSET_RESULT_v1.json;LaTex/data/cosmology_r103/R103_RESTRICTED_ISW_LENSING_PROXY_v1.json;LaTex/data/cosmology_r103/R103_RESTRICTED_LARGE_FLOW_PROXY_v1.json;LaTex/data/cosmology_r103/R103_TWO_SLOPE_BACKGROUND_DENSE_METADATA_v1.json;LaTex/data/cosmology_r103/R103_TWO_SLOPE_BACKGROUND_DENSE_v1.csv;LaTex/data/cosmology_r103/R103_TWO_SLOPE_CALIBRATED_SCAN_v1.json;LaTex/data/cosmology_r103/R103_TWO_SLOPE_CONDITIONAL_OBSERVABLES_v1.csv;LaTex/data/cosmology_r103/R103_TWO_SLOPE_CONDITIONAL_OBSERVABLES_v1.json;LaTex/data/cosmology_r103/R103_TWO_SLOPE_HWG_FROZEN_v1.csv;LaTex/data/cosmology_r113/R113_EARLY_RESPONSE_GROWTH_COLLAPSE_ENVELOPE_v3.csv;LaTex/data/hrc_r97/R97_HRC_PER_GALAXY_FITS.csv;NOT IDENTIFIED FOR REDISTRIBUTION: external input data/hrc_r97/R97_HRC_SOURCE_POINTS.csv is declared in EXTERNAL_INPUTS.json with expected sha256 5f9b884e611e61189a97cc6c8fdb01e430bfc7bf7cef3faf05be2b0d2b8a2e80;LaTex/data/hrc_r97/R97_HRC_UDG_DIAGNOSTIC.csv,e967d42e2013970576c831d05baf9baf54c68c744e9882081298136a29a3bc5a;e1f9969194e94ec1f186d34e236595883e6e48ee9052cdf8dc7a1d88e14e3776;9f3f3205c116cb6f9b52791c7e5295a3145c1a1a0ca1ae35c1e45a565daa8fa7;52046c4583a55129dab61f04ea0068d36f69c51754326990325b0995a1670805;94bc139e3f76701a9f7cee574d20e8d2e7cbed4bf174a8206e3191e6faeff6da;03c9c3e7894e3b0f5b258ba0275abdf76faf80083223fe46f44727c25ebcfe56;58bcb51d1c22823f165dfcd490705825add959e3378a60268be4f44243f834eb;67d87a0dd709d7816a21ec375ab7e1827c1ce367256e536804e1a26e194edff6;7ab8fb98486fbd9a4a80e0c2777f666bc455a26c8f3d9bb0c6d19aa4217f151f;fe7d5c9b4aca42ff7e552e38eef96284efcdc89cdd9066d63b8f5bfe6c4acd8e;8a6fd7818ee0fc0ed5683ec58fa3beeff778e7966590c5ba606442f71e631e35;b1dab351ade1766163e0f330d704d4aa1c68268d128b6079388d4c5b80c628e5;NOT IDENTIFIED FOR REDISTRIBUTION: external input data/hrc_r97/R97_HRC_SOURCE_POINTS.csv is declared in EXTERNAL_INPUTS.json with expected sha256 5f9b884e611e61189a97cc6c8fdb01e430bfc7bf7cef3faf05be2b0d2b8a2e80;4ad8d2021a573a7715dfb7eb2f97e752e9b8eb355373a9cc880b5c8d584a7db5,python3 scripts/figures/verify_public_figure_registry.py --root . --registry FIGURE_REGISTRY.csv --json-registry FIGURE_REGISTRY.json --strict-palette --strict-provenance,"Open: Exact status is owned by the frozen R132 caption and adjacent prose. R127 ceilings remain: PES-R Level B, 47C Open, physical ECT cosmology Open; this registry makes no upgrade.",ECT_R127_TERMINAL_CALM_OKABE_ITO_GRAY_SAFE_OR_EXPLICIT_LEGACY_VARIANT,"[""line style + marker shape + direct labels + luminance-separated curves""]",KEEP after Main-A full-reader audit,PASS in Main-A review,PASS in Main-A final audit,PASS,LaTex/work/preprint/R123_VISUAL_READABILITY_AND_RESTORATION_CANDIDATE_v3/components/curve_luminance_readable/manifests/R123_CURVE_LUMINANCE_READABLE_MANIFEST_v1.json;LaTex/work/preprint/R137_TERMINAL_FIGURE_REGISTRY_EN3_CANDIDATE_v1/frozen/R137_TERMINAL_FIGURE_REGISTRY_EN3_OWNER_v6/outputs/R137_FIGURE_REGISTRY_EN3_CANDIDATE_v1.csv;LaTex/work/preprint/R149_READER_LAYOUT_CANDIDATE_v1/borderline_figure_typography/review_main_a/R149_MAIN_A_FIGURE_CLOSURE_REPORT_v1.md
fig:hrc_scale_analysis_main,main_text,24573,"\includegraphics[width=\textwidth,height=0.68\textheight,keepaspectratio]{figures/r123/global/panels/fig16_c_two_parameter_nuisance_r123.pdf}",figures/r123/global/panels/fig16_c_two_parameter_nuisance_r123.pdf,LaTex/figures/r123/global/panels/fig16_c_two_parameter_nuisance_r123.pdf,ff0c19777a0f77b94ba2c63899ad7880b6c8c3843f23aaeb3958b0fd31187069,512.400x390.000pt,0.913350,8.951,12.787,"HRC-only stellar-$M/L$ sensitivity. The first two panels compare fixed- and free-$M/L$ fitted scales; the third gives the fitted disk mass-to-light distributions. The diagonal and fixed value are shown by dotted black lines. Boundary accumulation near $\Upsilon_{\rm d}=0.1$ or $2.5$, and at the disclosed $a_M/a_{M0}=0.01$ lower bound, is a nuisance-model warning; distribution tails are censored. Complementary full-width panels are retained in Appendix~\ref{app:r129_visual_hrc_rotation}.",R123 curve-luminance public successor; scientific arrays inherited from the frozen upstream panel owner,LaTex/provenance/figures/r190/work_preprint/R123_VISUAL_READABILITY_AND_RESTORATION_CANDIDATE_v3/components/curve_luminance_readable/build_curve_luminance_readable_v1.py,ae7464996e4bc5b5351b987680326aee2e4e3cf6dce6120a71c3118fa56efe7d,LaTex/data/cosmology_r103/R103_CONDITIONAL_ECT_AGE_MATCHING_RESULTS_v1.json;LaTex/data/cosmology_r103/R103_OFFICIAL_CCCOVARIANCE_SUBSET_RESULT_v1.json;LaTex/data/cosmology_r103/R103_RESTRICTED_ISW_LENSING_PROXY_v1.json;LaTex/data/cosmology_r103/R103_RESTRICTED_LARGE_FLOW_PROXY_v1.json;LaTex/data/cosmology_r103/R103_TWO_SLOPE_BACKGROUND_DENSE_METADATA_v1.json;LaTex/data/cosmology_r103/R103_TWO_SLOPE_BACKGROUND_DENSE_v1.csv;LaTex/data/cosmology_r103/R103_TWO_SLOPE_CALIBRATED_SCAN_v1.json;LaTex/data/cosmology_r103/R103_TWO_SLOPE_CONDITIONAL_OBSERVABLES_v1.csv;LaTex/data/cosmology_r103/R103_TWO_SLOPE_CONDITIONAL_OBSERVABLES_v1.json;LaTex/data/cosmology_r103/R103_TWO_SLOPE_HWG_FROZEN_v1.csv;LaTex/data/cosmology_r113/R113_EARLY_RESPONSE_GROWTH_COLLAPSE_ENVELOPE_v3.csv;LaTex/data/hrc_r97/R97_HRC_PER_GALAXY_FITS.csv;NOT IDENTIFIED FOR REDISTRIBUTION: external input data/hrc_r97/R97_HRC_SOURCE_POINTS.csv is declared in EXTERNAL_INPUTS.json with expected sha256 5f9b884e611e61189a97cc6c8fdb01e430bfc7bf7cef3faf05be2b0d2b8a2e80;LaTex/data/hrc_r97/R97_HRC_UDG_DIAGNOSTIC.csv,e967d42e2013970576c831d05baf9baf54c68c744e9882081298136a29a3bc5a;e1f9969194e94ec1f186d34e236595883e6e48ee9052cdf8dc7a1d88e14e3776;9f3f3205c116cb6f9b52791c7e5295a3145c1a1a0ca1ae35c1e45a565daa8fa7;52046c4583a55129dab61f04ea0068d36f69c51754326990325b0995a1670805;94bc139e3f76701a9f7cee574d20e8d2e7cbed4bf174a8206e3191e6faeff6da;03c9c3e7894e3b0f5b258ba0275abdf76faf80083223fe46f44727c25ebcfe56;58bcb51d1c22823f165dfcd490705825add959e3378a60268be4f44243f834eb;67d87a0dd709d7816a21ec375ab7e1827c1ce367256e536804e1a26e194edff6;7ab8fb98486fbd9a4a80e0c2777f666bc455a26c8f3d9bb0c6d19aa4217f151f;fe7d5c9b4aca42ff7e552e38eef96284efcdc89cdd9066d63b8f5bfe6c4acd8e;8a6fd7818ee0fc0ed5683ec58fa3beeff778e7966590c5ba606442f71e631e35;b1dab351ade1766163e0f330d704d4aa1c68268d128b6079388d4c5b80c628e5;NOT IDENTIFIED FOR REDISTRIBUTION: external input data/hrc_r97/R97_HRC_SOURCE_POINTS.csv is declared in EXTERNAL_INPUTS.json with expected sha256 5f9b884e611e61189a97cc6c8fdb01e430bfc7bf7cef3faf05be2b0d2b8a2e80;4ad8d2021a573a7715dfb7eb2f97e752e9b8eb355373a9cc880b5c8d584a7db5,python3 scripts/figures/verify_public_figure_registry.py --root . --registry FIGURE_REGISTRY.csv --json-registry FIGURE_REGISTRY.json --strict-palette --strict-provenance,"Open: Exact status is owned by the frozen R132 caption and adjacent prose. R127 ceilings remain: PES-R Level B, 47C Open, physical ECT cosmology Open; this registry makes no upgrade.",ECT_R127_TERMINAL_CALM_OKABE_ITO_GRAY_SAFE_OR_EXPLICIT_LEGACY_VARIANT,"[""line style + marker shape + direct labels + luminance-separated curves""]",KEEP after Main-A full-reader audit,PASS in Main-A review,PASS in Main-A final audit,PASS,LaTex/work/preprint/R123_VISUAL_READABILITY_AND_RESTORATION_CANDIDATE_v3/components/curve_luminance_readable/manifests/R123_CURVE_LUMINANCE_READABLE_MANIFEST_v1.json;LaTex/work/preprint/R137_TERMINAL_FIGURE_REGISTRY_EN3_CANDIDATE_v1/frozen/R137_TERMINAL_FIGURE_REGISTRY_EN3_OWNER_v6/outputs/R137_FIGURE_REGISTRY_EN3_CANDIDATE_v1.csv;LaTex/work/preprint/R149_READER_LAYOUT_CANDIDATE_v1/borderline_figure_typography/review_main_a/R149_MAIN_A_FIGURE_CLOSURE_REPORT_v1.md
fig:chi2_comparison_main,main_text,24592,"\includegraphics[width=\textwidth,height=0.68\textheight,keepaspectratio]{figures/r123/global/panels/fig17_a_response_laws_r123.pdf}",figures/r123/global/panels/fig17_a_response_laws_r123.pdf,LaTex/figures/r123/global/panels/fig17_a_response_laws_r123.pdf,6c69b76bd4ba6f711397eecd1178b605f0c7862f81f2e84ad3d4a810929ed16b,544.496x396.409pt,0.859511,8.423,8.423,"HRC-only response-law diagnostic. This page compares the exact HRC-0 response in the augmented inverse-DtN/recruitment model with the conditional HRC-3 response. The held-out deep/crossover/Newtonian $\chi^2$-regime census is a separate full-width atlas panel. Colour is redundant with line style, marker shape, border contrast and direct labels, so the figure remains legible in grayscale without decorative hatching.",R123 curve-luminance public successor; scientific arrays inherited from the frozen upstream panel owner,LaTex/provenance/figures/r190/work_preprint/R123_VISUAL_READABILITY_AND_RESTORATION_CANDIDATE_v3/components/curve_luminance_readable/build_curve_luminance_readable_v1.py,ae7464996e4bc5b5351b987680326aee2e4e3cf6dce6120a71c3118fa56efe7d,LaTex/data/cosmology_r103/R103_CONDITIONAL_ECT_AGE_MATCHING_RESULTS_v1.json;LaTex/data/cosmology_r103/R103_OFFICIAL_CCCOVARIANCE_SUBSET_RESULT_v1.json;LaTex/data/cosmology_r103/R103_RESTRICTED_ISW_LENSING_PROXY_v1.json;LaTex/data/cosmology_r103/R103_RESTRICTED_LARGE_FLOW_PROXY_v1.json;LaTex/data/cosmology_r103/R103_TWO_SLOPE_BACKGROUND_DENSE_METADATA_v1.json;LaTex/data/cosmology_r103/R103_TWO_SLOPE_BACKGROUND_DENSE_v1.csv;LaTex/data/cosmology_r103/R103_TWO_SLOPE_CALIBRATED_SCAN_v1.json;LaTex/data/cosmology_r103/R103_TWO_SLOPE_CONDITIONAL_OBSERVABLES_v1.csv;LaTex/data/cosmology_r103/R103_TWO_SLOPE_CONDITIONAL_OBSERVABLES_v1.json;LaTex/data/cosmology_r103/R103_TWO_SLOPE_HWG_FROZEN_v1.csv;LaTex/data/cosmology_r113/R113_EARLY_RESPONSE_GROWTH_COLLAPSE_ENVELOPE_v3.csv;LaTex/data/hrc_r97/R97_HRC_PER_GALAXY_FITS.csv;NOT IDENTIFIED FOR REDISTRIBUTION: external input data/hrc_r97/R97_HRC_SOURCE_POINTS.csv is declared in EXTERNAL_INPUTS.json with expected sha256 5f9b884e611e61189a97cc6c8fdb01e430bfc7bf7cef3faf05be2b0d2b8a2e80;LaTex/data/hrc_r97/R97_HRC_UDG_DIAGNOSTIC.csv,e967d42e2013970576c831d05baf9baf54c68c744e9882081298136a29a3bc5a;e1f9969194e94ec1f186d34e236595883e6e48ee9052cdf8dc7a1d88e14e3776;9f3f3205c116cb6f9b52791c7e5295a3145c1a1a0ca1ae35c1e45a565daa8fa7;52046c4583a55129dab61f04ea0068d36f69c51754326990325b0995a1670805;94bc139e3f76701a9f7cee574d20e8d2e7cbed4bf174a8206e3191e6faeff6da;03c9c3e7894e3b0f5b258ba0275abdf76faf80083223fe46f44727c25ebcfe56;58bcb51d1c22823f165dfcd490705825add959e3378a60268be4f44243f834eb;67d87a0dd709d7816a21ec375ab7e1827c1ce367256e536804e1a26e194edff6;7ab8fb98486fbd9a4a80e0c2777f666bc455a26c8f3d9bb0c6d19aa4217f151f;fe7d5c9b4aca42ff7e552e38eef96284efcdc89cdd9066d63b8f5bfe6c4acd8e;8a6fd7818ee0fc0ed5683ec58fa3beeff778e7966590c5ba606442f71e631e35;b1dab351ade1766163e0f330d704d4aa1c68268d128b6079388d4c5b80c628e5;NOT IDENTIFIED FOR REDISTRIBUTION: external input data/hrc_r97/R97_HRC_SOURCE_POINTS.csv is declared in EXTERNAL_INPUTS.json with expected sha256 5f9b884e611e61189a97cc6c8fdb01e430bfc7bf7cef3faf05be2b0d2b8a2e80;4ad8d2021a573a7715dfb7eb2f97e752e9b8eb355373a9cc880b5c8d584a7db5,python3 scripts/figures/verify_public_figure_registry.py --root . --registry FIGURE_REGISTRY.csv --json-registry FIGURE_REGISTRY.json --strict-palette --strict-provenance,"Open: Exact status is owned by the frozen R132 caption and adjacent prose. R127 ceilings remain: PES-R Level B, 47C Open, physical ECT cosmology Open; this registry makes no upgrade.",ECT_R127_TERMINAL_CALM_OKABE_ITO_GRAY_SAFE_OR_EXPLICIT_LEGACY_VARIANT,"[""line style + marker shape + direct labels + luminance-separated curves""]",KEEP after Main-A full-reader audit,PASS in Main-A review,PASS in Main-A final audit,PASS,LaTex/work/preprint/R123_VISUAL_READABILITY_AND_RESTORATION_CANDIDATE_v3/components/curve_luminance_readable/manifests/R123_CURVE_LUMINANCE_READABLE_MANIFEST_v1.json;LaTex/work/preprint/R137_TERMINAL_FIGURE_REGISTRY_EN3_CANDIDATE_v1/frozen/R137_TERMINAL_FIGURE_REGISTRY_EN3_OWNER_v6/outputs/R137_FIGURE_REGISTRY_EN3_CANDIDATE_v1.csv;LaTex/work/preprint/R149_READER_LAYOUT_CANDIDATE_v1/borderline_figure_typography/review_main_a/R149_MAIN_A_FIGURE_CLOSURE_REPORT_v1.md
fig:sparc_external_model_comparison_r123_a,main_text,24630;2116,"\includegraphics[width=\textwidth,height=0.70\textheight,keepaspectratio]{figures/r154/curve_semantics/main/R154_SPARC_SMOOTH_DISPLAY_A.pdf};\includegraphics[width=\textwidth]{../figures/r154/curve_semantics/main/R154_SPARC_SMOOTH_DISPLAY_A.pdf}",figures/r154/curve_semantics/main/R154_SPARC_SMOOTH_DISPLAY_A.pdf,LaTex/figures/r154/curve_semantics/main/R154_SPARC_SMOOTH_DISPLAY_A.pdf,fba3dd0029f24b4775e1d25661ee1078e4ca5012e57a30b7c655d64c3bf868b6,554.400x496.800pt,0.844156,DEFERRED_PER_INSERTION_COMPILED_PAGE_MEASUREMENT,DEFERRED_PER_INSERTION_COMPILED_PAGE_MEASUREMENT,"Representative SPARC external-model comparison, set~I. DDO154 and IC2574 sample diffuse and low-surface-brightness regimes. Black points are SPARC velocities; directly labelled curves show baryon-only weak-field GR, fixed-scale MOND-standard, HRC-0, conditional HRC-3 and a separately fitted two-parameter NFW halo. HRC-0 and MOND-standard have the same response shape and differ here only through their declared scales. The HRC matching input is $a_M=cH_0/(2\pi)$ at the externally declared $H_0=70\,\mathrm{km\,s^{-1}\,Mpc^{-1}}$; its coefficient and ECT physical owner remain Open. LambdaCDM-motivated free NFW fit; fitted to the displayed rotation curve; not a unique LambdaCDM prediction. Fixed baryonic inputs and boundary-hit flags are printed in the figure. This is a Level-C algebraic diagnostic, not a population model-selection result. The full comparison atlas in Appendix~\ref{app:r129_visual_hrc_rotation} applies the same externally guarded comparison to held-out, stratified-gallery and post-hoc stress examples.",presentation-only typography successor; source arrays/topology frozen by package science guards; R154 curve-semantics renderer,LaTex/provenance/figures/r190/active_predecessor_scripts/r154/build_r154_smooth_rotation_successors.py,f30b3f347f4d3d24fe80acdd5b51f0dd9e8de81fe7b1d49de741bb83ec0ef04c,LaTex/provenance/figures/r190/work_preprint/R154_SMOOTH_CURVE_SEMANTICS_CANDIDATE_v1/publication_build/LaTex/data/figures_r154/rotation/R154_SMOOTH_CURVE_SEMANTICS_QA_v1.json;LaTex/provenance/figures/r190/work_preprint/R154_SMOOTH_CURVE_SEMANTICS_CANDIDATE_v1/publication_build/LaTex/data/figures_r154/scientific_audit/R154_FULL_SCIENTIFIC_SERIES_AUDIT_v1.csv;LaTex/provenance/figures/r190/work_preprint/R154_SMOOTH_CURVE_SEMANTICS_CANDIDATE_v1/publication_build/LaTex/data/figures_r154/scientific_audit/R154_78_FIGURE_SCIENTIFIC_AUDIT_v1.json;LaTex/provenance/figures/r190/work_preprint/R154_SMOOTH_CURVE_SEMANTICS_CANDIDATE_v1/publication_build/LaTex/data/figures_r154/scientific_audit/R154_FULL_SCIENTIFIC_AUDIT_CHECKS_v1.json,cd6528160ed4ed7e5f20d09185e6d93f4e484b8c6c8341a5da19e8fda80c9993;fbac9bd76dd72fe75c309472fb173969ea79ec2060fa379751036dfb6538d279;d8fa63bd5055f090e5dad865bfb1eadcd95d371fe654b876f193bea5032ce574;0d1a1f472604a559b6a3712e12c9901ed29ff10822ebf3d46d48b0dc09a69987,python3 scripts/figures/verify_public_figure_registry.py --root . --registry FIGURE_REGISTRY.csv --json-registry FIGURE_REGISTRY.json --strict-palette --strict-provenance,"scientific arrays/topology/status unchanged by owning package; R154 display-only successor; numerical source ordinates, fits and scientific metrics unchanged",ECT_R127_TERMINAL_CALM_OKABE_ITO_GRAY_SAFE_OR_EXPLICIT_LEGACY_VARIANT,"[""direct labels + borders/geometry + luminance separation; colour is never the sole status channel""]",CURRENT ENGLISH PUBLICATION ASSET; exact output hash preserved; scientific owner and Level A/B/C/Open ceiling unchanged,PASS_STANDALONE_R190: human RGB/grayscale/protanopia/deuteranopia/tritanopia contact-sheet review; no colour-only status channel observed; owning-page context separate,"PASS_STANDALONE_CONTACT_SHEET_R190: human review found no visible clipping, direct-label loss or status-semantic change; high-resolution owning-page review separate",PENDING: per-insertion compiled-page context and registry/manifest synchronization,R149_PAGES_001_416_REPAIR_PACKAGE_MANIFEST_v1.json;LaTex/work/preprint/R137_TERMINAL_FIGURE_REGISTRY_EN3_CANDIDATE_v1/frozen/R137_TERMINAL_FIGURE_REGISTRY_EN3_OWNER_v6/outputs/R137_FIGURE_REGISTRY_EN3_CANDIDATE_v1.csv;LaTex/work/preprint/R149_READER_LAYOUT_CANDIDATE_v1/figure_typography_successors/R149_PAGES_001_416_REPAIR_PACKAGE_REPORT_v1.md;LaTex/provenance/figures/r190/work_preprint/R154_SMOOTH_CURVE_SEMANTICS_CANDIDATE_v1/publication_build/LaTex/data/figures_r154/rotation/R154_SMOOTH_CURVE_SEMANTICS_QA_v1.json;LaTex/provenance/figures/r190/work_preprint/R154_SMOOTH_CURVE_SEMANTICS_CANDIDATE_v1/publication_build/LaTex/data/figures_r154/scientific_audit/R154_FULL_SCIENTIFIC_SERIES_AUDIT_v1.csv;LaTex/provenance/figures/r190/work_preprint/R154_SMOOTH_CURVE_SEMANTICS_CANDIDATE_v1/publication_build/LaTex/data/figures_r154/scientific_audit/R154_78_FIGURE_SCIENTIFIC_AUDIT_v1.json;LaTex/provenance/figures/r190/work_preprint/R154_SMOOTH_CURVE_SEMANTICS_CANDIDATE_v1/publication_build/LaTex/data/figures_r154/scientific_audit/R154_FULL_SCIENTIFIC_AUDIT_CHECKS_v1.json
fig:sparc_external_model_comparison_r123_b,main_text,24650;2136,"\includegraphics[width=\textwidth,height=0.70\textheight,keepaspectratio]{figures/r154/curve_semantics/main/R154_SPARC_SMOOTH_DISPLAY_B.pdf};\includegraphics[width=\textwidth]{../figures/r154/curve_semantics/main/R154_SPARC_SMOOTH_DISPLAY_B.pdf}",figures/r154/curve_semantics/main/R154_SPARC_SMOOTH_DISPLAY_B.pdf,LaTex/figures/r154/curve_semantics/main/R154_SPARC_SMOOTH_DISPLAY_B.pdf,60e38f260e397a382778e8e9971efbb73585c02552a71e5bdef958ad67729b62,554.400x496.800pt,0.844156,DEFERRED_PER_INSERTION_COMPILED_PAGE_MEASUREMENT,DEFERRED_PER_INSERTION_COMPILED_PAGE_MEASUREMENT,"Representative SPARC external-model comparison, set~II. F568-3 and NGC3198 provide low-surface-brightness and extended benchmark cases. Black points and directly labelled curves use the same fixed baryonic inputs as set~I: baryon-only weak-field GR, MOND-standard, HRC-0, conditional HRC-3 and a separately fitted two-parameter NFW halo. The HRC matching input is $a_M=cH_0/(2\pi)$ at the externally declared $H_0=70\,\mathrm{km\,s^{-1}\,Mpc^{-1}}$; its coefficient and ECT physical owner remain Open. Printed $V_{200}$ and $c_{200}$ are fitted separately. LambdaCDM-motivated free NFW fit; fitted to the displayed rotation curve; not a unique LambdaCDM prediction. The residual patterns expose where the fixed-scale HRC/MOND curves or fitted halo are stressed. This is a Level-C six-example diagnostic, not survey-level model selection.",presentation-only typography successor; source arrays/topology frozen by package science guards; R154 curve-semantics renderer,LaTex/provenance/figures/r190/active_predecessor_scripts/r154/build_r154_smooth_rotation_successors.py,f30b3f347f4d3d24fe80acdd5b51f0dd9e8de81fe7b1d49de741bb83ec0ef04c,LaTex/provenance/figures/r190/work_preprint/R154_SMOOTH_CURVE_SEMANTICS_CANDIDATE_v1/publication_build/LaTex/data/figures_r154/rotation/R154_SMOOTH_CURVE_SEMANTICS_QA_v1.json;LaTex/provenance/figures/r190/work_preprint/R154_SMOOTH_CURVE_SEMANTICS_CANDIDATE_v1/publication_build/LaTex/data/figures_r154/scientific_audit/R154_FULL_SCIENTIFIC_SERIES_AUDIT_v1.csv;LaTex/provenance/figures/r190/work_preprint/R154_SMOOTH_CURVE_SEMANTICS_CANDIDATE_v1/publication_build/LaTex/data/figures_r154/scientific_audit/R154_78_FIGURE_SCIENTIFIC_AUDIT_v1.json;LaTex/provenance/figures/r190/work_preprint/R154_SMOOTH_CURVE_SEMANTICS_CANDIDATE_v1/publication_build/LaTex/data/figures_r154/scientific_audit/R154_FULL_SCIENTIFIC_AUDIT_CHECKS_v1.json,cd6528160ed4ed7e5f20d09185e6d93f4e484b8c6c8341a5da19e8fda80c9993;fbac9bd76dd72fe75c309472fb173969ea79ec2060fa379751036dfb6538d279;d8fa63bd5055f090e5dad865bfb1eadcd95d371fe654b876f193bea5032ce574;0d1a1f472604a559b6a3712e12c9901ed29ff10822ebf3d46d48b0dc09a69987,python3 scripts/figures/verify_public_figure_registry.py --root . --registry FIGURE_REGISTRY.csv --json-registry FIGURE_REGISTRY.json --strict-palette --strict-provenance,"scientific arrays/topology/status unchanged by owning package; R154 display-only successor; numerical source ordinates, fits and scientific metrics unchanged",ECT_R127_TERMINAL_CALM_OKABE_ITO_GRAY_SAFE_OR_EXPLICIT_LEGACY_VARIANT,"[""direct labels + borders/geometry + luminance separation; colour is never the sole status channel""]",CURRENT ENGLISH PUBLICATION ASSET; exact output hash preserved; scientific owner and Level A/B/C/Open ceiling unchanged,PASS_STANDALONE_R190: human RGB/grayscale/protanopia/deuteranopia/tritanopia contact-sheet review; no colour-only status channel observed; owning-page context separate,"PASS_STANDALONE_CONTACT_SHEET_R190: human review found no visible clipping, direct-label loss or status-semantic change; high-resolution owning-page review separate",PENDING: per-insertion compiled-page context and registry/manifest synchronization,R149_PAGES_001_416_REPAIR_PACKAGE_MANIFEST_v1.json;LaTex/work/preprint/R137_TERMINAL_FIGURE_REGISTRY_EN3_CANDIDATE_v1/frozen/R137_TERMINAL_FIGURE_REGISTRY_EN3_OWNER_v6/outputs/R137_FIGURE_REGISTRY_EN3_CANDIDATE_v1.csv;LaTex/work/preprint/R149_READER_LAYOUT_CANDIDATE_v1/figure_typography_successors/R149_PAGES_001_416_REPAIR_PACKAGE_REPORT_v1.md;LaTex/provenance/figures/r190/work_preprint/R154_SMOOTH_CURVE_SEMANTICS_CANDIDATE_v1/publication_build/LaTex/data/figures_r154/rotation/R154_SMOOTH_CURVE_SEMANTICS_QA_v1.json;LaTex/provenance/figures/r190/work_preprint/R154_SMOOTH_CURVE_SEMANTICS_CANDIDATE_v1/publication_build/LaTex/data/figures_r154/scientific_audit/R154_FULL_SCIENTIFIC_SERIES_AUDIT_v1.csv;LaTex/provenance/figures/r190/work_preprint/R154_SMOOTH_CURVE_SEMANTICS_CANDIDATE_v1/publication_build/LaTex/data/figures_r154/scientific_audit/R154_78_FIGURE_SCIENTIFIC_AUDIT_v1.json;LaTex/provenance/figures/r190/work_preprint/R154_SMOOTH_CURVE_SEMANTICS_CANDIDATE_v1/publication_build/LaTex/data/figures_r154/scientific_audit/R154_FULL_SCIENTIFIC_AUDIT_CHECKS_v1.json
fig:sparc_external_model_comparison_r123_c,main_text,24666;2151,"\includegraphics[width=\textwidth,height=0.70\textheight,keepaspectratio]{figures/r154/curve_semantics/main/R154_SPARC_SMOOTH_DISPLAY_C.pdf};\includegraphics[width=\textwidth]{../figures/r154/curve_semantics/main/R154_SPARC_SMOOTH_DISPLAY_C.pdf}",figures/r154/curve_semantics/main/R154_SPARC_SMOOTH_DISPLAY_C.pdf,LaTex/figures/r154/curve_semantics/main/R154_SPARC_SMOOTH_DISPLAY_C.pdf,8beabe50e472cb1ab5527baa336cb9577fea92c5e065e9eb1192229afeefe14c,554.400x496.800pt,0.844156,DEFERRED_PER_INSERTION_COMPILED_PAGE_MEASUREMENT,DEFERRED_PER_INSERTION_COMPILED_PAGE_MEASUREMENT,"Representative SPARC external-model comparison, set~III. NGC2903 and NGC7814 provide high-surface-brightness and bulge-dominated cases. Black points and directly labelled curves use the same fixed baryonic inputs as sets~I--II: baryon-only weak-field GR, MOND-standard, HRC-0, conditional HRC-3 and a separately fitted two-parameter NFW halo. The HRC matching input is $a_M=cH_0/(2\pi)$ at the externally declared $H_0=70\,\mathrm{km\,s^{-1}\,Mpc^{-1}}$; its coefficient and ECT physical owner remain Open. The printed $V_{200}$ and $c_{200}$ are fitted separately. The NFW curve is a $\Lambda$CDM-motivated free fit to the displayed rotation curve, not a unique $\Lambda$CDM prediction. This is a Level-C six-example diagnostic, not survey-level model selection.",presentation-only typography successor; source arrays/topology frozen by package science guards; R154 curve-semantics renderer,LaTex/provenance/figures/r190/active_predecessor_scripts/r154/build_r154_smooth_rotation_successors.py,f30b3f347f4d3d24fe80acdd5b51f0dd9e8de81fe7b1d49de741bb83ec0ef04c,LaTex/provenance/figures/r190/work_preprint/R154_SMOOTH_CURVE_SEMANTICS_CANDIDATE_v1/publication_build/LaTex/data/figures_r154/rotation/R154_SMOOTH_CURVE_SEMANTICS_QA_v1.json;LaTex/provenance/figures/r190/work_preprint/R154_SMOOTH_CURVE_SEMANTICS_CANDIDATE_v1/publication_build/LaTex/data/figures_r154/scientific_audit/R154_FULL_SCIENTIFIC_SERIES_AUDIT_v1.csv;LaTex/provenance/figures/r190/work_preprint/R154_SMOOTH_CURVE_SEMANTICS_CANDIDATE_v1/publication_build/LaTex/data/figures_r154/scientific_audit/R154_78_FIGURE_SCIENTIFIC_AUDIT_v1.json;LaTex/provenance/figures/r190/work_preprint/R154_SMOOTH_CURVE_SEMANTICS_CANDIDATE_v1/publication_build/LaTex/data/figures_r154/scientific_audit/R154_FULL_SCIENTIFIC_AUDIT_CHECKS_v1.json,cd6528160ed4ed7e5f20d09185e6d93f4e484b8c6c8341a5da19e8fda80c9993;fbac9bd76dd72fe75c309472fb173969ea79ec2060fa379751036dfb6538d279;d8fa63bd5055f090e5dad865bfb1eadcd95d371fe654b876f193bea5032ce574;0d1a1f472604a559b6a3712e12c9901ed29ff10822ebf3d46d48b0dc09a69987,python3 scripts/figures/verify_public_figure_registry.py --root . --registry FIGURE_REGISTRY.csv --json-registry FIGURE_REGISTRY.json --strict-palette --strict-provenance,"scientific arrays/topology/status unchanged by owning package; R154 display-only successor; numerical source ordinates, fits and scientific metrics unchanged",ECT_R127_TERMINAL_CALM_OKABE_ITO_GRAY_SAFE_OR_EXPLICIT_LEGACY_VARIANT,"[""direct labels + borders/geometry + luminance separation; colour is never the sole status channel""]",CURRENT ENGLISH PUBLICATION ASSET; exact output hash preserved; scientific owner and Level A/B/C/Open ceiling unchanged,PASS_STANDALONE_R190: human RGB/grayscale/protanopia/deuteranopia/tritanopia contact-sheet review; no colour-only status channel observed; owning-page context separate,"PASS_STANDALONE_CONTACT_SHEET_R190: human review found no visible clipping, direct-label loss or status-semantic change; high-resolution owning-page review separate",PENDING: per-insertion compiled-page context and registry/manifest synchronization,R149_PAGES_001_416_REPAIR_PACKAGE_MANIFEST_v1.json;LaTex/work/preprint/R137_TERMINAL_FIGURE_REGISTRY_EN3_CANDIDATE_v1/frozen/R137_TERMINAL_FIGURE_REGISTRY_EN3_OWNER_v6/outputs/R137_FIGURE_REGISTRY_EN3_CANDIDATE_v1.csv;LaTex/work/preprint/R149_READER_LAYOUT_CANDIDATE_v1/figure_typography_successors/R149_PAGES_001_416_REPAIR_PACKAGE_REPORT_v1.md;LaTex/provenance/figures/r190/work_preprint/R154_SMOOTH_CURVE_SEMANTICS_CANDIDATE_v1/publication_build/LaTex/data/figures_r154/rotation/R154_SMOOTH_CURVE_SEMANTICS_QA_v1.json;LaTex/provenance/figures/r190/work_preprint/R154_SMOOTH_CURVE_SEMANTICS_CANDIDATE_v1/publication_build/LaTex/data/figures_r154/scientific_audit/R154_FULL_SCIENTIFIC_SERIES_AUDIT_v1.csv;LaTex/provenance/figures/r190/work_preprint/R154_SMOOTH_CURVE_SEMANTICS_CANDIDATE_v1/publication_build/LaTex/data/figures_r154/scientific_audit/R154_78_FIGURE_SCIENTIFIC_AUDIT_v1.json;LaTex/provenance/figures/r190/work_preprint/R154_SMOOTH_CURVE_SEMANTICS_CANDIDATE_v1/publication_build/LaTex/data/figures_r154/scientific_audit/R154_FULL_SCIENTIFIC_AUDIT_CHECKS_v1.json
fig:rar_new_main,main_text,24756;2271,\includegraphics[width=\linewidth]{figures/r149/R97_HRC_RAR_DIAGNOSTIC_typography_r149.pdf};\includegraphics[width=\textwidth]{../figures/r149/R97_HRC_RAR_DIAGNOSTIC_typography_r149.pdf},figures/r149/R97_HRC_RAR_DIAGNOSTIC_typography_r149.pdf,LaTex/figures/r149/R97_HRC_RAR_DIAGNOSTIC_typography_r149.pdf,9f76477dbc62a6bc2c23e35eeb6457a8c6f53a24122cb2d393cb6d07abf5e0aa,485.244x398.223pt,0.964463,8.439,9.114,"HRC-only RAR diagnostic. Grey points are the 3343 SPARC entries; the HRC curves use the mean held-out fitted scales of the frozen algebraic pipeline. The plot is a Level-C diagnostic and does not include the disk curl field, covariance or hierarchical nuisance model. Colour is redundant with line style.",LaTex/scripts/hrc/make_r97_hrc_only_figures.py,LaTex/provenance/figures/r190/work_preprint/R149_READER_LAYOUT_CANDIDATE_v1/remaining_figure_typography/scripts/build_r149_remaining_typography.py,6171ed92380b3702e466c7f08565e39c95e162411512f427b1106ebebc4beb45,NOT IDENTIFIED FOR REDISTRIBUTION: external input data/hrc_r97/R97_HRC_SOURCE_POINTS.csv is declared in EXTERNAL_INPUTS.json with expected sha256 5f9b884e611e61189a97cc6c8fdb01e430bfc7bf7cef3faf05be2b0d2b8a2e80;LaTex/data/hrc_r97/R97_HRC_SOURCE_SCALE_SUMMARY.json,NOT IDENTIFIED FOR REDISTRIBUTION: external input data/hrc_r97/R97_HRC_SOURCE_POINTS.csv is declared in EXTERNAL_INPUTS.json with expected sha256 5f9b884e611e61189a97cc6c8fdb01e430bfc7bf7cef3faf05be2b0d2b8a2e80;1e514fdd72c96e8e0561f179d1671135e45d6538c4165832e590be9b1e6af3ec,python3 scripts/figures/verify_public_figure_registry.py --root . --registry FIGURE_REGISTRY.csv --json-registry FIGURE_REGISTRY.json --strict-palette --strict-provenance,"scientific arrays, curves, labels, statuses and caveats unchanged",Okabe--Ito plus line-style and marker redundancy,"[""line style + marker shape + direct labels + luminance-separated curves""]",REPLACE successor integrated and hash-bound,PASS: owning package grayscale and CVD evidence,PASS: owning package human/bounds audit at intended insertion scale,PASS,remaining_figure_typography/MANIFEST_v1.json;LaTex/work/preprint/R137_TERMINAL_FIGURE_REGISTRY_EN3_CANDIDATE_v1/frozen/R137_TERMINAL_FIGURE_REGISTRY_EN3_OWNER_v6/outputs/R137_FIGURE_REGISTRY_EN3_CANDIDATE_v1.csv;LaTex/work/preprint/R149_READER_LAYOUT_CANDIDATE_v1/remaining_figure_typography/R149_REMAINING_FIGURE_TYPOGRAPHY_REPORT_v1.md
fig:udg_regime_diagram,main_text,24827;2296,\includegraphics[width=\linewidth]{figures/r149/R97_HRC_UDG_STRESS_typography_r149.pdf};\includegraphics[width=\textwidth]{../figures/r149/R97_HRC_UDG_STRESS_typography_r149.pdf},figures/r149/R97_HRC_UDG_STRESS_typography_r149.pdf,LaTex/figures/r149/R97_HRC_UDG_STRESS_typography_r149.pdf,6fe0dd1ad88932cecbfbefd754813242af3ec7e1054be445a986ba335fbae2a0,495.696x389.891pt,0.944127,8.922,8.922,"HRC-only inverse-scale UDG stress test. The two DF2 points are the low- and high-dispersion endpoints; the cross marks a central proxy outside the positive-enhancement domain. The matched-scale line is not an environment fit. HRC-0 and HRC-3 nearly coincide for the largest $\mathcal R_{\rm dyn}$, while they differ appreciably near the crossover.",LaTex/scripts/hrc/compute_r97_hrc_udg.py,LaTex/provenance/figures/r190/work_preprint/R149_READER_LAYOUT_CANDIDATE_v1/remaining_figure_typography/scripts/build_r149_remaining_typography.py,6171ed92380b3702e466c7f08565e39c95e162411512f427b1106ebebc4beb45,LaTex/data/hrc_r97/R97_HRC_UDG_DIAGNOSTIC.csv,4ad8d2021a573a7715dfb7eb2f97e752e9b8eb355373a9cc880b5c8d584a7db5,python3 scripts/figures/verify_public_figure_registry.py --root . --registry FIGURE_REGISTRY.csv --json-registry FIGURE_REGISTRY.json --strict-palette --strict-provenance,"scientific arrays, curves, labels, statuses and caveats unchanged",Okabe--Ito plus line-style and marker redundancy,"[""line style + marker shape + direct labels + luminance-separated curves""]",REPLACE successor integrated and hash-bound,PASS: owning package grayscale and CVD evidence,PASS: owning package human/bounds audit at intended insertion scale,PASS,remaining_figure_typography/MANIFEST_v1.json;LaTex/work/preprint/R137_TERMINAL_FIGURE_REGISTRY_EN3_CANDIDATE_v1/frozen/R137_TERMINAL_FIGURE_REGISTRY_EN3_OWNER_v6/outputs/R137_FIGURE_REGISTRY_EN3_CANDIDATE_v1.csv;LaTex/work/preprint/R149_READER_LAYOUT_CANDIDATE_v1/remaining_figure_typography/R149_REMAINING_FIGURE_TYPOGRAPHY_REPORT_v1.md
fig:partII_derivation_logic,status_dependency_map,25462;2454,]{figures/r185/logic_maps/partII_status_dependency.pdf};]{../figures/r185/logic_maps/partII_status_dependency.pdf},figures/r185/logic_maps/partII_status_dependency.pdf,LaTex/figures/r185/logic_maps/partII_status_dependency.pdf,3983ce06257c22a4e2fa73720d2230a331bfb349fb2bd191c6b3472f88f2eac3,595.000x842.000pt,1.000000,7.300,9.668,Selected Part II status and dependency map,"R185 lifecycle-neutral render of the frozen predecessor; scientific nodes, edges, topology and A/B/C/Open/MISSING ceilings inherited unchanged",LaTex/provenance/figures/r190/research_derivations/R185_GLOBAL_MANUSCRIPT_ATTESTATION_v1/tools/build_r185_lifecycle_neutral_logic_maps_v1.py,65482ca72afc039611e21908431e21d638d3f9f73ad2476f08459dd118bcd266,LaTex/provenance/figures/r190/research_derivations/R177_RECOVERY_FROM_LIVE_2acbebba_v1/figures/partII_successor/source/fig24_partII_semantic_successor_r177.gv;LaTex/provenance/figures/r190/research_derivations/R177_RECOVERY_FROM_LIVE_2acbebba_v1/figures/partII_successor/SEMANTIC_TOPOLOGY_DELTA_R177.json;LaTex/provenance/figures/r190/research_derivations/R177_RECOVERY_FROM_LIVE_2acbebba_v1/figures/terminal_units_successors/semantic_keys/partII/partII_v4_terminal_units_semantic_owner.json;LaTex/provenance/figures/r190/research_derivations/R177_RECOVERY_FROM_LIVE_2acbebba_v1/figures/terminal_units_successors/semantic_keys/partII/partII_v4_terminal_units_node_key.csv;LaTex/provenance/figures/r190/research_derivations/R177_RECOVERY_FROM_LIVE_2acbebba_v1/figures/partII_successor/candidate_r177_v4/AUTOMATED_QA.json;LaTex/provenance/figures/r190/research_derivations/R177_RECOVERY_FROM_LIVE_2acbebba_v1/figures/partII_successor/PACKAGE_REPORT_R177_v4.md;LaTex/provenance/figures/r190/research_derivations/R185_GLOBAL_MANUSCRIPT_ATTESTATION_v1/figure_governance/R185_LOGIC_MAP_MANIFEST_V1.json;LaTex/provenance/figures/r190/research_derivations/R185_GLOBAL_MANUSCRIPT_ATTESTATION_v1/figure_governance/R185_LOGIC_MAP_RUNTIME_V1.json,a21756dda12db4d06a163145e1fe540539c0e34b5f0bed5ae6ecfc52a314dbc0;2baefce85520d7951b5b9b076b786975c0f035f04df01c31d145d4cbff496962;6f493897b30cfb5ca23283f8ece0d27fba1ed4535d0620404fb5910cdda121dc;47d6be4054e2c08b36954f875eac32a1d8bfa0fead21dc134368baab99284bb7;b2d9c51fd3320c981dc0c1a3a2b26638124a5d4a6a403dfde67b093cce7ab133;0a8022ac88ca841583e8467b7fd0b9b06aa1941b3a838235b9f9f84c8d7031f6;1c7cff3bc021b0ff491bd164196c18df174cf1e0260609ab601865a39e3fab38;250075c7da4d31ade368763e35e4fa3e99717dd6fc815b35f0f9dddc58d02888,python3 scripts/figures/verify_public_figure_registry.py --root . --registry FIGURE_REGISTRY.csv --json-registry FIGURE_REGISTRY.json --strict-palette --strict-provenance,V15 selected status/dependency map; inherited graph content retains its explicit A/B/C/Open/MISSING labels,calm Okabe-Ito-derived status schematic / Graphviz; near-black visible edges,literal status code + fill luminance + border style + solid/dashed/dotted edge style,CURRENT ENGLISH PUBLICATION ASSET; exact output hash preserved; scientific owner and Level A/B/C/Open ceiling unchanged,"PASS: RGB, grayscale, protanopia, deuteranopia and tritanopia previews generated; literal status/border/edge redundancy retained","PASS standalone contact-sheet review: no clipping, label loss or status-semantic change observed","Owning-page compile/context, exact TeX path apply, Git and publication remain separate gates",LaTex/provenance/figures/r190/research_derivations/R185_GLOBAL_MANUSCRIPT_ATTESTATION_v1/figure_governance/R185_LOGIC_MAP_MANIFEST_V1.json sha256=1c7cff3bc021b0ff491bd164196c18df174cf1e0260609ab601865a39e3fab38; outside declared lifecycle bands pixel-identical at 144 dpi; deterministic replay required; predecessor asset preserved
fig:qs_vacuum_unified,main_text,31654,\includegraphics[width=\textwidth]{figures/r123/fig_qs_vacuum_unified_r123.pdf},figures/r123/fig_qs_vacuum_unified_r123.pdf,LaTex/figures/r123/fig_qs_vacuum_unified_r123.pdf,a15f696182b0b6e442fed6edaa0d022e14f8456c61170f45e0dc79fbf8aa3c48,446.400x428.400pt,1.048387,10.169,10.169,"Open common-response programme for the quantum sector. Boundary, time-dependent, observer and strong-field responses remain four external targets. The shared gold fill marks the Open-status class. All links are dashed because no common physical ECT bundle, state, continuation and coupling owning all four responses has been derived; analogue-gravity continuity is motivation only.",R123 inherited component R123_v1_frozen_base; role=r123_candidate_only_active_owner,LaTex/scripts/render_fig_ect_vs_qm.py;LaTex/provenance/figures/r190/work_preprint/R123_VISUAL_READABILITY_AND_RESTORATION_CANDIDATE_v1/components/global_visual_remediation/p1_panel_work/scripts/build_r123_p1_panel_relayout.py;LaTex/provenance/figures/r190/work_preprint/R123_VISUAL_READABILITY_AND_RESTORATION_CANDIDATE_v1/components/global_visual_remediation/scripts/build_r123_recolored_singletons.py;LaTex/provenance/figures/r190/work_preprint/R123_VISUAL_READABILITY_AND_RESTORATION_CANDIDATE_v1/components/global_visual_remediation/scripts/build_r123_remaining_monochrome.py;LaTex/provenance/figures/r190/work_preprint/R123_VISUAL_READABILITY_AND_RESTORATION_CANDIDATE_v2/components/targeted_readability_assets/build_targeted_readability_assets.py;LaTex/figures/source/svg/fig_ect_vs_qm.svg;LaTex/scripts/fig3_condensate_scales.py;LaTex/scripts/fig_two_level_ontology.gv;LaTex/provenance/figures/r190/work_preprint/R123_VISUAL_READABILITY_AND_RESTORATION_CANDIDATE_v1/scripts/r123_palette.py,134e3eebddb61a9e898a858d0851f81ab66c33ef1da8772c2fde98ff4c706b8e;8f6f4da993d8fafd94ddf887c8ddf94f718b880a8a2c71e1edb1f0b0dbcb9ba4;1d9c364e9bff51adcd7696d6bc37ecba4946380b8b4b1f213d291aa52c91fda1;9b2185e6ee748c8b0e1e59e27223c59fa3ff21fb9d157126ea51840b04f9e9c2;516d2e969c14c3da083dc325212e722a90e7ccf52f60c5f23cd773b91dc7e5ff;e4022a89abdffe53e829e36c9ec9c9effb4d9e195e0b3d50ccb35a981d7a4f64;70e8fa9bc79fd455a549c6523b72299a18dbd33dc36937a1e994f23b0165b76b;a4b4d57260f299814ef62234a4359d89e002997cd589dfa347193b5afcd681a2;5ac5336db41e8b444d048019983e2be0db16a59f6793aa0d32762ede8dbc4bdd,LaTex/figures/source/svg/fig_ect_vs_qm.svg,e4022a89abdffe53e829e36c9ec9c9effb4d9e195e0b3d50ccb35a981d7a4f64,python3 scripts/figures/verify_public_figure_registry.py --root . --registry FIGURE_REGISTRY.csv --json-registry FIGURE_REGISTRY.json --strict-palette --strict-provenance,inherited publication asset; no status upgrade; current publication asset,ECT_R127_TERMINAL_CALM_OKABE_ITO_GRAY_SAFE_OR_EXPLICIT_LEGACY_VARIANT,"[""direct labels + borders/geometry + luminance separation; colour is never the sole status channel""]",KEEP after Main-A full-reader audit,PASS in Main-A review,PASS in Main-A final audit,PASS,LaTex/work/preprint/R123_VISUAL_READABILITY_AND_RESTORATION_CANDIDATE_v2/manifests/R123_VISUAL_READABILITY_INSTALL_MAP_v2.json;LaTex/work/preprint/R137_TERMINAL_FIGURE_REGISTRY_EN3_CANDIDATE_v1/frozen/R137_TERMINAL_FIGURE_REGISTRY_EN3_OWNER_v6/outputs/R137_FIGURE_REGISTRY_EN3_CANDIDATE_v1.csv;LaTex/work/preprint/R149_READER_LAYOUT_CANDIDATE_v1/borderline_figure_typography/review_main_a/R149_MAIN_A_FIGURE_CLOSURE_REPORT_v1.md
fig:gamma_crossover,main_text,33322,\includegraphics[width=\textwidth]{figures/r153/fig_coherence_regimes_r153.pdf},figures/r153/fig_coherence_regimes_r153.pdf,LaTex/figures/r153/fig_coherence_regimes_r153.pdf,26babb03079ae916dcac64500cf3a45c859d141d7b1fda004221449fc0ed7cbf,450.000x334.800pt,1.040000,3.924,8.008,"Protocol-dependent coherence retention in the declared pure-dephasing closure. The solid blue curve is \(V_{ab}/V_0=\exp(-\Phi_{ab})\). The three directly labelled bands show the asymptotic readings \(\Phi_{ab}\ll1\) (coherent/high visibility), \(\Phi_{ab}\sim1\) (continuous crossover), and \(\Phi_{ab}\gg1\) (strongly dephased/low visibility). The guide edges at \(10^{-1}\) and \(3\) organise the picture only; they are not physical thresholds. The open black markers retain the imported source-model visibility proxies and the vertical lines retain the declared toy/model markers. Nothing in this figure defines a universal quantum--classical boundary, collapse or outcome selection, or an ECT-specific transition scale without the missing channel/state/kernel owners.","Historical scientific content owner: R149 coherence closure/source-model display. R153 owner: presentation-only canvas and band-layout successor. OWNER CLOSURE NOT CLAIMED: independent R153 replay, CVD and human page review remain pending.",LaTex/provenance/figures/r190/work_preprint/R153_FINAL_VISUAL_ZENODO_CANDIDATE_v1/publication/LaTex/scripts/r153_figures/build_coherence_regimes_r153.py,ea6cbcafd71b3841ec4d6fa1a1c2c62004bf5c2353078c612c590a90b972acbc,LaTex/provenance/figures/r190/work_preprint/R149_READER_LAYOUT_CANDIDATE_v1/coherence/build_coherence_regimes_r149.py,8e7397f396f5a56ede25cad4d070acd3de11eee6295a8e7959d29d06c714e3cf,python3 scripts/figures/verify_public_figure_registry.py --root . --registry FIGURE_REGISTRY.csv --json-registry FIGURE_REGISTRY.json --strict-palette --strict-provenance,"presentation-only R153 successor; declared pure-dephasing closure, plotting guides, imported proxies and scientific status are not upgraded",R153 calm Okabe--Ito-derived coherence profile; luminance-first,literal regime labels + solid/dashed/dash-dot borders + direct curve/marker labels; colour is not the sole channel,CURRENT ENGLISH PUBLICATION ASSET; exact hash registered; scientific ceiling unchanged,"PASS: R153_FULL_VISUAL_QA_v1 automated standalone asset QA; cvd_preview_generation=PASS for original/grayscale/protanopia/deuteranopia/tritanopia nonblank, dimension-preserving previews. Preview existence is a review aid, not semantic-accessibility proof.","PASS: R153_FULL_DOCUMENT_READER_FLOW_AUDIT_v1.md final Build-B page-context inspection of every R153 visual change; report Status=PASS. The audit states that it changed no scientific claims, numbers, data or statuses.","PENDING: deterministic generator replay plus separate artifact-freeze, repository and release/Zenodo gates. Build-B document/page-context PASS does not authorize commit, push, tag, upload or DOI.","R153 asset hash and raw PDF geometry/text metrics are measured by this updater; historical R149 scientific origin is cited without asserting new scientific closure.; R153_FULL_VISUAL_QA_v1.json/.md: automated standalone visual QA PASS (hash-bound in candidate JSON); R153_FULL_DOCUMENT_READER_FLOW_AUDIT_v1.md: Build-B human reader-flow/page-context PASS (hash-bound in candidate JSON), without scientific or release closure."
fig:two_level_ontology,main_text,33646,\includegraphics[width=\textwidth]{figures/r155/fig_two_level_ontology_r155.pdf},figures/r155/fig_two_level_ontology_r155.pdf,LaTex/figures/r155/fig_two_level_ontology_r155.pdf,cd20fb03bc53d3c4aa6d7f08a22d25ad12618c1293edbcc4938c80d63496e6d0,452.160x610.560pt,1.034,DEFERRED_COMPILED_PAGE_MEASUREMENT,DEFERRED_COMPILED_PAGE_MEASUREMENT,Status-guarded full/reduced-description map. The declared split can produce conditional coherence-retaining or record-forming reduced channels; the gravity-mediator and unique-outcome branches remain Open. The red node is the explicit no-go guard that a pairwise record exponent alone causes no universal metric-signature or ontology transition. Solid/dashed edges and literal status words carry the logic independently of colour.,"Historical R123 status-map owner; R155 presentation-only edge-routing successor. No node, edge, status, or claim upgrade.",LaTex/provenance/figures/r190/work_preprint/R155_TARGETED_FIGURE_ROUTING_AND_PLACEMENT_CANDIDATE_v1/scripts/build_r155_targeted_assets.py,fb87f5b17f55163c2d0f133e6a61086dcb5a7908b32ceb3facae69086c169a1e,LaTex/figures/source/svg/fig_ect_vs_qm.svg,e4022a89abdffe53e829e36c9ec9c9effb4d9e195e0b3d50ccb35a981d7a4f64,python3 scripts/figures/verify_public_figure_registry.py --root . --registry FIGURE_REGISTRY.csv --json-registry FIGURE_REGISTRY.json --strict-palette --strict-provenance,"presentation-only R155 successor; scientific arrays, statuses, node sets and semantic edge sets are unchanged",calm luminance-first shared palette; literal status and line/border styles remain redundant with colour,"[""literal status text + border style + solid/dashed/dash-dot near-black edges + geometry""]",CURRENT ENGLISH PUBLICATION ASSET; exact hash registered; scientific ceiling unchanged,PASS_STANDALONE_R190: human RGB/grayscale/protanopia/deuteranopia/tritanopia contact-sheet review; no colour-only status channel observed; owning-page context separate,"PASS_STANDALONE_CONTACT_SHEET_R190: human review found no visible clipping, direct-label loss or status-semantic change; high-resolution owning-page review separate",PENDING: owning-page compiled context and registry/manifest synchronization,LaTex/work/preprint/R123_VISUAL_READABILITY_AND_RESTORATION_CANDIDATE_v2/manifests/R123_VISUAL_READABILITY_INSTALL_MAP_v2.json; LaTex/work/preprint/R137_TERMINAL_FIGURE_REGISTRY_EN3_CANDIDATE_v1/frozen/R137_TERMINAL_FIGURE_REGISTRY_EN3_OWNER_v6/outputs/R137_FIGURE_REGISTRY_EN3_CANDIDATE_v1.csv; LaTex/work/preprint/R149_READER_LAYOUT_CANDIDATE_v1/borderline_figure_typography/review_main_a/R149_MAIN_A_FIGURE_CLOSURE_REPORT_v1.md; R155_TARGETED_FIGURE_ROUTING_AND_PLACEMENT_CANDIDATE_v1
fig:pes_diagram,main_text,33815,\includegraphics[width=\textwidth]{figures/r155/fig_pes_diagram_r155.pdf},figures/r155/fig_pes_diagram_r155.pdf,LaTex/figures/r155/fig_pes_diagram_r155.pdf,f61b3a8a5e1c7195241c0c3ab4e7927e322bb9a6cf1a037f1caa2b9cd6acf850,407.322x357.804pt,1.149,DEFERRED_COMPILED_PAGE_MEASUREMENT,DEFERRED_COMPILED_PAGE_MEASUREMENT,"Response--persistence formulation of PES-R. A candidate must be dynamically admissible and receive a pairwise record classification for a named state, channel and protocol. Persistence is tested by a criterion appropriate to the spectral object: width/survival for an isolated pole, transient gain or finite-time singular values for non-normal dynamics, finite-window retention for a branch cut, and leakage, diffusion or a gap for a zero mode. Boundary, charge, representation and optional topology remain sector-specific constraints. PES-R is a Level-B organising taxonomy, not a spectrum, Born, Crooks or unique-outcome theorem; its ECT record operator, state and response/noise kernels remain Open.",Historical R123/R127 PES-R taxonomy owner; R155 presentation-only persistence-edge routing successor. Node and edge topology unchanged.,LaTex/provenance/figures/r190/work_preprint/R155_TARGETED_FIGURE_ROUTING_AND_PLACEMENT_CANDIDATE_v1/scripts/build_r155_targeted_assets.py,fb87f5b17f55163c2d0f133e6a61086dcb5a7908b32ceb3facae69086c169a1e,NOT APPLICABLE: no separate data object in this schematic owner,NOT APPLICABLE: no separate data object in this schematic owner,python3 scripts/figures/verify_public_figure_registry.py --root . --registry FIGURE_REGISTRY.csv --json-registry FIGURE_REGISTRY.json --strict-palette --strict-provenance,"presentation-only R155 successor; scientific arrays, statuses, node sets and semantic edge sets are unchanged",calm luminance-first shared palette; literal status and line/border styles remain redundant with colour,"[""literal status text + border style + solid/dashed/dash-dot near-black edges + geometry""]",CURRENT ENGLISH PUBLICATION ASSET; exact hash registered; scientific ceiling unchanged,PASS_STANDALONE_R190: human RGB/grayscale/protanopia/deuteranopia/tritanopia contact-sheet review; no colour-only status channel observed; owning-page context separate,"PASS_STANDALONE_CONTACT_SHEET_R190: human review found no visible clipping, direct-label loss or status-semantic change; high-resolution owning-page review separate",PENDING: owning-page compiled context and registry/manifest synchronization,LaTex/work/preprint/R123_VISUAL_READABILITY_AND_RESTORATION_CANDIDATE_v2/manifests/R123_VISUAL_READABILITY_INSTALL_MAP_v2.json; LaTex/work/preprint/R137_TERMINAL_FIGURE_REGISTRY_EN3_CANDIDATE_v1/frozen/R137_TERMINAL_FIGURE_REGISTRY_EN3_OWNER_v6/outputs/R137_FIGURE_REGISTRY_EN3_CANDIDATE_v1.csv; LaTex/work/preprint/R149_READER_LAYOUT_CANDIDATE_v1/borderline_figure_typography/review_main_a/R149_MAIN_A_FIGURE_CLOSURE_REPORT_v1.md; R155_TARGETED_FIGURE_ROUTING_AND_PLACEMENT_CANDIDATE_v1
fig:qubit_info_decoherence,main_text,34878;2937,\includegraphics[width=0.90\textwidth]{figures/r155/fig_qubit_info_decoherence_r155.pdf};\includegraphics[width=0.90\textwidth]{../figures/r155/fig_qubit_info_decoherence_r155.pdf},figures/r155/fig_qubit_info_decoherence_r155.pdf,LaTex/figures/r155/fig_qubit_info_decoherence_r155.pdf,c97e1378cf5e0c3f17dd353627b45592f3bee12fb99fe92d8386670b38f9cc9f,470.157x297.632pt,0.896,DEFERRED_PER_INSERTION_COMPILED_PAGE_MEASUREMENT,DEFERRED_PER_INSERTION_COMPILED_PAGE_MEASUREMENT,Pure-dilation qubit toy with blue solid mutual-information and green dashed residual-coherence curves; vertical proxy markers are not collapse or outcome boundaries.,Historical pure-dilation toy owner plus R154 curve-semantics audit; R155 presentation-only legend/annotation successor.,LaTex/provenance/figures/r190/work_preprint/R155_TARGETED_FIGURE_ROUTING_AND_PLACEMENT_CANDIDATE_v1/scripts/build_r155_targeted_assets.py,fb87f5b17f55163c2d0f133e6a61086dcb5a7908b32ceb3facae69086c169a1e,LaTex/provenance/figures/r190/work_preprint/R154_SMOOTH_CURVE_SEMANTICS_CANDIDATE_v1/publication_build/audits/R154_CURVE_SEMANTICS/R154_NONROTATION_ASSET_MAP_v1.json;LaTex/provenance/figures/r190/work_preprint/R154_SMOOTH_CURVE_SEMANTICS_CANDIDATE_v1/publication_build/LaTex/data/figures_r154/scientific_audit/R154_FULL_SCIENTIFIC_SERIES_AUDIT_v1.csv;LaTex/provenance/figures/r190/work_preprint/R154_SMOOTH_CURVE_SEMANTICS_CANDIDATE_v1/publication_build/LaTex/data/figures_r154/scientific_audit/R154_78_FIGURE_SCIENTIFIC_AUDIT_v1.json;LaTex/provenance/figures/r190/work_preprint/R154_SMOOTH_CURVE_SEMANTICS_CANDIDATE_v1/publication_build/LaTex/data/figures_r154/scientific_audit/R154_FULL_SCIENTIFIC_AUDIT_CHECKS_v1.json,7cd12e00e74972fea0a048327dd3eceff0b1ca44d030c061a17bd8dbc355f97d;fbac9bd76dd72fe75c309472fb173969ea79ec2060fa379751036dfb6538d279;d8fa63bd5055f090e5dad865bfb1eadcd95d371fe654b876f193bea5032ce574;0d1a1f472604a559b6a3712e12c9901ed29ff10822ebf3d46d48b0dc09a69987,python3 scripts/figures/verify_public_figure_registry.py --root . --registry FIGURE_REGISTRY.csv --json-registry FIGURE_REGISTRY.json --strict-palette --strict-provenance,"presentation-only R155 successor; scientific arrays, statuses, node sets and semantic edge sets are unchanged",calm luminance-first shared palette; literal status and line/border styles remain redundant with colour,"[""direct labels + borders/geometry + luminance separation; colour is never the sole status channel""]",CURRENT ENGLISH PUBLICATION ASSET; exact hash registered; scientific ceiling unchanged,PASS_STANDALONE_R190: human RGB/grayscale/protanopia/deuteranopia/tritanopia contact-sheet review; no colour-only status channel observed; owning-page context separate,"PASS_STANDALONE_CONTACT_SHEET_R190: human review found no visible clipping, direct-label loss or status-semantic change; high-resolution owning-page review separate",PENDING: per-insertion compiled-page context and registry/manifest synchronization,remaining_figure_typography/MANIFEST_v1.json; LaTex/work/preprint/R137_TERMINAL_FIGURE_REGISTRY_EN3_CANDIDATE_v1/frozen/R137_TERMINAL_FIGURE_REGISTRY_EN3_OWNER_v6/outputs/R137_FIGURE_REGISTRY_EN3_CANDIDATE_v1.csv; LaTex/work/preprint/R149_READER_LAYOUT_CANDIDATE_v1/borderline_figure_typography/review_atlas/R149_ROWS_28_53_EXACT_VERDICTS_v1.csv; LaTex/work/preprint/R149_READER_LAYOUT_CANDIDATE_v1/borderline_figure_typography/review_atlas/R149_ROWS_28_53_FINAL_AUDIT_REPORT_v1.md; LaTex/work/preprint/R149_READER_LAYOUT_CANDIDATE_v1/remaining_figure_typography/R149_REMAINING_FIGURE_TYPOGRAPHY_REPORT_v1.md; LaTex/provenance/figures/r190/work_preprint/R154_SMOOTH_CURVE_SEMANTICS_CANDIDATE_v1/publication_build/audits/R154_CURVE_SEMANTICS/R154_NONROTATION_ASSET_MAP_v1.json; LaTex/provenance/figures/r190/work_preprint/R154_SMOOTH_CURVE_SEMANTICS_CANDIDATE_v1/publication_build/LaTex/data/figures_r154/scientific_audit/R154_FULL_SCIENTIFIC_SERIES_AUDIT_v1.csv; LaTex/provenance/figures/r190/work_preprint/R154_SMOOTH_CURVE_SEMANTICS_CANDIDATE_v1/publication_build/LaTex/data/figures_r154/scientific_audit/R154_78_FIGURE_SCIENTIFIC_AUDIT_v1.json; LaTex/provenance/figures/r190/work_preprint/R154_SMOOTH_CURVE_SEMANTICS_CANDIDATE_v1/publication_build/LaTex/data/figures_r154/scientific_audit/R154_FULL_SCIENTIFIC_AUDIT_CHECKS_v1.json; R155_TARGETED_FIGURE_ROUTING_AND_PLACEMENT_CANDIDATE_v1
fig:mediator_channels_terminal_47C,main_text,36683;3158,\includegraphics[width=\textwidth]{figures/r149/r149_mediator_channels_summary_47C.pdf};\includegraphics[width=\textwidth]{../figures/r149/r149_mediator_channels_summary_47C.pdf},figures/r149/r149_mediator_channels_summary_47C.pdf,LaTex/figures/r149/r149_mediator_channels_summary_47C.pdf,64c38890d702522fbf4388e64608793e5eef8623d066ea634a3f1309b3c49588,468.000x417.600pt,1.000000,8.900,8.900,"Reader-facing necessary-screen summary of the terminal 47C audit. Seven reader-facing families aggregate the detailed ten-row ledger; the graphic does not replace that ledger. None of the tested rows supplies all necessary ingredients: an action and declared resolved/unresolved split, constrained and canonically normalised physical modes, a physical vertex/projector, a state with retarded and noise kernels, and a finite pairwise record functional. Passing this screen would be necessary, not by itself sufficient, for a physical PES channel. The minimal director composite is incompatible with a universal Di\'osi--Penrose owner only in the tested vacuum/thermal channels; the general case remains \texttt{NOT IDENTIFIABLE}. Reusing an integrated radial mode is \texttt{DOUBLE-COUNTED} only unless a new Wilsonian split, subtraction and counterterm ledger are proved. Static HRC compliance is a response rather than a PES noise kernel; imported Di\'osi--Penrose numbers remain external Level-C benchmarks. Status colour is redundant with luminance-separated fill, border/arrow style and explicit terminal text; no hatch pattern encodes status. The following native table is the authoritative ten-row candidate/subcase ledger.",R190 publication-neutral presentation successor; scientific payload inherited from the frozen R149/R181 owners,LaTex/scripts/figures/build_public_status_schematics.py,f1cfd387fd1d3ae646e7a81be441586fce47c1a86b46c78188aa18349a50495b,LaTex/data/verification/R190_PUBLIC_STATUS_SCHEMATICS_v1.json,6fbbc3ef5cc8135a58b38dc71c66b2ca0d45f6d9643932a4e5b712bdfab7e446,SOURCE_DATE_EPOCH=1785628800 python3 scripts/figures/build_public_status_schematics.py; python3 scripts/figures/verify_public_figure_registry.py --root . --registry FIGURE_REGISTRY.csv --json-registry FIGURE_REGISTRY.json --strict-palette --strict-provenance,PES-R is a Level-B calculational organisation; physical/global PES is Open; the frozen 47C gate search closed no tested record channel. Layout/type only; no scientific change.,ECT calm Okabe--Ito scientific/status profile; luminance-first with line/marker/text redundancy,see owning asset/seed registry; PENDING if not explicitly frozen,CURRENT ENGLISH PUBLICATION ASSET; lifecycle-neutral visible title; exact hash registered; scientific ceiling unchanged,"PASS R190: status remains redundant with literal text, luminance, border and line style; title-only successor",PASS R190: standalone full-resolution and compiled owning-page review,PASS,R190_PUBLIC_STATUS_SCHEMATICS_v1; frozen R149/R181 scientific and layout sources retained; lifecycle title/metadata only
fig:qs_bh_shell,main_text,37537;3217,\includegraphics[width=0.92\textwidth]{figures/r155/fig_bh_shell_r155.pdf};\includegraphics[width=0.84\textwidth]{../figures/r155/fig_bh_shell_r155.pdf},figures/r155/fig_bh_shell_r155.pdf,LaTex/figures/r155/fig_bh_shell_r155.pdf,b60d52d422786228fb0bfd980fb67ef6aa28d298c20d8708eb4701e756bd9893,367.414x279.778pt,1.172,DEFERRED_PER_INSERTION_COMPILED_PAGE_MEASUREMENT,DEFERRED_PER_INSERTION_COMPILED_PAGE_MEASUREMENT,Level-C/Open schematic of a hypothetical near-horizon response layer. The supplied coherent/topological-mode ansatz feeds the shell; shell and interior factors feed a conditional trace whose output is the reduced exterior state. The factor split and all physical shell owners remain Open.,"Historical R123 Level-C/Open shell owner; R155 presentation-only semantic-dataflow clarification. No shell action, factorisation, coupling, state, or dynamics owner is newly identified.",LaTex/provenance/figures/r190/work_preprint/R155_TARGETED_FIGURE_ROUTING_AND_PLACEMENT_CANDIDATE_v1/scripts/build_r155_targeted_assets.py,fb87f5b17f55163c2d0f133e6a61086dcb5a7908b32ceb3facae69086c169a1e,NONE IDENTIFIED: no independent R153 numerical/data input claimed,NONE IDENTIFIED: no independent R153 numerical/data input claimed,python3 scripts/figures/verify_public_figure_registry.py --root . --registry FIGURE_REGISTRY.csv --json-registry FIGURE_REGISTRY.json --strict-palette --strict-provenance,scientific claim and Level-C/Open status unchanged; bookkeeping relation encoding clarified as two non-dynamical factor leaders plus one trace-operation output arrow; no physical owner added,calm luminance-first shared palette; literal status and line/border styles remain redundant with colour,literal Level/Open tags + luminance + solid/dash-dot/dotted/dashed borders + solid/dashed dependency arrows,CURRENT ENGLISH PUBLICATION ASSET; exact hash registered; scientific ceiling unchanged,PASS_STANDALONE_R190: human RGB/grayscale/protanopia/deuteranopia/tritanopia contact-sheet review; no colour-only status channel observed; owning-page context separate,"PASS_STANDALONE_CONTACT_SHEET_R190: human review found no visible clipping, direct-label loss or status-semantic change; high-resolution owning-page review separate",PENDING: per-insertion compiled-page context and registry/manifest synchronization,"No separate numerical input is claimed. The R153 script is a presentation-only renderer and the historical R123 status owner remains explicit.; R153_FULL_VISUAL_QA_v1.json/.md: automated standalone visual QA PASS (hash-bound in candidate JSON); R153_FULL_DOCUMENT_READER_FLOW_AUDIT_v1.md: Build-B human reader-flow/page-context PASS (hash-bound in candidate JSON), without scientific or release closure.; R155_TARGETED_FIGURE_ROUTING_AND_PLACEMENT_CANDIDATE_v1"
fig:bh_information,main_text,38323,"\includegraphics[width=\textwidth,height=0.58\textheight,keepaspectratio]{figures/r123/global/panels/fig35_b_page_curve_benchmark_r123.pdf}",figures/r123/global/panels/fig35_b_page_curve_benchmark_r123.pdf,LaTex/figures/r123/global/panels/fig35_b_page_curve_benchmark_r123.pdf,6f2e6be6e7fd791d3cf751cc418f003c8efc1ea3480809b1f0b00c665a747f72,535.680x398.880pt,0.873656,7.583,10.833,"Imported semiclassical coarse-grained entropy benchmark and ECT status guard. This page shows only the Page-curve benchmark. The Open region is not a predicted curve: the physical Hilbert-space split, evaporation channel, state and Hamiltonian required for an ECT fine-grained entropy history remain Open. The Tolman near-horizon and Hawking-temperature benchmarks are retained as separate full-width atlas panels; ECT presently identifies no shell depth, critical surface or information-return law.",R123 inherited component clipping_remediation_v2; role=fresh_owner_no_crop_panel,LaTex/provenance/figures/r190/work_preprint/R127_VISUAL_COSMOLOGY_PES_COMPLETION_CANDIDATE_v1/components/native_font_rerender_v1/build_r127_native_font_rerender.py;LaTex/provenance/figures/r190/work_preprint/R123_VISUAL_READABILITY_AND_RESTORATION_CANDIDATE_v1/components/clipping_remediation_v2/build_clipping_remediation_v2.py;LaTex/scripts/fig_bh_information.py,8d456d3a610e4df2558912f17d05d8c4c3e1763a6b8aa33e0a660fb41eff444c;cd7373cb547a7cca508efcfdfe3114ebd250ed1dbd99ddba8b28f142fdc29c0a;7563a09f920b6d75af2daf4e5e0fcb8866d20b6e95cd12c792df0ad0a02c56e8,LaTex/provenance/figures/r190/work_preprint/R127_VISUAL_COSMOLOGY_PES_COMPLETION_CANDIDATE_v1/components/font_readability_remediation_v1/assets/r123__global__panels__fig35_b_page_curve_benchmark_r123__reader_scale_r127.pdf,dee1ff285efbf269e3cbc6cb0a27cf0a1175e09a8698fcc83a4d42135ac5827b,python3 scripts/figures/verify_public_figure_registry.py --root . --registry FIGURE_REGISTRY.csv --json-registry FIGURE_REGISTRY.json --strict-palette --strict-provenance,inherited publication asset; no status upgrade; current publication asset,ECT_R127_TERMINAL_CALM_OKABE_ITO_GRAY_SAFE_OR_EXPLICIT_LEGACY_VARIANT,"[""line style + marker shape + direct labels + luminance-separated curves""]",KEEP with SINGLE geometry; integrated,PASS in atlas exact-page owner/accessibility audit,PASS: p10=10.486110931893638 pt,PASS,LaTex/work/preprint/R123_VISUAL_READABILITY_AND_RESTORATION_CANDIDATE_v2/manifests/R123_VISUAL_READABILITY_INSTALL_MAP_v2.json;LaTex/work/preprint/R137_TERMINAL_FIGURE_REGISTRY_EN3_CANDIDATE_v1/frozen/R137_TERMINAL_FIGURE_REGISTRY_EN3_OWNER_v6/outputs/R137_FIGURE_REGISTRY_EN3_CANDIDATE_v1.csv;LaTex/work/preprint/R149_READER_LAYOUT_CANDIDATE_v1/borderline_figure_typography/review_main_b/R149_MAIN_B_FINAL_AUDIT_REPORT_v1.md;LaTex/work/preprint/R149_READER_LAYOUT_CANDIDATE_v1/borderline_figure_typography/review_atlas/R149_ROWS_28_53_EXACT_VERDICTS_v1.csv;LaTex/work/preprint/R149_READER_LAYOUT_CANDIDATE_v1/borderline_figure_typography/review_atlas/R149_ROWS_28_53_FINAL_AUDIT_REPORT_v1.md
fig:qs_consistency,status_dependency_map,39424;3671,]{figures/r185/logic_maps/partIII_status_dependency.pdf};]{../figures/r185/logic_maps/partIII_status_dependency.pdf},figures/r185/logic_maps/partIII_status_dependency.pdf,LaTex/figures/r185/logic_maps/partIII_status_dependency.pdf,ee04f2a9da8d1bbb656d2bf206fecea495bb6912b2b02d01ee3e50ab462970eb,595.000x842.000pt,1.000000,7.624,7.624,Selected Part III status and dependency map,"R185 lifecycle-neutral render of the frozen predecessor; scientific nodes, edges, topology and A/B/C/Open/MISSING ceilings inherited unchanged",LaTex/provenance/figures/r190/research_derivations/R185_GLOBAL_MANUSCRIPT_ATTESTATION_v1/tools/build_r185_lifecycle_neutral_logic_maps_v1.py,65482ca72afc039611e21908431e21d638d3f9f73ad2476f08459dd118bcd266,LaTex/provenance/figures/r190/research_derivations/R177_RECOVERY_FROM_LIVE_2acbebba_v1/figures/remaining_map_successors/semantic_keys/partIII_full_key_r177.json;LaTex/provenance/figures/r190/research_derivations/R177_RECOVERY_FROM_LIVE_2acbebba_v1/figures/remaining_map_successors/qa/partIII_AUTOMATED_QA.json;LaTex/provenance/figures/r190/research_derivations/R177_RECOVERY_FROM_LIVE_2acbebba_v1/figures/remaining_map_successors/VISUAL_REVIEW.md;LaTex/provenance/figures/r190/research_derivations/R177_RECOVERY_FROM_LIVE_2acbebba_v1/figures/remaining_map_successors/REPLAY_CHECK.json;LaTex/provenance/figures/r190/research_derivations/R185_GLOBAL_MANUSCRIPT_ATTESTATION_v1/figure_governance/R185_LOGIC_MAP_MANIFEST_V1.json;LaTex/provenance/figures/r190/research_derivations/R185_GLOBAL_MANUSCRIPT_ATTESTATION_v1/figure_governance/R185_LOGIC_MAP_RUNTIME_V1.json,60ff1adfc199442db55089bb9111970bb5f642f114d28445928e98e3c3a039ed;3cccf5d66c27c20663eb7d487224ea685b1fc4e31ee3d19d1f9ffb8bed491ee4;eb6b3e40ec6fe9cb10fc1dbc4ed0c06bdc335b66639f3262603df7a1bbecd3fc;54852194c28b3c3ea1119fc96c453a73c66ff1e52387f335a37f5ee45c89faf4;1c7cff3bc021b0ff491bd164196c18df174cf1e0260609ab601865a39e3fab38;250075c7da4d31ade368763e35e4fa3e99717dd6fc815b35f0f9dddc58d02888,python3 scripts/figures/verify_public_figure_registry.py --root . --registry FIGURE_REGISTRY.csv --json-registry FIGURE_REGISTRY.json --strict-palette --strict-provenance,V15 selected status/dependency map; inherited graph content retains its explicit A/B/C/Open/MISSING labels,calm status schematic; near-black visible edges; status-aware Okabe-Ito-derived fills,literal status + fill luminance + border style + solid/dashed/dotted edge style,CURRENT ENGLISH PUBLICATION ASSET; exact output hash preserved; scientific owner and Level A/B/C/Open ceiling unchanged,"PASS: RGB, grayscale, protanopia, deuteranopia and tritanopia previews generated; literal status/border/edge redundancy retained","PASS standalone contact-sheet review: no clipping, label loss or status-semantic change observed","Owning-page compile/context, exact TeX path apply, Git and publication remain separate gates",LaTex/provenance/figures/r190/research_derivations/R185_GLOBAL_MANUSCRIPT_ATTESTATION_v1/figure_governance/R185_LOGIC_MAP_MANIFEST_V1.json sha256=1c7cff3bc021b0ff491bd164196c18df174cf1e0260609ab601865a39e3fab38; outside declared lifecycle bands pixel-identical at 144 dpi; deterministic replay required; predecessor asset preserved
fig:equation_hierarchy,main_text,39929,\includegraphics[width=0.95\textwidth]{figures/r177/global/fig_equation_hierarchy_r177.pdf},figures/r177/global/fig_equation_hierarchy_r177.pdf,LaTex/figures/r177/global/fig_equation_hierarchy_r177.pdf,87eb59061ed63115b328436a06f2c6354298feb6c009c378cf9a97449d50f328,518.400x676.800pt,0.950000,DEFERRED_COMPILED_PAGE_MEASUREMENT,DEFERRED_COMPILED_PAGE_MEASUREMENT,"Preservation-first equation hierarchy with distinct P3 radial, P4 datum, scalar-EFT and quantum-calibration owners. Dashed arrows are conditional dependencies and not status upgrades.",R190 publication-neutral presentation successor; scientific payload inherited from the frozen R149/R181 owners,LaTex/scripts/figures/build_public_status_schematics.py,f1cfd387fd1d3ae646e7a81be441586fce47c1a86b46c78188aa18349a50495b,LaTex/data/verification/R190_PUBLIC_STATUS_SCHEMATICS_v1.json,6fbbc3ef5cc8135a58b38dc71c66b2ca0d45f6d9643932a4e5b712bdfab7e446,SOURCE_DATE_EPOCH=1785628800 python3 scripts/figures/build_public_status_schematics.py; python3 scripts/figures/verify_public_figure_registry.py --root . --registry FIGURE_REGISTRY.csv --json-registry FIGURE_REGISTRY.json --strict-palette --strict-provenance,P3 curvature A-math inside supplied P3; P4 datum conditional; scalar EFT B conditional; physical P4 pole and quantum closure Open,luminance-separated status boxes with literal owner text,box labels + border colours + dashed-arrow semantics,CURRENT ENGLISH PUBLICATION ASSET; lifecycle-neutral visible title; exact hash registered; scientific ceiling unchanged,"PASS R190: status remains redundant with literal text, luminance, border and line style; title-only successor",PASS R190: standalone full-resolution and compiled owning-page review,PASS,R190_PUBLIC_STATUS_SCHEMATICS_v1; frozen R149/R181 scientific and layout sources retained; lifecycle title/metadata only
fig:partIV_derivation_logic,status_dependency_map,42791;4099,]{figures/r185/logic_maps/partIV_status_dependency.pdf};]{../figures/r185/logic_maps/partIV_status_dependency.pdf},figures/r185/logic_maps/partIV_status_dependency.pdf,LaTex/figures/r185/logic_maps/partIV_status_dependency.pdf,ccec69821be3f5c16eeee19c4804db3bf4ab581d699e0909ef6a1b359759a0be,595.000x842.000pt,1.000000,7.232,7.232,Selected Part IV status and dependency map,"R185 lifecycle-neutral render of the frozen predecessor; scientific nodes, edges, topology and A/B/C/Open/MISSING ceilings inherited unchanged",LaTex/provenance/figures/r190/research_derivations/R185_GLOBAL_MANUSCRIPT_ATTESTATION_v1/tools/build_r185_lifecycle_neutral_logic_maps_v1.py,65482ca72afc039611e21908431e21d638d3f9f73ad2476f08459dd118bcd266,LaTex/provenance/figures/r190/research_derivations/R177_RECOVERY_FROM_LIVE_2acbebba_v1/figures/remaining_map_successors/semantic_keys/partIV_full_key_r177.json;LaTex/provenance/figures/r190/research_derivations/R177_RECOVERY_FROM_LIVE_2acbebba_v1/figures/remaining_map_successors/qa/partIV_AUTOMATED_QA.json;LaTex/provenance/figures/r190/research_derivations/R177_RECOVERY_FROM_LIVE_2acbebba_v1/figures/remaining_map_successors/VISUAL_REVIEW.md;LaTex/provenance/figures/r190/research_derivations/R177_RECOVERY_FROM_LIVE_2acbebba_v1/figures/remaining_map_successors/REPLAY_CHECK.json;LaTex/provenance/figures/r190/research_derivations/R185_GLOBAL_MANUSCRIPT_ATTESTATION_v1/figure_governance/R185_LOGIC_MAP_MANIFEST_V1.json;LaTex/provenance/figures/r190/research_derivations/R185_GLOBAL_MANUSCRIPT_ATTESTATION_v1/figure_governance/R185_LOGIC_MAP_RUNTIME_V1.json,7505fbda60d1e55a43427065ec403af48239da3b7088ba31342b73e4734e57af;456ad680d5ef06f70aa161ac1c61a00732523669438abb1242ae119171fbdef7;eb6b3e40ec6fe9cb10fc1dbc4ed0c06bdc335b66639f3262603df7a1bbecd3fc;54852194c28b3c3ea1119fc96c453a73c66ff1e52387f335a37f5ee45c89faf4;1c7cff3bc021b0ff491bd164196c18df174cf1e0260609ab601865a39e3fab38;250075c7da4d31ade368763e35e4fa3e99717dd6fc815b35f0f9dddc58d02888,python3 scripts/figures/verify_public_figure_registry.py --root . --registry FIGURE_REGISTRY.csv --json-registry FIGURE_REGISTRY.json --strict-palette --strict-provenance,V15 selected status/dependency map; inherited graph content retains its explicit A/B/C/Open/MISSING labels,calm status schematic; near-black visible edges; status-aware Okabe-Ito-derived fills,literal status + fill luminance + border style + solid/dashed/dotted edge style,CURRENT ENGLISH PUBLICATION ASSET; exact output hash preserved; scientific owner and Level A/B/C/Open ceiling unchanged,"PASS: RGB, grayscale, protanopia, deuteranopia and tritanopia previews generated; literal status/border/edge redundancy retained","PASS standalone contact-sheet review: no clipping, label loss or status-semantic change observed","Owning-page compile/context, exact TeX path apply, Git and publication remain separate gates",LaTex/provenance/figures/r190/research_derivations/R185_GLOBAL_MANUSCRIPT_ATTESTATION_v1/figure_governance/R185_LOGIC_MAP_MANIFEST_V1.json sha256=1c7cff3bc021b0ff491bd164196c18df174cf1e0260609ab601865a39e3fab38; outside declared lifecycle bands pixel-identical at 144 dpi; deterministic replay required; predecessor asset preserved
fig:ect_derivation_map,status_dependency_map,43095;4224,]{figures/r185/logic_maps/whole_status_dependency.pdf};]{../figures/r185/logic_maps/whole_status_dependency.pdf},figures/r185/logic_maps/whole_status_dependency.pdf,LaTex/figures/r185/logic_maps/whole_status_dependency.pdf,7f8c4f6feca199fe14eaf6e78cd8d0fa2cbfe39d31ddc9f5c27e54bf62cc9e17,595.000x842.000pt,1.000000,8.145,8.145,Selected ECT status and dependency map,"R185 lifecycle-neutral render of the frozen predecessor; scientific nodes, edges, topology and A/B/C/Open/MISSING ceilings inherited unchanged",LaTex/provenance/figures/r190/research_derivations/R185_GLOBAL_MANUSCRIPT_ATTESTATION_v1/tools/build_r185_lifecycle_neutral_logic_maps_v1.py,65482ca72afc039611e21908431e21d638d3f9f73ad2476f08459dd118bcd266,LaTex/provenance/figures/r190/research_derivations/R177_RECOVERY_FROM_LIVE_2acbebba_v1/figures/remaining_map_successors/semantic_keys/whole_full_key_r177.json;LaTex/provenance/figures/r190/research_derivations/R177_RECOVERY_FROM_LIVE_2acbebba_v1/figures/remaining_map_successors/qa/whole_AUTOMATED_QA.json;LaTex/provenance/figures/r190/research_derivations/R177_RECOVERY_FROM_LIVE_2acbebba_v1/figures/remaining_map_successors/VISUAL_REVIEW.md;LaTex/provenance/figures/r190/research_derivations/R177_RECOVERY_FROM_LIVE_2acbebba_v1/figures/remaining_map_successors/REPLAY_CHECK.json;LaTex/provenance/figures/r190/research_derivations/R185_GLOBAL_MANUSCRIPT_ATTESTATION_v1/figure_governance/R185_LOGIC_MAP_MANIFEST_V1.json;LaTex/provenance/figures/r190/research_derivations/R185_GLOBAL_MANUSCRIPT_ATTESTATION_v1/figure_governance/R185_LOGIC_MAP_RUNTIME_V1.json,99e8c3ed6e0ce62b86f5182f4ac8c32508f06d846e23d97788aa75cdca7ca3d9;14f5c4b86d493b1f741b44b291d71b9380a9e5cbecca7d65a221de4f7ec294e0;eb6b3e40ec6fe9cb10fc1dbc4ed0c06bdc335b66639f3262603df7a1bbecd3fc;54852194c28b3c3ea1119fc96c453a73c66ff1e52387f335a37f5ee45c89faf4;1c7cff3bc021b0ff491bd164196c18df174cf1e0260609ab601865a39e3fab38;250075c7da4d31ade368763e35e4fa3e99717dd6fc815b35f0f9dddc58d02888,python3 scripts/figures/verify_public_figure_registry.py --root . --registry FIGURE_REGISTRY.csv --json-registry FIGURE_REGISTRY.json --strict-palette --strict-provenance,V15 selected status/dependency map; inherited graph content retains its explicit A/B/C/Open/MISSING labels,calm status schematic; near-black visible edges; status-aware Okabe-Ito-derived fills,literal status + fill luminance + border style + solid/dashed/dotted edge style,CURRENT ENGLISH PUBLICATION ASSET; exact output hash preserved; scientific owner and Level A/B/C/Open ceiling unchanged,"PASS: RGB, grayscale, protanopia, deuteranopia and tritanopia previews generated; literal status/border/edge redundancy retained","PASS standalone contact-sheet review: no clipping, label loss or status-semantic change observed","Owning-page compile/context, exact TeX path apply, Git and publication remain separate gates",LaTex/provenance/figures/r190/research_derivations/R185_GLOBAL_MANUSCRIPT_ATTESTATION_v1/figure_governance/R185_LOGIC_MAP_MANIFEST_V1.json sha256=1c7cff3bc021b0ff491bd164196c18df174cf1e0260609ab601865a39e3fab38; outside declared lifecycle bands pixel-identical at 144 dpi; deterministic replay required; predecessor asset preserved
fig:ect_vs_qm,main_text,43509,\includegraphics[width=\textwidth]{figures/r153/fig_ect_vs_qm_status_palette_r153.pdf},figures/r153/fig_ect_vs_qm_status_palette_r153.pdf,LaTex/figures/r153/fig_ect_vs_qm_status_palette_r153.pdf,35c9454b8badeed6b3223eff512b01ef4657bb490d34b3a5c564626bcec1a4da,680.000x420.000pt,0.688235,8.259,8.259,"Status-sensitive comparison of textbook quantum mechanics and the current ECT programme. The standard-QM column is an external comparison. Within ECT, the supplied Euclidean scalar equation is model-internal, the ordered-direction statement is conditional, and the BVP selection, Born weights/reconstruction and outcome map remain Open. Every status is written directly and also encoded by the common luminance-first palette.","Historical scientific-status owner: R149 Main-B ECT/QM comparison. R153 owner: palette and reader-scale successor. OWNER CLOSURE NOT CLAIMED: R153 does not identify or close the Open BVP, Born-weight, reconstruction or outcome-map owners.",LaTex/provenance/figures/r190/work_preprint/R153_FINAL_VISUAL_ZENODO_CANDIDATE_v1/publication/LaTex/scripts/r153_figures/render_fig_ect_vs_qm_r153.py;LaTex/provenance/figures/r190/work_preprint/R153_FINAL_VISUAL_ZENODO_CANDIDATE_v1/publication/LaTex/scripts/r153_figures/fonts/DejaVuSans.ttf;LaTex/provenance/figures/r190/work_preprint/R153_FINAL_VISUAL_ZENODO_CANDIDATE_v1/publication/LaTex/scripts/r153_figures/fonts/DejaVuSans-Bold.ttf,1a865b29a374f6491da2a116a7306f8854602ed7bd484c797df78ee6aebbedec;3fdf69cabf06049ea70a00b5919340e2ce1e6d02b0cc3c4b44fb6801bd1e0d22;b184b89e3c1075f22f6b71575b6fc20d4972b3cfd3b23322ca6fd596dcaef167,LaTex/provenance/figures/r190/work_preprint/R153_FINAL_VISUAL_ZENODO_CANDIDATE_v1/publication/LaTex/figures/source/svg/r153/fig_ect_vs_qm_r153.svg,ec26f9815239fd7daf32d3290601d59b8238ac7c316166d3ecf2032857526669,python3 scripts/figures/verify_public_figure_registry.py --root . --registry FIGURE_REGISTRY.csv --json-registry FIGURE_REGISTRY.json --strict-palette --strict-provenance,"presentation-only R153 successor; external standard-QM column and model-internal/conditional/Open ECT statuses are preserved, with no scientific upgrade",R153 luminance-first status palette using embedded DejaVu Sans; status text remains literal,literal status statements + border style + fill luminance; colour is not the sole channel,CURRENT ENGLISH PUBLICATION ASSET; exact hash registered; scientific ceiling unchanged,"PASS: R153_FULL_VISUAL_QA_v1 automated standalone asset QA; cvd_preview_generation=PASS for original/grayscale/protanopia/deuteranopia/tritanopia nonblank, dimension-preserving previews. Preview existence is a review aid, not semantic-accessibility proof.","PASS: R153_FULL_DOCUMENT_READER_FLOW_AUDIT_v1.md final Build-B page-context inspection of every R153 visual change; report Status=PASS. The audit states that it changed no scientific claims, numbers, data or statuses.","PENDING: deterministic generator replay plus separate artifact-freeze, repository and release/Zenodo gates. Build-B document/page-context PASS does not authorize commit, push, tag, upload or DOI.","The editable R153 SVG and the two vendored fonts are hash-bound. No claim is made that typography completes the Open quantum-sector programme.; R153_FULL_VISUAL_QA_v1.json/.md: automated standalone visual QA PASS (hash-bound in candidate JSON); R153_FULL_DOCUMENT_READER_FLOW_AUDIT_v1.md: Build-B human reader-flow/page-context PASS (hash-bound in candidate JSON), without scientific or release closure."
fig:r103_Cn_scalechain_corrected,main_text,48614,"\includegraphics[width=0.94\textwidth,height=0.68\textheight,keepaspectratio]{figures/r177/global/panels/fig41_b_tensor_normalisation_terminal_units_r177.pdf}",figures/r177/global/panels/fig41_b_tensor_normalisation_terminal_units_r177.pdf,LaTex/figures/r177/global/panels/fig41_b_tensor_normalisation_terminal_units_r177.pdf,d5ca72fae91508b3a94d42f052f51bcd25a01cc86e37f70003567fc0e9412b55,446.400x450.000pt,1.048387,7.926,7.926,"Corrected ownership chain from the ordered variables through the conditional NLO orientation coefficient and exact EFT definition $\kappa_n\equiv\mathcal C_nu_0^2$. The dashed $M_G^2\stackrel{?}{=}c_M\kappa_n$ step is Open. The natural-unit tensor normalisation is $G_N^{\rm nat}=(8\pi M_G^2)^{-1}$; an SI Newton constant is defined only after physical tensor/source/clock/light/scalar-response matching, as $G_N^{\rm SI}=\hbar c^5/[8\pi(E_{M_G}[\mathrm J])^2]$, where $E_{M_G}\equiv M_G|_{\rm joule}$ denotes the manuscript energy scale converted from GeV to joules.",R177 terminal-units successor of hash-locked R123 targeted-readability layout; four nodes/three arrows/status encodings preserved,LaTex/provenance/figures/r190/research_derivations/R177_RECOVERY_FROM_LIVE_2acbebba_v1/assembler/successor_terminal_figures.py;LaTex/provenance/figures/r190/work_preprint/R123_VISUAL_READABILITY_AND_RESTORATION_CANDIDATE_v2/components/targeted_readability_assets/build_targeted_readability_assets.py,71952504336bfa41f3e050b85579ab58dc17183d97b95bf63b003e3bcac1d438;516d2e969c14c3da083dc325212e722a90e7ccf52f60c5f23cd773b91dc7e5ff,LaTex/provenance/figures/r190/research_derivations/R177_RECOVERY_FROM_LIVE_2acbebba_v1/figures/terminal_units_successors/INPUT_FREEZE.json;LaTex/provenance/figures/r190/research_derivations/R177_RECOVERY_FROM_LIVE_2acbebba_v1/figures/terminal_units_successors/PACKAGE_MANIFEST.json;LaTex/provenance/figures/r190/research_derivations/R177_RECOVERY_FROM_LIVE_2acbebba_v1/figures/terminal_units_successors/REPLAY_CHECK.json,0a86f2e2adef977c5e44aa5ccf2f1b806506caf49d47b911ad11ebd3e07d43fc;ae94731a9fdb0e91fefae31b10a03788d7991ae5c3e853d172aedf7c74648eb4;2c37511019dc7ad2ce9b3b3718ba55c3db4bd5d5aa5fb32d83d69ee2ec7a82ac,python3 scripts/figures/verify_public_figure_registry.py --root . --registry FIGURE_REGISTRY.csv --json-registry FIGURE_REGISTRY.json --strict-palette --strict-provenance,natural GN normalisation shown; physical tensor/source/clock/light/scalar-response matching required before the displayed SI conversion; no c_char=c identification; status schematic; no numerical input data,Okabe--Ito; redundant hatch/border/arrow styles; grayscale-safe,"[""line style + marker shape + direct labels + luminance-separated curves""]",CURRENT ENGLISH PUBLICATION ASSET; exact output hash preserved; scientific owner and Level A/B/C/Open ceiling unchanged,PASS: five modes generated; status also literal/border/line encoded,PASS standalone RGB/grayscale/CVD; final owning-page context remains pending,"live apply, registry verifier, owning-page compile and publication not authorised",R177 terminal-units package deterministic replay and hash manifest; input_kind=STATUS_SCHEMATIC_NO_NUMERICAL_DATA; data_* columns bind semantic provenance inputs rather than a numerical dataset
fig:r103_ect_background_clocks,main_text,51264,"\includegraphics[width=\textwidth,height=0.76\textheight,keepaspectratio]{figures/r154/curve_semantics/nonrotation/fig42_b_clock_budget_dense_r154.pdf}",figures/r154/curve_semantics/nonrotation/fig42_b_clock_budget_dense_r154.pdf,LaTex/figures/r154/curve_semantics/nonrotation/fig42_b_clock_budget_dense_r154.pdf,86775ee8c0b72250e4a0e45e6e1dce13594529ae59240458d3ba138c3cdb2bd1,464.604x302.331pt,0.881219,DEFERRED_COMPILED_PAGE_MEASUREMENT,DEFERRED_COMPILED_PAGE_MEASUREMENT,"Conditional dimensionless clock budget $H(0)t(z)$ for the supplied two-slope action/state and its same-present-fraction reference control. Named expansion, comoving distance, total kinematic $w_{\rm eff}$, the calibrated family and the explicit scope statement are separate full-width atlas panels. This curve is a direct output of the declared orbit, not a unique P1--P6 cosmology or a dark-energy equation-of-state fit. Colour is redundant with marker and line style.",R123 curve-luminance public successor; scientific arrays inherited from the frozen upstream panel owner; R154 curve-semantics renderer,LaTex/provenance/figures/r190/active_predecessor_scripts/r154/build_r154_sparse_and_exact_successors.py,37ec0bbab59f442c0881e2ab0054e734b7f852cc31a03900e82c96e6b8137280,LaTex/provenance/figures/r190/work_preprint/R154_SMOOTH_CURVE_SEMANTICS_CANDIDATE_v1/publication_build/audits/R154_CURVE_SEMANTICS/R154_NONROTATION_ASSET_MAP_v1.json;LaTex/provenance/figures/r190/work_preprint/R154_SMOOTH_CURVE_SEMANTICS_CANDIDATE_v1/publication_build/LaTex/data/figures_r154/scientific_audit/R154_FULL_SCIENTIFIC_SERIES_AUDIT_v1.csv;LaTex/provenance/figures/r190/work_preprint/R154_SMOOTH_CURVE_SEMANTICS_CANDIDATE_v1/publication_build/LaTex/data/figures_r154/scientific_audit/R154_78_FIGURE_SCIENTIFIC_AUDIT_v1.json;LaTex/provenance/figures/r190/work_preprint/R154_SMOOTH_CURVE_SEMANTICS_CANDIDATE_v1/publication_build/LaTex/data/figures_r154/scientific_audit/R154_FULL_SCIENTIFIC_AUDIT_CHECKS_v1.json,7cd12e00e74972fea0a048327dd3eceff0b1ca44d030c061a17bd8dbc355f97d;fbac9bd76dd72fe75c309472fb173969ea79ec2060fa379751036dfb6538d279;d8fa63bd5055f090e5dad865bfb1eadcd95d371fe654b876f193bea5032ce574;0d1a1f472604a559b6a3712e12c9901ed29ff10822ebf3d46d48b0dc09a69987,python3 scripts/figures/verify_public_figure_registry.py --root . --registry FIGURE_REGISTRY.csv --json-registry FIGURE_REGISTRY.json --strict-palette --strict-provenance,"Open: Exact status is owned by the frozen R132 caption and adjacent prose. R127 ceilings remain: PES-R Level B, 47C Open, physical ECT cosmology Open; this registry makes no upgrade.; R154 display-only successor; numerical source ordinates, fits and scientific metrics unchanged",Okabe--Ito; redundant line styles/markers; grayscale-safe,"[""line style + marker shape + direct labels + luminance-separated curves""]",CURRENT ENGLISH PUBLICATION ASSET; exact output hash preserved; scientific owner and Level A/B/C/Open ceiling unchanged,PASS_STANDALONE_R190: human RGB/grayscale/protanopia/deuteranopia/tritanopia contact-sheet review; no colour-only status channel observed; owning-page context separate,"PASS_STANDALONE_CONTACT_SHEET_R190: human review found no visible clipping, direct-label loss or status-semantic change; high-resolution owning-page review separate",PENDING: owning-page compiled context and registry/manifest synchronization,LaTex/work/preprint/R123_VISUAL_READABILITY_AND_RESTORATION_CANDIDATE_v3/components/curve_luminance_readable/manifests/R123_CURVE_LUMINANCE_READABLE_MANIFEST_v1.json;LaTex/work/preprint/R137_TERMINAL_FIGURE_REGISTRY_EN3_CANDIDATE_v1/frozen/R137_TERMINAL_FIGURE_REGISTRY_EN3_OWNER_v6/outputs/R137_FIGURE_REGISTRY_EN3_CANDIDATE_v1.csv;LaTex/work/preprint/R149_READER_LAYOUT_CANDIDATE_v1/borderline_figure_typography/review_main_b/R149_MAIN_B_FINAL_AUDIT_REPORT_v1.md;LaTex/work/preprint/R149_READER_LAYOUT_CANDIDATE_v1/borderline_figure_typography/review_atlas/R149_ROWS_28_53_EXACT_VERDICTS_v1.csv;LaTex/work/preprint/R149_READER_LAYOUT_CANDIDATE_v1/borderline_figure_typography/review_atlas/R149_ROWS_28_53_FINAL_AUDIT_REPORT_v1.md;LaTex/provenance/figures/r190/work_preprint/R154_SMOOTH_CURVE_SEMANTICS_CANDIDATE_v1/publication_build/audits/R154_CURVE_SEMANTICS/R154_NONROTATION_ASSET_MAP_v1.json;LaTex/provenance/figures/r190/work_preprint/R154_SMOOTH_CURVE_SEMANTICS_CANDIDATE_v1/publication_build/LaTex/data/figures_r154/scientific_audit/R154_FULL_SCIENTIFIC_SERIES_AUDIT_v1.csv;LaTex/provenance/figures/r190/work_preprint/R154_SMOOTH_CURVE_SEMANTICS_CANDIDATE_v1/publication_build/LaTex/data/figures_r154/scientific_audit/R154_78_FIGURE_SCIENTIFIC_AUDIT_v1.json;LaTex/provenance/figures/r190/work_preprint/R154_SMOOTH_CURVE_SEMANTICS_CANDIDATE_v1/publication_build/LaTex/data/figures_r154/scientific_audit/R154_FULL_SCIENTIFIC_AUDIT_CHECKS_v1.json
fig:r103_two_slope_HwG_conditional,main_text,51280,"\includegraphics[width=\textwidth,height=0.76\textheight,keepaspectratio]{figures/r154/curve_semantics/nonrotation/fig43_a_two_slope_expansion_dense_r154.pdf}",figures/r154/curve_semantics/nonrotation/fig43_a_two_slope_expansion_dense_r154.pdf,LaTex/figures/r154/curve_semantics/nonrotation/fig43_a_two_slope_expansion_dense_r154.pdf,ef12a9ea57146412ff2d8a30d49e11f14417b0f62de2e5a0c7c354e7b62c308f,502.151x302.331pt,1.048387,DEFERRED_COMPILED_PAGE_MEASUREMENT,DEFERRED_COMPILED_PAGE_MEASUREMENT,"Focused status-safe fractional expansion response of the supplied two-slope background relative to the matched control. The total kinematic $w_{\rm eff}=-1-2H'/(3H)$ is a separate full-width atlas panel; the inverse-$F$ background proxy follows as a continuation and is not a local Newton constant. The curves contain no common-$\varepsilon$ law. They are Level A only inside the supplied action and state, and a Level-C observable diagnostic rather than a unique P1--P6 cosmology. Colour is redundant with line style, marker shape and marker fill.",R123 two-slope cosmology scientific owner plus R149 presentation-only typography successor; R154 curve-semantics renderer,LaTex/provenance/figures/r190/active_predecessor_scripts/r154/build_r154_sparse_and_exact_successors.py,37ec0bbab59f442c0881e2ab0054e734b7f852cc31a03900e82c96e6b8137280,LaTex/provenance/figures/r190/work_preprint/R154_SMOOTH_CURVE_SEMANTICS_CANDIDATE_v1/publication_build/audits/R154_CURVE_SEMANTICS/R154_NONROTATION_ASSET_MAP_v1.json;LaTex/provenance/figures/r190/work_preprint/R154_SMOOTH_CURVE_SEMANTICS_CANDIDATE_v1/publication_build/LaTex/data/figures_r154/scientific_audit/R154_FULL_SCIENTIFIC_SERIES_AUDIT_v1.csv;LaTex/provenance/figures/r190/work_preprint/R154_SMOOTH_CURVE_SEMANTICS_CANDIDATE_v1/publication_build/LaTex/data/figures_r154/scientific_audit/R154_78_FIGURE_SCIENTIFIC_AUDIT_v1.json;LaTex/provenance/figures/r190/work_preprint/R154_SMOOTH_CURVE_SEMANTICS_CANDIDATE_v1/publication_build/LaTex/data/figures_r154/scientific_audit/R154_FULL_SCIENTIFIC_AUDIT_CHECKS_v1.json,7cd12e00e74972fea0a048327dd3eceff0b1ca44d030c061a17bd8dbc355f97d;fbac9bd76dd72fe75c309472fb173969ea79ec2060fa379751036dfb6538d279;d8fa63bd5055f090e5dad865bfb1eadcd95d371fe654b876f193bea5032ce574;0d1a1f472604a559b6a3712e12c9901ed29ff10822ebf3d46d48b0dc09a69987,python3 scripts/figures/verify_public_figure_registry.py --root . --registry FIGURE_REGISTRY.csv --json-registry FIGURE_REGISTRY.json --strict-palette --strict-provenance,"Level C observable diagnostic inside a supplied two-slope action/state; not a unique P1--P6 cosmology; R154 display-only successor; numerical source ordinates, fits and scientific metrics unchanged",ECT_R127_TERMINAL_CALM_OKABE_ITO_GRAY_SAFE_OR_EXPLICIT_LEGACY_VARIANT,"[""line style + marker shape + direct labels + luminance-separated curves""]",CURRENT ENGLISH PUBLICATION ASSET; exact output hash preserved; scientific owner and Level A/B/C/Open ceiling unchanged,PASS_STANDALONE_R190: human RGB/grayscale/protanopia/deuteranopia/tritanopia contact-sheet review; no colour-only status channel observed; owning-page context separate,"PASS_STANDALONE_CONTACT_SHEET_R190: human review found no visible clipping, direct-label loss or status-semantic change; high-resolution owning-page review separate",PENDING: owning-page compiled context and registry/manifest synchronization,R149_FIG43A_TYPOGRAPHY_MANIFEST_v1.json;LaTex/work/preprint/R137_TERMINAL_FIGURE_REGISTRY_EN3_CANDIDATE_v1/frozen/R137_TERMINAL_FIGURE_REGISTRY_EN3_OWNER_v6/outputs/R137_FIGURE_REGISTRY_EN3_CANDIDATE_v1.csv;LaTex/work/preprint/R149_READER_LAYOUT_CANDIDATE_v1/borderline_figure_typography/review_atlas/R149_ROWS_28_53_EXACT_VERDICTS_v1.csv;LaTex/work/preprint/R149_READER_LAYOUT_CANDIDATE_v1/borderline_figure_typography/review_atlas/R149_ROWS_28_53_FINAL_AUDIT_REPORT_v1.md;LaTex/work/preprint/R149_READER_LAYOUT_CANDIDATE_v1/fig43a_typography_successor/R149_FIG43A_TYPOGRAPHY_REPORT_v1.md;LaTex/provenance/figures/r190/work_preprint/R154_SMOOTH_CURVE_SEMANTICS_CANDIDATE_v1/publication_build/audits/R154_CURVE_SEMANTICS/R154_NONROTATION_ASSET_MAP_v1.json;LaTex/provenance/figures/r190/work_preprint/R154_SMOOTH_CURVE_SEMANTICS_CANDIDATE_v1/publication_build/LaTex/data/figures_r154/scientific_audit/R154_FULL_SCIENTIFIC_SERIES_AUDIT_v1.csv;LaTex/provenance/figures/r190/work_preprint/R154_SMOOTH_CURVE_SEMANTICS_CANDIDATE_v1/publication_build/LaTex/data/figures_r154/scientific_audit/R154_78_FIGURE_SCIENTIFIC_AUDIT_v1.json;LaTex/provenance/figures/r190/work_preprint/R154_SMOOTH_CURVE_SEMANTICS_CANDIDATE_v1/publication_build/LaTex/data/figures_r154/scientific_audit/R154_FULL_SCIENTIFIC_AUDIT_CHECKS_v1.json
fig:r103_two_slope_HwG_conditional__continuation_inverse_F,main_text,51296,"\includegraphics[width=\textwidth,height=0.76\textheight,keepaspectratio]{figures/r154/curve_semantics/nonrotation/r149_inverse_f_proxy_dense_r154.pdf}",figures/r154/curve_semantics/nonrotation/r149_inverse_f_proxy_dense_r154.pdf,LaTex/figures/r154/curve_semantics/nonrotation/r149_inverse_f_proxy_dense_r154.pdf,7d09d107add2922c8efac1f3d3ed017dd2f4031c2cd452071306761d27cfd3b8,490.838x302.940pt,0.850892,DEFERRED_COMPILED_PAGE_MEASUREMENT,DEFERRED_COMPILED_PAGE_MEASUREMENT,NOT IDENTIFIABLE,R149 Main-B inverse_f_proxy scientific owner; presentation-only reader-scale successor; R154 curve-semantics renderer,LaTex/provenance/figures/r190/active_predecessor_scripts/r154/build_r154_sparse_and_exact_successors.py,37ec0bbab59f442c0881e2ab0054e734b7f852cc31a03900e82c96e6b8137280,LaTex/provenance/figures/r190/work_preprint/R154_SMOOTH_CURVE_SEMANTICS_CANDIDATE_v1/publication_build/audits/R154_CURVE_SEMANTICS/R154_NONROTATION_ASSET_MAP_v1.json;LaTex/provenance/figures/r190/work_preprint/R154_SMOOTH_CURVE_SEMANTICS_CANDIDATE_v1/publication_build/LaTex/data/figures_r154/scientific_audit/R154_FULL_SCIENTIFIC_SERIES_AUDIT_v1.csv;LaTex/provenance/figures/r190/work_preprint/R154_SMOOTH_CURVE_SEMANTICS_CANDIDATE_v1/publication_build/LaTex/data/figures_r154/scientific_audit/R154_78_FIGURE_SCIENTIFIC_AUDIT_v1.json;LaTex/provenance/figures/r190/work_preprint/R154_SMOOTH_CURVE_SEMANTICS_CANDIDATE_v1/publication_build/LaTex/data/figures_r154/scientific_audit/R154_FULL_SCIENTIFIC_AUDIT_CHECKS_v1.json,7cd12e00e74972fea0a048327dd3eceff0b1ca44d030c061a17bd8dbc355f97d;fbac9bd76dd72fe75c309472fb173969ea79ec2060fa379751036dfb6538d279;d8fa63bd5055f090e5dad865bfb1eadcd95d371fe654b876f193bea5032ce574;0d1a1f472604a559b6a3712e12c9901ed29ff10822ebf3d46d48b0dc09a69987,python3 scripts/figures/verify_public_figure_registry.py --root . --registry FIGURE_REGISTRY.csv --json-registry FIGURE_REGISTRY.json --strict-palette --strict-provenance,Level-C conditional background proxy under the displayed closure; not a local G_N derivation; physical matching is Open. R154 display-only successor; numerical arrays and fits unchanged.,ECT calm Okabe--Ito scientific/status profile; luminance-first with line/marker/text redundancy,see owning asset/seed registry; PENDING if not explicitly frozen,CURRENT ENGLISH PUBLICATION ASSET; exact output hash preserved; scientific owner and Level A/B/C/Open ceiling unchanged,PASS_STANDALONE_R190: human RGB/grayscale/protanopia/deuteranopia/tritanopia contact-sheet review; no colour-only status channel observed; owning-page context separate,"PASS_STANDALONE_CONTACT_SHEET_R190: human review found no visible clipping, direct-label loss or status-semantic change; high-resolution owning-page review separate",PENDING: owning-page compiled context and registry/manifest synchronization,LaTex/work/preprint/R149_READER_LAYOUT_CANDIDATE_v1/borderline_figure_typography/review_main_b/R149_MAIN_B_SUCCESSOR_MANIFEST_v1.json;LaTex/work/preprint/R149_READER_LAYOUT_CANDIDATE_v1/borderline_figure_typography/review_atlas/R149_ROWS_28_53_EXACT_VERDICTS_v1.csv;LaTex/work/preprint/R149_READER_LAYOUT_CANDIDATE_v1/borderline_figure_typography/review_atlas/R149_ROWS_28_53_FINAL_AUDIT_REPORT_v1.md;LaTex/provenance/figures/r190/work_preprint/R154_SMOOTH_CURVE_SEMANTICS_CANDIDATE_v1/publication_build/audits/R154_CURVE_SEMANTICS/R154_NONROTATION_ASSET_MAP_v1.json;LaTex/provenance/figures/r190/work_preprint/R154_SMOOTH_CURVE_SEMANTICS_CANDIDATE_v1/publication_build/LaTex/data/figures_r154/scientific_audit/R154_FULL_SCIENTIFIC_SERIES_AUDIT_v1.csv;LaTex/provenance/figures/r190/work_preprint/R154_SMOOTH_CURVE_SEMANTICS_CANDIDATE_v1/publication_build/LaTex/data/figures_r154/scientific_audit/R154_78_FIGURE_SCIENTIFIC_AUDIT_v1.json;LaTex/provenance/figures/r190/work_preprint/R154_SMOOTH_CURVE_SEMANTICS_CANDIDATE_v1/publication_build/LaTex/data/figures_r154/scientific_audit/R154_FULL_SCIENTIFIC_AUDIT_CHECKS_v1.json
fig:r114_early_response_growth_collapse_envelope,main_text,51501,"\includegraphics[width=\textwidth,height=0.76\textheight,keepaspectratio]{figures/r154/curve_semantics/nonrotation/fig44_a_growth_equality_nodes_r154.pdf}",figures/r154/curve_semantics/nonrotation/fig44_a_growth_equality_nodes_r154.pdf,LaTex/figures/r154/curve_semantics/nonrotation/fig44_a_growth_equality_nodes_r154.pdf,65a0518d320df0beeb33430ec9781472b870f321d1d368096c449ad256a70ad1,453.695x327.111pt,0.855838,DEFERRED_COMPILED_PAGE_MEASUREMENT,DEFERRED_COMPILED_PAGE_MEASUREMENT,"Five independent early-response sensitivity rows shown as unconnected markers; no continuous family, posterior, JWST abundance prediction or likelihood is inferred.",R123 curve-luminance public successor; scientific arrays inherited from the frozen upstream panel owner; R154 curve-semantics renderer,LaTex/provenance/figures/r190/active_predecessor_scripts/r154/build_r154_sparse_and_exact_successors.py,37ec0bbab59f442c0881e2ab0054e734b7f852cc31a03900e82c96e6b8137280,LaTex/provenance/figures/r190/work_preprint/R154_SMOOTH_CURVE_SEMANTICS_CANDIDATE_v1/publication_build/audits/R154_CURVE_SEMANTICS/R154_NONROTATION_ASSET_MAP_v1.json;LaTex/provenance/figures/r190/work_preprint/R154_SMOOTH_CURVE_SEMANTICS_CANDIDATE_v1/publication_build/LaTex/data/figures_r154/scientific_audit/R154_FULL_SCIENTIFIC_SERIES_AUDIT_v1.csv;LaTex/provenance/figures/r190/work_preprint/R154_SMOOTH_CURVE_SEMANTICS_CANDIDATE_v1/publication_build/LaTex/data/figures_r154/scientific_audit/R154_78_FIGURE_SCIENTIFIC_AUDIT_v1.json;LaTex/provenance/figures/r190/work_preprint/R154_SMOOTH_CURVE_SEMANTICS_CANDIDATE_v1/publication_build/LaTex/data/figures_r154/scientific_audit/R154_FULL_SCIENTIFIC_AUDIT_CHECKS_v1.json,7cd12e00e74972fea0a048327dd3eceff0b1ca44d030c061a17bd8dbc355f97d;fbac9bd76dd72fe75c309472fb173969ea79ec2060fa379751036dfb6538d279;d8fa63bd5055f090e5dad865bfb1eadcd95d371fe654b876f193bea5032ce574;0d1a1f472604a559b6a3712e12c9901ed29ff10822ebf3d46d48b0dc09a69987,python3 scripts/figures/verify_public_figure_registry.py --root . --registry FIGURE_REGISTRY.csv --json-registry FIGURE_REGISTRY.json --strict-palette --strict-provenance,"Open: Exact status is owned by the frozen R132 caption and adjacent prose. R127 ceilings remain: PES-R Level B, 47C Open, physical ECT cosmology Open; this registry makes no upgrade.; R154 display-only successor; numerical source ordinates, fits and scientific metrics unchanged",ECT_R127_TERMINAL_CALM_OKABE_ITO_GRAY_SAFE_OR_EXPLICIT_LEGACY_VARIANT,"[""line style + marker shape + direct labels + luminance-separated curves""]",CURRENT ENGLISH PUBLICATION ASSET; exact output hash preserved; scientific owner and Level A/B/C/Open ceiling unchanged,PASS_STANDALONE_R190: human RGB/grayscale/protanopia/deuteranopia/tritanopia contact-sheet review; no colour-only status channel observed; owning-page context separate,"PASS_STANDALONE_CONTACT_SHEET_R190: human review found no visible clipping, direct-label loss or status-semantic change; high-resolution owning-page review separate",PENDING: owning-page compiled context and registry/manifest synchronization,LaTex/work/preprint/R123_VISUAL_READABILITY_AND_RESTORATION_CANDIDATE_v3/components/curve_luminance_readable/manifests/R123_CURVE_LUMINANCE_READABLE_MANIFEST_v1.json;LaTex/work/preprint/R137_TERMINAL_FIGURE_REGISTRY_EN3_CANDIDATE_v1/frozen/R137_TERMINAL_FIGURE_REGISTRY_EN3_OWNER_v6/outputs/R137_FIGURE_REGISTRY_EN3_CANDIDATE_v1.csv;LaTex/work/preprint/R149_READER_LAYOUT_CANDIDATE_v1/borderline_figure_typography/review_main_b/R149_MAIN_B_FINAL_AUDIT_REPORT_v1.md;LaTex/work/preprint/R149_READER_LAYOUT_CANDIDATE_v1/borderline_figure_typography/review_atlas/R149_ROWS_28_53_EXACT_VERDICTS_v1.csv;LaTex/work/preprint/R149_READER_LAYOUT_CANDIDATE_v1/borderline_figure_typography/review_atlas/R149_ROWS_28_53_FINAL_AUDIT_REPORT_v1.md;LaTex/provenance/figures/r190/work_preprint/R154_SMOOTH_CURVE_SEMANTICS_CANDIDATE_v1/publication_build/audits/R154_CURVE_SEMANTICS/R154_NONROTATION_ASSET_MAP_v1.json;LaTex/provenance/figures/r190/work_preprint/R154_SMOOTH_CURVE_SEMANTICS_CANDIDATE_v1/publication_build/LaTex/data/figures_r154/scientific_audit/R154_FULL_SCIENTIFIC_SERIES_AUDIT_v1.csv;LaTex/provenance/figures/r190/work_preprint/R154_SMOOTH_CURVE_SEMANTICS_CANDIDATE_v1/publication_build/LaTex/data/figures_r154/scientific_audit/R154_78_FIGURE_SCIENTIFIC_AUDIT_v1.json;LaTex/provenance/figures/r190/work_preprint/R154_SMOOTH_CURVE_SEMANTICS_CANDIDATE_v1/publication_build/LaTex/data/figures_r154/scientific_audit/R154_FULL_SCIENTIFIC_AUDIT_CHECKS_v1.json
fig:r114_early_response_growth_collapse_envelope__continuation_rare_tail,main_text,51516,"\includegraphics[width=\textwidth,height=0.76\textheight,keepaspectratio]{figures/r154/curve_semantics/nonrotation/r149_rare_tail_nodes_r154.pdf}",figures/r154/curve_semantics/nonrotation/r149_rare_tail_nodes_r154.pdf,LaTex/figures/r154/curve_semantics/nonrotation/r149_rare_tail_nodes_r154.pdf,b3c050401d64276abc060af641ad2d24aafdc66ab2734dbf63cae80cbf6dd090,489.897x327.111pt,1.000000,DEFERRED_COMPILED_PAGE_MEASUREMENT,DEFERRED_COMPILED_PAGE_MEASUREMENT,NOT IDENTIFIABLE,R149 Main-B rare_tail scientific owner; presentation-only reader-scale successor; R154 curve-semantics renderer,LaTex/provenance/figures/r190/active_predecessor_scripts/r154/build_r154_sparse_and_exact_successors.py,37ec0bbab59f442c0881e2ab0054e734b7f852cc31a03900e82c96e6b8137280,LaTex/provenance/figures/r190/work_preprint/R154_SMOOTH_CURVE_SEMANTICS_CANDIDATE_v1/publication_build/audits/R154_CURVE_SEMANTICS/R154_NONROTATION_ASSET_MAP_v1.json;LaTex/provenance/figures/r190/work_preprint/R154_SMOOTH_CURVE_SEMANTICS_CANDIDATE_v1/publication_build/LaTex/data/figures_r154/scientific_audit/R154_FULL_SCIENTIFIC_SERIES_AUDIT_v1.csv;LaTex/provenance/figures/r190/work_preprint/R154_SMOOTH_CURVE_SEMANTICS_CANDIDATE_v1/publication_build/LaTex/data/figures_r154/scientific_audit/R154_78_FIGURE_SCIENTIFIC_AUDIT_v1.json;LaTex/provenance/figures/r190/work_preprint/R154_SMOOTH_CURVE_SEMANTICS_CANDIDATE_v1/publication_build/LaTex/data/figures_r154/scientific_audit/R154_FULL_SCIENTIFIC_AUDIT_CHECKS_v1.json,7cd12e00e74972fea0a048327dd3eceff0b1ca44d030c061a17bd8dbc355f97d;fbac9bd76dd72fe75c309472fb173969ea79ec2060fa379751036dfb6538d279;d8fa63bd5055f090e5dad865bfb1eadcd95d371fe654b876f193bea5032ce574;0d1a1f472604a559b6a3712e12c9901ed29ff10822ebf3d46d48b0dc09a69987,python3 scripts/figures/verify_public_figure_registry.py --root . --registry FIGURE_REGISTRY.csv --json-registry FIGURE_REGISTRY.json --strict-palette --strict-provenance,"Level-C conditional sensitivity arrays replayed from the frozen R113 input; no continuous family, likelihood or ECT-specific JWST prediction is derived. R154 display-only successor.",ECT calm Okabe--Ito scientific/status profile; luminance-first with line/marker/text redundancy,see owning asset/seed registry; PENDING if not explicitly frozen,CURRENT ENGLISH PUBLICATION ASSET; exact output hash preserved; scientific owner and Level A/B/C/Open ceiling unchanged,PASS_STANDALONE_R190: human RGB/grayscale/protanopia/deuteranopia/tritanopia contact-sheet review; no colour-only status channel observed; owning-page context separate,"PASS_STANDALONE_CONTACT_SHEET_R190: human review found no visible clipping, direct-label loss or status-semantic change; high-resolution owning-page review separate",PENDING: owning-page compiled context and registry/manifest synchronization,LaTex/work/preprint/R149_READER_LAYOUT_CANDIDATE_v1/borderline_figure_typography/review_main_b/R149_MAIN_B_SUCCESSOR_MANIFEST_v1.json;LaTex/work/preprint/R149_READER_LAYOUT_CANDIDATE_v1/borderline_figure_typography/review_atlas/R149_ROWS_28_53_EXACT_VERDICTS_v1.csv;LaTex/work/preprint/R149_READER_LAYOUT_CANDIDATE_v1/borderline_figure_typography/review_atlas/R149_ROWS_28_53_FINAL_AUDIT_REPORT_v1.md;LaTex/provenance/figures/r190/work_preprint/R154_SMOOTH_CURVE_SEMANTICS_CANDIDATE_v1/publication_build/audits/R154_CURVE_SEMANTICS/R154_NONROTATION_ASSET_MAP_v1.json;LaTex/provenance/figures/r190/work_preprint/R154_SMOOTH_CURVE_SEMANTICS_CANDIDATE_v1/publication_build/LaTex/data/figures_r154/scientific_audit/R154_FULL_SCIENTIFIC_SERIES_AUDIT_v1.csv;LaTex/provenance/figures/r190/work_preprint/R154_SMOOTH_CURVE_SEMANTICS_CANDIDATE_v1/publication_build/LaTex/data/figures_r154/scientific_audit/R154_78_FIGURE_SCIENTIFIC_AUDIT_v1.json;LaTex/provenance/figures/r190/work_preprint/R154_SMOOTH_CURVE_SEMANTICS_CANDIDATE_v1/publication_build/LaTex/data/figures_r154/scientific_audit/R154_FULL_SCIENTIFIC_AUDIT_CHECKS_v1.json
fig:r114_finitebody_scalar_gates,main_text,52810,"\includegraphics[width=\textwidth,height=0.76\textheight,keepaspectratio]{figures/r154/curve_semantics/nonrotation/fig45_a_fixed_metric_bvp_nodes_r154.pdf}",figures/r154/curve_semantics/nonrotation/fig45_a_fixed_metric_bvp_nodes_r154.pdf,LaTex/figures/r154/curve_semantics/nonrotation/fig45_a_fixed_metric_bvp_nodes_r154.pdf,f11abd710059fa36169a083fbec5ae91b0d1157c9d3aceff62ffa1c6b75f973d,433.557x345.595pt,0.873656,DEFERRED_COMPILED_PAGE_MEASUREMENT,DEFERRED_COMPILED_PAGE_MEASUREMENT,Four supplied fixed-metric scalar-BVP rows shown as unconnected markers; no interpolant or physical PPN prediction is implied.,R123 inherited component clipping_remediation_v2; role=fresh_owner_no_crop_panel; R154 curve-semantics renderer,LaTex/provenance/figures/r190/active_predecessor_scripts/r154/build_r154_sparse_and_exact_successors.py,37ec0bbab59f442c0881e2ab0054e734b7f852cc31a03900e82c96e6b8137280,LaTex/provenance/figures/r190/work_preprint/R154_SMOOTH_CURVE_SEMANTICS_CANDIDATE_v1/publication_build/audits/R154_CURVE_SEMANTICS/R154_NONROTATION_ASSET_MAP_v1.json;LaTex/provenance/figures/r190/work_preprint/R154_SMOOTH_CURVE_SEMANTICS_CANDIDATE_v1/publication_build/LaTex/data/figures_r154/scientific_audit/R154_FULL_SCIENTIFIC_SERIES_AUDIT_v1.csv;LaTex/provenance/figures/r190/work_preprint/R154_SMOOTH_CURVE_SEMANTICS_CANDIDATE_v1/publication_build/LaTex/data/figures_r154/scientific_audit/R154_78_FIGURE_SCIENTIFIC_AUDIT_v1.json;LaTex/provenance/figures/r190/work_preprint/R154_SMOOTH_CURVE_SEMANTICS_CANDIDATE_v1/publication_build/LaTex/data/figures_r154/scientific_audit/R154_FULL_SCIENTIFIC_AUDIT_CHECKS_v1.json,7cd12e00e74972fea0a048327dd3eceff0b1ca44d030c061a17bd8dbc355f97d;fbac9bd76dd72fe75c309472fb173969ea79ec2060fa379751036dfb6538d279;d8fa63bd5055f090e5dad865bfb1eadcd95d371fe654b876f193bea5032ce574;0d1a1f472604a559b6a3712e12c9901ed29ff10822ebf3d46d48b0dc09a69987,python3 scripts/figures/verify_public_figure_registry.py --root . --registry FIGURE_REGISTRY.csv --json-registry FIGURE_REGISTRY.json --strict-palette --strict-provenance,"inherited publication asset; no status upgrade; current publication asset; R154 display-only successor; numerical source ordinates, fits and scientific metrics unchanged",ECT_R127_TERMINAL_CALM_OKABE_ITO_GRAY_SAFE_OR_EXPLICIT_LEGACY_VARIANT,"[""line style + marker shape + direct labels + luminance-separated curves""]",CURRENT ENGLISH PUBLICATION ASSET; exact output hash preserved; scientific owner and Level A/B/C/Open ceiling unchanged,PASS_STANDALONE_R190: human RGB/grayscale/protanopia/deuteranopia/tritanopia contact-sheet review; no colour-only status channel observed; owning-page context separate,"PASS_STANDALONE_CONTACT_SHEET_R190: human review found no visible clipping, direct-label loss or status-semantic change; high-resolution owning-page review separate",PENDING: owning-page compiled context and registry/manifest synchronization,LaTex/work/preprint/R123_VISUAL_READABILITY_AND_RESTORATION_CANDIDATE_v2/manifests/R123_VISUAL_READABILITY_INSTALL_MAP_v2.json;LaTex/work/preprint/R137_TERMINAL_FIGURE_REGISTRY_EN3_CANDIDATE_v1/frozen/R137_TERMINAL_FIGURE_REGISTRY_EN3_OWNER_v6/outputs/R137_FIGURE_REGISTRY_EN3_CANDIDATE_v1.csv;LaTex/work/preprint/R149_READER_LAYOUT_CANDIDATE_v1/borderline_figure_typography/review_main_b/R149_MAIN_B_FINAL_AUDIT_REPORT_v1.md;LaTex/work/preprint/R149_READER_LAYOUT_CANDIDATE_v1/borderline_figure_typography/review_atlas/R149_ROWS_28_53_EXACT_VERDICTS_v1.csv;LaTex/work/preprint/R149_READER_LAYOUT_CANDIDATE_v1/borderline_figure_typography/review_atlas/R149_ROWS_28_53_FINAL_AUDIT_REPORT_v1.md;LaTex/provenance/figures/r190/work_preprint/R154_SMOOTH_CURVE_SEMANTICS_CANDIDATE_v1/publication_build/audits/R154_CURVE_SEMANTICS/R154_NONROTATION_ASSET_MAP_v1.json;LaTex/provenance/figures/r190/work_preprint/R154_SMOOTH_CURVE_SEMANTICS_CANDIDATE_v1/publication_build/LaTex/data/figures_r154/scientific_audit/R154_FULL_SCIENTIFIC_SERIES_AUDIT_v1.csv;LaTex/provenance/figures/r190/work_preprint/R154_SMOOTH_CURVE_SEMANTICS_CANDIDATE_v1/publication_build/LaTex/data/figures_r154/scientific_audit/R154_78_FIGURE_SCIENTIFIC_AUDIT_v1.json;LaTex/provenance/figures/r190/work_preprint/R154_SMOOTH_CURVE_SEMANTICS_CANDIDATE_v1/publication_build/LaTex/data/figures_r154/scientific_audit/R154_FULL_SCIENTIFIC_AUDIT_CHECKS_v1.json
fig:r114_finitebody_scalar_gates__continuation_dimensional_gate,main_text,52826,"\includegraphics[width=\textwidth,height=0.76\textheight,keepaspectratio]{figures/r148/public_labels/fig45_c_dimensional_gate_public_r148.pdf}",figures/r148/public_labels/fig45_c_dimensional_gate_public_r148.pdf,LaTex/figures/r148/public_labels/fig45_c_dimensional_gate_public_r148.pdf,558117e3d550b72cb9c04765bd2a9be1ee8e2448c3339c151e9c10ff7c322b9f,529.200x428.400pt,0.884354,7.119,7.119,NOT IDENTIFIABLE,scripts/figures/patch_public_figure_labels_r148.py + data/figures_r148/R148_PUBLIC_FIGURE_LABEL_SUCCESSORS_v1.json,LaTex/scripts/figures/patch_public_figure_labels_r148.py,1592ad2647e6d1e85921679f135a770ce555e2db70833245ebd8f51fcc9f0d05,LaTex/data/figures_r148/R148_PUBLIC_FIGURE_LABEL_SUCCESSORS_v1.json,89773c0340017cc2a208c02812d9fb87928ced085b528e95c627c20eed62e3de,python3 scripts/figures/verify_public_figure_registry.py --root . --registry FIGURE_REGISTRY.csv --json-registry FIGURE_REGISTRY.json --strict-palette --strict-provenance,presentation-only reader-facing successor; numerical content axes status and interpretation are unchanged; exact input and output hashes are pinned,inherited calm colour profile with border and status-text redundancy; rendered content and colour population outside the repaired text band are exactly preserved,see owning asset/seed registry; PENDING if not explicitly frozen,KEEP with SINGLE geometry; integrated,PASS in atlas exact-page owner/accessibility audit,PASS: p10=8.988095030767276 pt,PASS,LaTex/FIGURE_REGISTRY.csv:figures/r148/public_labels/fig45_c_dimensional_gate_public_r148.pdf;LaTex/work/preprint/R149_READER_LAYOUT_CANDIDATE_v1/borderline_figure_typography/review_main_b/R149_MAIN_B_FINAL_AUDIT_REPORT_v1.md;LaTex/work/preprint/R149_READER_LAYOUT_CANDIDATE_v1/borderline_figure_typography/review_atlas/R149_ROWS_28_53_EXACT_VERDICTS_v1.csv;LaTex/work/preprint/R149_READER_LAYOUT_CANDIDATE_v1/borderline_figure_typography/review_atlas/R149_ROWS_28_53_FINAL_AUDIT_REPORT_v1.md
fig:r103_ect_restricted_perturbation_proxies,main_text,53390,"\includegraphics[width=\textwidth,height=0.76\textheight,keepaspectratio]{figures/r153/line_semantics/restricted_perturbation_nodes_r153.pdf}",figures/r153/line_semantics/restricted_perturbation_nodes_r153.pdf,LaTex/figures/r153/line_semantics/restricted_perturbation_nodes_r153.pdf,37b7d6f645e755eb8c4be388297f6288b8de45c3bab136d615a2f84c51302e9d,476.400x400.800pt,0.955593,6.288,8.983,"Restricted perturbation carriers for the named near-GR two-slope state relative to its reference control. The calculation assumes one matter/photon metric, zero slip, the sub-horizon quasistatic limit, negligible scalar mass/mixing/scale dependence and a common primordial normalisation. It is a Level~C limiting diagnostic, not projected ISW, weak/CMB-lensing or survey bulk-flow spectra. The four evaluated redshift nodes are unconnected; no continuous perturbation history or interpolation is implied. Colour and marker shape provide redundant encodings.",R149 Main-B restricted_perturbation_proxies scientific owner; presentation-only reader-scale successor,LaTex/provenance/figures/r190/work_preprint/R149_READER_LAYOUT_CANDIDATE_v1/borderline_figure_typography/review_main_b/build_successors_b.py;LaTex/scripts/r153_line_semantics/build_r153_line_semantics_successors.py,8777c82e98ad9bb3b8c3a2c1403313ac84322d7307662001318dfdbd2045caeb;3a937fdd3c2c9299def90ab474424062669b2bcd3c7c8c009813110bc93572e2,LaTex/data/cosmology_r103/R103_RESTRICTED_ISW_LENSING_PROXY_v1.json;LaTex/data/cosmology_r103/R103_RESTRICTED_LARGE_FLOW_PROXY_v1.json;LaTex/data/cosmology_r103/R103_TWO_SLOPE_CONDITIONAL_OBSERVABLES_v1.json;LaTex/provenance/figures/r190/work_preprint/R123_VISUAL_READABILITY_AND_RESTORATION_CANDIDATE_v1/components/global_visual_remediation/p1_panel_work/scripts/build_r123_p1_panel_relayout.py,9f3f3205c116cb6f9b52791c7e5295a3145c1a1a0ca1ae35c1e45a565daa8fa7;52046c4583a55129dab61f04ea0068d36f69c51754326990325b0995a1670805;7ab8fb98486fbd9a4a80e0c2777f666bc455a26c8f3d9bb0c6d19aa4217f151f;8f6f4da993d8fafd94ddf887c8ddf94f718b880a8a2c71e1edb1f0b0dbcb9ba4,python3 scripts/figures/verify_public_figure_registry.py --root . --registry FIGURE_REGISTRY.csv --json-registry FIGURE_REGISTRY.json --strict-palette --strict-provenance,Level-C limiting diagnostic under the stated restrictions; not projected observables or spectra and not an ECT-specific prediction. Typography/palette only.,"calm Okabe--Ito-derived, luminance-first; marker/line/direct-label redundancy",see owning asset/seed registry; PENDING if not explicitly frozen,R153 line-semantics successor integrated in English TeX; scientific owner/data unchanged,"PASS: colour is redundant with marker, line style, boundary, or direct label",PASS: restricted proxy nodes no longer imply a continuous perturbation history,PASS,LaTex/work/preprint/R149_READER_LAYOUT_CANDIDATE_v1/borderline_figure_typography/review_main_b/R149_MAIN_B_SUCCESSOR_MANIFEST_v1.json;LaTex/work/preprint/R149_READER_LAYOUT_CANDIDATE_v1/borderline_figure_typography/review_atlas/R149_ROWS_28_53_EXACT_VERDICTS_v1.csv;LaTex/work/preprint/R149_READER_LAYOUT_CANDIDATE_v1/borderline_figure_typography/review_atlas/R149_ROWS_28_53_FINAL_AUDIT_REPORT_v1.md;LaTex/work/preprint/R153_FINAL_VISUAL_ZENODO_CANDIDATE_v2_LINE_SEMANTICS/audit/R153_LINE_SEMANTICS_AUDIT.md
fig:r114_pes_m1_same_channel_fdt_protocol,main_text,57543,"\includegraphics[width=\textwidth,height=0.76\textheight,keepaspectratio]{figures/r149/fig47_a_single_kms_channel_r149.pdf}",figures/r149/fig47_a_single_kms_channel_r149.pdf,LaTex/figures/r149/fig47_a_single_kms_channel_r149.pdf,4ca1077cbac761640872e6312dfb25c66889a2890497708878c5e449854dc31d,468.000x236.160pt,1.000000,8.600,8.800,"\textbf{M1 same-channel KMS/FDT protocol: canonical-channel replay.} This page shows the flat temperature recovered in one declared canonical KMS channel. It is a deterministic standard-source-model algebraic check, not experimental data, an ECT signal or evidence for global KMS thermality. Two-bath, nonthermal-occupation and mismatched-filter counterexamples follow on a separate full-width continuation. A physical test must forward-convolve the signed-frequency leakage/bin kernel, freeze or fit $S_0$ and inter-arm gain, use an informationally complete matrix or preregistered projections, specify generator, charges, state and preparation, and pass causality, analyticity, Kramers--Kronig, tail, subtraction, contact and Ward-term gates. Current ECT evaluation remains Open because the owning operator, vertex, state and transfer function are missing or not identifiable.",single KMS-channel figure under frozen M1 public protocol payload,LaTex/scripts/figures/make_r114_pes_m1_fdt_figure_v2.py,5cf03a9b248983c055162b01451d7b13466504a1c571dcead48b638b0d491d76,LaTex/figures/r123/global/panels/fig47_a_single_kms_channel_r123.pdf;LaTex/scripts/figures/make_r114_pes_m1_fdt_figure_v2.py;LaTex/provenance/figures/r190/work_preprint/R149_READER_LAYOUT_CANDIDATE_v1/second_half_typography_successors/assets/fig47_b_counterexamples_r149.pdf;LaTex/provenance/figures/r190/research_derivations/pes_usage/gpt/R120_PUBLIC_RELEASE_CLOSURE_CANDIDATE_v1/m1_final/M1_PUBLIC_PROTOCOL_PAYLOAD_v2.json,a45a7f0cbdcabdb386e73b7ba4293c6a3c22d93c66d6c08e47d1ff2eeb3687df;5cf03a9b248983c055162b01451d7b13466504a1c571dcead48b638b0d491d76;774288b958dc3dea14bddb034a3f20d0869755b843ae2c209ec65b0acdcbe893;ee4224bcd850ce243661dc2dbcca3b473a3df3dc37a288fed7ab2ca009a05a97,python3 scripts/figures/verify_public_figure_registry.py --root . --registry FIGURE_REGISTRY.csv --json-registry FIGURE_REGISTRY.json --strict-palette --strict-provenance,"scientific_change=none; current publication asset; standard-source-model replay only, physical ECT owner Open",ECT_R127_TERMINAL_CALM_OKABE_ITO_GRAY_SAFE_OR_EXPLICIT_LEGACY_VARIANT,"[""line style + marker shape + direct labels + luminance-separated curves""]",REPLACE successor integrated and hash-bound,PASS: owning package grayscale and CVD evidence,PASS: owning package human/bounds audit at intended insertion scale,PASS,R149_FIG47A_MANIFEST_v1.json;LaTex/work/preprint/R137_TERMINAL_FIGURE_REGISTRY_EN3_CANDIDATE_v1/frozen/R137_TERMINAL_FIGURE_REGISTRY_EN3_OWNER_v6/outputs/R137_FIGURE_REGISTRY_EN3_CANDIDATE_v1.csv;LaTex/work/preprint/R149_READER_LAYOUT_CANDIDATE_v1/borderline_figure_typography/review_atlas/R149_ROWS_28_53_EXACT_VERDICTS_v1.csv;LaTex/work/preprint/R149_READER_LAYOUT_CANDIDATE_v1/borderline_figure_typography/review_atlas/R149_ROWS_28_53_FINAL_AUDIT_REPORT_v1.md;LaTex/work/preprint/R149_READER_LAYOUT_CANDIDATE_v1/fig47a_typography_successor/R149_FIG47A_QA_v1.json
fig:r114_pes_m1_same_channel_fdt_protocol__continuation_counterexamples,main_text,57562,"\includegraphics[width=\textwidth,height=0.76\textheight,keepaspectratio]{figures/r153/line_semantics/m1_counterexample_bins_r153.pdf}",figures/r153/line_semantics/m1_counterexample_bins_r153.pdf,LaTex/figures/r153/line_semantics/m1_counterexample_bins_r153.pdf,44f62f70614cc1fdb0ef2553a824abefa742a0fa4e6a3d261e2f702036328258,444.966x320.288pt,1.023099,8.901,8.901,"\textbf{Figure~\ref{fig:r114_pes_m1_same_channel_fdt_protocol}, continued.} Two-bath, nonthermal-occupation and mismatched-filter counterexamples. The markers are independent finite-window/bin values and are not joined into a forward curve. ECT evaluation remains Open until the physical operator, vertex, state and transfer function are identified.",presentation-only successor from frozen second-half scientific owners,LaTex/provenance/figures/r190/work_preprint/R149_READER_LAYOUT_CANDIDATE_v1/second_half_typography_successors/build_successors.py;LaTex/scripts/r153_line_semantics/build_r153_line_semantics_successors.py,ed3ba4547281bd69da42acdea4637310f33e20ba29e1aebf8a46a92e11bc3844;3a937fdd3c2c9299def90ab474424062669b2bcd3c7c8c009813110bc93572e2,LaTex/provenance/figures/r190/research_derivations/pes_usage/gpt/R120_PUBLIC_RELEASE_CLOSURE_CANDIDATE_v1/m1_final/M1_PUBLIC_PROTOCOL_PAYLOAD_v2.json;LaTex/data/cosmology_r113/R113_ONE_POLE_CLUSTER_NO_GO_v2.json;LaTex/data/cosmology_r103/R103_TWO_SLOPE_HWG_FROZEN_v1.csv;LaTex/scripts/figures/make_r103_restored_visuals.py;LaTex/scripts/figures/make_r114_closure_figures.py;LaTex/scripts/figures/make_r114_pes_m1_fdt_figure_v2.py,ee4224bcd850ce243661dc2dbcca3b473a3df3dc37a288fed7ab2ca009a05a97;d0cbf68192cc26629b9ec92a561b0b999888b6fd5dc518c5648e6cbbbc86fff0;fe7d5c9b4aca42ff7e552e38eef96284efcdc89cdd9066d63b8f5bfe6c4acd8e;cf56ba45ca6da910782303ea15058ed378846392e58dfa1e75e790d6d29cef26;2112dd42d156e32a4651302b8791f87b6a3a6c4392ee54315a018175609721b5;5cf03a9b248983c055162b01451d7b13466504a1c571dcead48b638b0d491d76,python3 scripts/figures/verify_public_figure_registry.py --root . --registry FIGURE_REGISTRY.csv --json-registry FIGURE_REGISTRY.json --strict-palette --strict-provenance,scientific_change=none,"calm Okabe--Ito-derived, luminance-first; marker/line/direct-label redundancy","[""line style + marker shape + direct labels + luminance-separated curves""]",R153 line-semantics successor integrated in English TeX; scientific owner/data unchanged,"PASS: colour is redundant with marker, line style, boundary, or direct label",PASS: bins remain independent markers rather than a forward curve,PASS,R149_SECOND_HALF_TYPOGRAPHY_MANIFEST_v1.json;LaTex/work/preprint/R137_TERMINAL_FIGURE_REGISTRY_EN3_CANDIDATE_v1/frozen/R137_TERMINAL_FIGURE_REGISTRY_EN3_OWNER_v6/outputs/R137_FIGURE_REGISTRY_EN3_CANDIDATE_v1.csv;LaTex/work/preprint/R149_READER_LAYOUT_CANDIDATE_v1/borderline_figure_typography/review_atlas/R149_ROWS_28_53_EXACT_VERDICTS_v1.csv;LaTex/work/preprint/R149_READER_LAYOUT_CANDIDATE_v1/borderline_figure_typography/review_atlas/R149_ROWS_28_53_FINAL_AUDIT_REPORT_v1.md;LaTex/work/preprint/R149_READER_LAYOUT_CANDIDATE_v1/second_half_typography_successors/R149_SECOND_HALF_TYPOGRAPHY_SUCCESSORS_REPORT_v1.md;LaTex/work/preprint/R153_FINAL_VISUAL_ZENODO_CANDIDATE_v2_LINE_SEMANTICS/audit/R153_LINE_SEMANTICS_AUDIT.md
fig:r123_atlas_f10b,reproducibility_atlas,59434,\RAtlasFirstSingle{figures/r154/curve_semantics/nonrotation/fig10_b_fixed_angle_proxy_nodes_r154.pdf},figures/r154/curve_semantics/nonrotation/fig10_b_fixed_angle_proxy_nodes_r154.pdf,LaTex/figures/r154/curve_semantics/nonrotation/fig10_b_fixed_angle_proxy_nodes_r154.pdf,e2af00f6e25be62f1fbfc2f529169e6c5e54e364028db741345881cfed9d8bb7,419.198x346.658pt,0.884354,DEFERRED_COMPILED_PAGE_MEASUREMENT,DEFERRED_COMPILED_PAGE_MEASUREMENT,"Fixed-acoustic-angle proxy: three independently solved nodes per kappa family, unconnected; Level C, not a CMB or distance-ladder likelihood.",R149 atlas fig10_b_fixed_angle_proxy frozen scientific owner; presentation-only typography successor; R154 curve-semantics renderer,LaTex/provenance/figures/r190/active_predecessor_scripts/r154/build_r154_sparse_and_exact_successors.py,37ec0bbab59f442c0881e2ab0054e734b7f852cc31a03900e82c96e6b8137280,LaTex/provenance/figures/r190/work_preprint/R154_SMOOTH_CURVE_SEMANTICS_CANDIDATE_v1/publication_build/audits/R154_CURVE_SEMANTICS/R154_NONROTATION_ASSET_MAP_v1.json;LaTex/provenance/figures/r190/work_preprint/R154_SMOOTH_CURVE_SEMANTICS_CANDIDATE_v1/publication_build/LaTex/data/figures_r154/scientific_audit/R154_FULL_SCIENTIFIC_SERIES_AUDIT_v1.csv;LaTex/provenance/figures/r190/work_preprint/R154_SMOOTH_CURVE_SEMANTICS_CANDIDATE_v1/publication_build/LaTex/data/figures_r154/scientific_audit/R154_78_FIGURE_SCIENTIFIC_AUDIT_v1.json;LaTex/provenance/figures/r190/work_preprint/R154_SMOOTH_CURVE_SEMANTICS_CANDIDATE_v1/publication_build/LaTex/data/figures_r154/scientific_audit/R154_FULL_SCIENTIFIC_AUDIT_CHECKS_v1.json,7cd12e00e74972fea0a048327dd3eceff0b1ca44d030c061a17bd8dbc355f97d;fbac9bd76dd72fe75c309472fb173969ea79ec2060fa379751036dfb6538d279;d8fa63bd5055f090e5dad865bfb1eadcd95d371fe654b876f193bea5032ce574;0d1a1f472604a559b6a3712e12c9901ed29ff10822ebf3d46d48b0dc09a69987,python3 scripts/figures/verify_public_figure_registry.py --root . --registry FIGURE_REGISTRY.csv --json-registry FIGURE_REGISTRY.json --strict-palette --strict-provenance,"presentation-only; scientific payload/status unchanged; R154 display-only successor; numerical source ordinates, fits and scientific metrics unchanged",ECT calm Okabe--Ito diagnostic profile; luminance-first and grayscale/CVD redundant,see owning asset/seed registry; PENDING if not explicitly frozen,CURRENT ENGLISH PUBLICATION ASSET; exact output hash preserved; scientific owner and Level A/B/C/Open ceiling unchanged,PASS_STANDALONE_R190: human RGB/grayscale/protanopia/deuteranopia/tritanopia contact-sheet review; no colour-only status channel observed; owning-page context separate,"PASS_STANDALONE_CONTACT_SHEET_R190: human review found no visible clipping, direct-label loss or status-semantic change; high-resolution owning-page review separate",PENDING: owning-page compiled context and registry/manifest synchronization,LaTex/work/preprint/R149_READER_LAYOUT_CANDIDATE_v1/borderline_figure_typography/review_atlas/R149_ATLAS_SUCCESSOR_MANIFEST_v1.json;LaTex/work/preprint/R149_READER_LAYOUT_CANDIDATE_v1/borderline_figure_typography/review_atlas/R149_ROWS_28_53_EXACT_VERDICTS_v1.csv;LaTex/work/preprint/R149_READER_LAYOUT_CANDIDATE_v1/borderline_figure_typography/review_atlas/R149_ROWS_28_53_FINAL_AUDIT_REPORT_v1.md;LaTex/provenance/figures/r190/work_preprint/R154_SMOOTH_CURVE_SEMANTICS_CANDIDATE_v1/publication_build/audits/R154_CURVE_SEMANTICS/R154_NONROTATION_ASSET_MAP_v1.json;LaTex/provenance/figures/r190/work_preprint/R154_SMOOTH_CURVE_SEMANTICS_CANDIDATE_v1/publication_build/LaTex/data/figures_r154/scientific_audit/R154_FULL_SCIENTIFIC_SERIES_AUDIT_v1.csv;LaTex/provenance/figures/r190/work_preprint/R154_SMOOTH_CURVE_SEMANTICS_CANDIDATE_v1/publication_build/LaTex/data/figures_r154/scientific_audit/R154_78_FIGURE_SCIENTIFIC_AUDIT_v1.json;LaTex/provenance/figures/r190/work_preprint/R154_SMOOTH_CURVE_SEMANTICS_CANDIDATE_v1/publication_build/LaTex/data/figures_r154/scientific_audit/R154_FULL_SCIENTIFIC_AUDIT_CHECKS_v1.json
fig:r123_atlas_f11b,reproducibility_atlas,59435,\RAtlasSingle{figures/r154/curve_semantics/nonrotation/fig11_b_ballistic_distance_exact_r154.pdf},figures/r154/curve_semantics/nonrotation/fig11_b_ballistic_distance_exact_r154.pdf,LaTex/figures/r154/curve_semantics/nonrotation/fig11_b_ballistic_distance_exact_r154.pdf,0b36fd1eca19b26c3c4f7df4c67bb05cee86262967fca18371700c7fc9af6016,461.060x301.416pt,1.000000,DEFERRED_COMPILED_PAGE_MEASUREMENT,DEFERRED_COMPILED_PAGE_MEASUREMENT,"Ballistic distance mismatch: densely evaluated exact relation d = v tau, with source endpoints marked.",presentation-only successor from frozen second-half scientific owners; R154 curve-semantics renderer,LaTex/provenance/figures/r190/active_predecessor_scripts/r154/build_r154_sparse_and_exact_successors.py,37ec0bbab59f442c0881e2ab0054e734b7f852cc31a03900e82c96e6b8137280,LaTex/provenance/figures/r190/work_preprint/R154_SMOOTH_CURVE_SEMANTICS_CANDIDATE_v1/publication_build/audits/R154_CURVE_SEMANTICS/R154_NONROTATION_ASSET_MAP_v1.json;LaTex/provenance/figures/r190/work_preprint/R154_SMOOTH_CURVE_SEMANTICS_CANDIDATE_v1/publication_build/LaTex/data/figures_r154/scientific_audit/R154_FULL_SCIENTIFIC_SERIES_AUDIT_v1.csv;LaTex/provenance/figures/r190/work_preprint/R154_SMOOTH_CURVE_SEMANTICS_CANDIDATE_v1/publication_build/LaTex/data/figures_r154/scientific_audit/R154_78_FIGURE_SCIENTIFIC_AUDIT_v1.json;LaTex/provenance/figures/r190/work_preprint/R154_SMOOTH_CURVE_SEMANTICS_CANDIDATE_v1/publication_build/LaTex/data/figures_r154/scientific_audit/R154_FULL_SCIENTIFIC_AUDIT_CHECKS_v1.json,7cd12e00e74972fea0a048327dd3eceff0b1ca44d030c061a17bd8dbc355f97d;fbac9bd76dd72fe75c309472fb173969ea79ec2060fa379751036dfb6538d279;d8fa63bd5055f090e5dad865bfb1eadcd95d371fe654b876f193bea5032ce574;0d1a1f472604a559b6a3712e12c9901ed29ff10822ebf3d46d48b0dc09a69987,python3 scripts/figures/verify_public_figure_registry.py --root . --registry FIGURE_REGISTRY.csv --json-registry FIGURE_REGISTRY.json --strict-palette --strict-provenance,"scientific_change=none; R154 display-only successor; numerical source ordinates, fits and scientific metrics unchanged",ECT_R127_TERMINAL_CALM_OKABE_ITO_GRAY_SAFE_OR_EXPLICIT_LEGACY_VARIANT,"[""line style + marker shape + direct labels + luminance-separated curves""]",CURRENT ENGLISH PUBLICATION ASSET; exact output hash preserved; scientific owner and Level A/B/C/Open ceiling unchanged,PASS_STANDALONE_R190: human RGB/grayscale/protanopia/deuteranopia/tritanopia contact-sheet review; no colour-only status channel observed; owning-page context separate,"PASS_STANDALONE_CONTACT_SHEET_R190: human review found no visible clipping, direct-label loss or status-semantic change; high-resolution owning-page review separate",PENDING: owning-page compiled context and registry/manifest synchronization,R149_SECOND_HALF_TYPOGRAPHY_MANIFEST_v1.json;LaTex/work/preprint/R137_TERMINAL_FIGURE_REGISTRY_EN3_CANDIDATE_v1/frozen/R137_TERMINAL_FIGURE_REGISTRY_EN3_OWNER_v6/outputs/R137_FIGURE_REGISTRY_EN3_CANDIDATE_v1.csv;LaTex/work/preprint/R149_READER_LAYOUT_CANDIDATE_v1/borderline_figure_typography/review_atlas/R149_ROWS_28_53_EXACT_VERDICTS_v1.csv;LaTex/work/preprint/R149_READER_LAYOUT_CANDIDATE_v1/borderline_figure_typography/review_atlas/R149_ROWS_28_53_FINAL_AUDIT_REPORT_v1.md;LaTex/work/preprint/R149_READER_LAYOUT_CANDIDATE_v1/second_half_typography_successors/R149_SECOND_HALF_TYPOGRAPHY_SUCCESSORS_REPORT_v1.md;LaTex/provenance/figures/r190/work_preprint/R154_SMOOTH_CURVE_SEMANTICS_CANDIDATE_v1/publication_build/audits/R154_CURVE_SEMANTICS/R154_NONROTATION_ASSET_MAP_v1.json;LaTex/provenance/figures/r190/work_preprint/R154_SMOOTH_CURVE_SEMANTICS_CANDIDATE_v1/publication_build/LaTex/data/figures_r154/scientific_audit/R154_FULL_SCIENTIFIC_SERIES_AUDIT_v1.csv;LaTex/provenance/figures/r190/work_preprint/R154_SMOOTH_CURVE_SEMANTICS_CANDIDATE_v1/publication_build/LaTex/data/figures_r154/scientific_audit/R154_78_FIGURE_SCIENTIFIC_AUDIT_v1.json;LaTex/provenance/figures/r190/work_preprint/R154_SMOOTH_CURVE_SEMANTICS_CANDIDATE_v1/publication_build/LaTex/data/figures_r154/scientific_audit/R154_FULL_SCIENTIFIC_AUDIT_CHECKS_v1.json
fig:r123_atlas_f16a,reproducibility_atlas,59455,\RAtlasFirstSingle{figures/r123/global/panels/fig16_a_hrc0_ml_coupling_r123.pdf},figures/r123/global/panels/fig16_a_hrc0_ml_coupling_r123.pdf,LaTex/figures/r123/global/panels/fig16_a_hrc0_ml_coupling_r123.pdf,07f4d9d472037b5f5cfc6191b44491706bea47c6af6743d4bf2ed18d8ab6f32e,503.160x402.456pt,0.930122,9.115,9.115,HRC-0 stellar-$M/L$ coupling; Level-C nuisance diagnostic,R123 curve-luminance public successor; scientific arrays inherited from the frozen upstream panel owner,LaTex/provenance/figures/r190/work_preprint/R123_VISUAL_READABILITY_AND_RESTORATION_CANDIDATE_v3/components/curve_luminance_readable/build_curve_luminance_readable_v1.py,ae7464996e4bc5b5351b987680326aee2e4e3cf6dce6120a71c3118fa56efe7d,LaTex/data/cosmology_r103/R103_CONDITIONAL_ECT_AGE_MATCHING_RESULTS_v1.json;LaTex/data/cosmology_r103/R103_OFFICIAL_CCCOVARIANCE_SUBSET_RESULT_v1.json;LaTex/data/cosmology_r103/R103_RESTRICTED_ISW_LENSING_PROXY_v1.json;LaTex/data/cosmology_r103/R103_RESTRICTED_LARGE_FLOW_PROXY_v1.json;LaTex/data/cosmology_r103/R103_TWO_SLOPE_BACKGROUND_DENSE_METADATA_v1.json;LaTex/data/cosmology_r103/R103_TWO_SLOPE_BACKGROUND_DENSE_v1.csv;LaTex/data/cosmology_r103/R103_TWO_SLOPE_CALIBRATED_SCAN_v1.json;LaTex/data/cosmology_r103/R103_TWO_SLOPE_CONDITIONAL_OBSERVABLES_v1.csv;LaTex/data/cosmology_r103/R103_TWO_SLOPE_CONDITIONAL_OBSERVABLES_v1.json;LaTex/data/cosmology_r103/R103_TWO_SLOPE_HWG_FROZEN_v1.csv;LaTex/data/cosmology_r113/R113_EARLY_RESPONSE_GROWTH_COLLAPSE_ENVELOPE_v3.csv;LaTex/data/hrc_r97/R97_HRC_PER_GALAXY_FITS.csv;NOT IDENTIFIED FOR REDISTRIBUTION: external input data/hrc_r97/R97_HRC_SOURCE_POINTS.csv is declared in EXTERNAL_INPUTS.json with expected sha256 5f9b884e611e61189a97cc6c8fdb01e430bfc7bf7cef3faf05be2b0d2b8a2e80;LaTex/data/hrc_r97/R97_HRC_UDG_DIAGNOSTIC.csv,e967d42e2013970576c831d05baf9baf54c68c744e9882081298136a29a3bc5a;e1f9969194e94ec1f186d34e236595883e6e48ee9052cdf8dc7a1d88e14e3776;9f3f3205c116cb6f9b52791c7e5295a3145c1a1a0ca1ae35c1e45a565daa8fa7;52046c4583a55129dab61f04ea0068d36f69c51754326990325b0995a1670805;94bc139e3f76701a9f7cee574d20e8d2e7cbed4bf174a8206e3191e6faeff6da;03c9c3e7894e3b0f5b258ba0275abdf76faf80083223fe46f44727c25ebcfe56;58bcb51d1c22823f165dfcd490705825add959e3378a60268be4f44243f834eb;67d87a0dd709d7816a21ec375ab7e1827c1ce367256e536804e1a26e194edff6;7ab8fb98486fbd9a4a80e0c2777f666bc455a26c8f3d9bb0c6d19aa4217f151f;fe7d5c9b4aca42ff7e552e38eef96284efcdc89cdd9066d63b8f5bfe6c4acd8e;8a6fd7818ee0fc0ed5683ec58fa3beeff778e7966590c5ba606442f71e631e35;b1dab351ade1766163e0f330d704d4aa1c68268d128b6079388d4c5b80c628e5;NOT IDENTIFIED FOR REDISTRIBUTION: external input data/hrc_r97/R97_HRC_SOURCE_POINTS.csv is declared in EXTERNAL_INPUTS.json with expected sha256 5f9b884e611e61189a97cc6c8fdb01e430bfc7bf7cef3faf05be2b0d2b8a2e80;4ad8d2021a573a7715dfb7eb2f97e752e9b8eb355373a9cc880b5c8d584a7db5,python3 scripts/figures/verify_public_figure_registry.py --root . --registry FIGURE_REGISTRY.csv --json-registry FIGURE_REGISTRY.json --strict-palette --strict-provenance,Level C: Level-C nuisance diagnostic,ECT_R127_TERMINAL_CALM_OKABE_ITO_GRAY_SAFE_OR_EXPLICIT_LEGACY_VARIANT,"[""line style + marker shape + direct labels + luminance-separated curves""]",KEEP with SINGLE geometry; integrated,PASS in atlas exact-page owner/accessibility audit,PASS: p10=12.604342004828494 pt,PASS,LaTex/work/preprint/R123_VISUAL_READABILITY_AND_RESTORATION_CANDIDATE_v3/components/curve_luminance_readable/manifests/R123_CURVE_LUMINANCE_READABLE_MANIFEST_v1.json;LaTex/work/preprint/R137_TERMINAL_FIGURE_REGISTRY_EN3_CANDIDATE_v1/frozen/R137_TERMINAL_FIGURE_REGISTRY_EN3_OWNER_v6/outputs/R137_FIGURE_REGISTRY_EN3_CANDIDATE_v1.csv;LaTex/work/preprint/R149_READER_LAYOUT_CANDIDATE_v1/borderline_figure_typography/review_atlas/R149_ROWS_28_53_EXACT_VERDICTS_v1.csv;LaTex/work/preprint/R149_READER_LAYOUT_CANDIDATE_v1/borderline_figure_typography/review_atlas/R149_ROWS_28_53_FINAL_AUDIT_REPORT_v1.md
fig:r123_atlas_f16b,reproducibility_atlas,59456,\RAtlasSingle{figures/r123/global/panels/fig16_b_hrc3_ml_coupling_r123.pdf},figures/r123/global/panels/fig16_b_hrc3_ml_coupling_r123.pdf,LaTex/figures/r123/global/panels/fig16_b_hrc3_ml_coupling_r123.pdf,6a55f6969c4796c90c24c77ec6db63abb19ab394e6828c29bebda43fe04af2a0,503.160x402.456pt,0.930122,9.115,9.115,HRC-3 stellar-$M/L$ coupling; Level-C nuisance diagnostic,R123 curve-luminance public successor; scientific arrays inherited from the frozen upstream panel owner,LaTex/provenance/figures/r190/work_preprint/R123_VISUAL_READABILITY_AND_RESTORATION_CANDIDATE_v3/components/curve_luminance_readable/build_curve_luminance_readable_v1.py,ae7464996e4bc5b5351b987680326aee2e4e3cf6dce6120a71c3118fa56efe7d,LaTex/data/cosmology_r103/R103_CONDITIONAL_ECT_AGE_MATCHING_RESULTS_v1.json;LaTex/data/cosmology_r103/R103_OFFICIAL_CCCOVARIANCE_SUBSET_RESULT_v1.json;LaTex/data/cosmology_r103/R103_RESTRICTED_ISW_LENSING_PROXY_v1.json;LaTex/data/cosmology_r103/R103_RESTRICTED_LARGE_FLOW_PROXY_v1.json;LaTex/data/cosmology_r103/R103_TWO_SLOPE_BACKGROUND_DENSE_METADATA_v1.json;LaTex/data/cosmology_r103/R103_TWO_SLOPE_BACKGROUND_DENSE_v1.csv;LaTex/data/cosmology_r103/R103_TWO_SLOPE_CALIBRATED_SCAN_v1.json;LaTex/data/cosmology_r103/R103_TWO_SLOPE_CONDITIONAL_OBSERVABLES_v1.csv;LaTex/data/cosmology_r103/R103_TWO_SLOPE_CONDITIONAL_OBSERVABLES_v1.json;LaTex/data/cosmology_r103/R103_TWO_SLOPE_HWG_FROZEN_v1.csv;LaTex/data/cosmology_r113/R113_EARLY_RESPONSE_GROWTH_COLLAPSE_ENVELOPE_v3.csv;LaTex/data/hrc_r97/R97_HRC_PER_GALAXY_FITS.csv;NOT IDENTIFIED FOR REDISTRIBUTION: external input data/hrc_r97/R97_HRC_SOURCE_POINTS.csv is declared in EXTERNAL_INPUTS.json with expected sha256 5f9b884e611e61189a97cc6c8fdb01e430bfc7bf7cef3faf05be2b0d2b8a2e80;LaTex/data/hrc_r97/R97_HRC_UDG_DIAGNOSTIC.csv,e967d42e2013970576c831d05baf9baf54c68c744e9882081298136a29a3bc5a;e1f9969194e94ec1f186d34e236595883e6e48ee9052cdf8dc7a1d88e14e3776;9f3f3205c116cb6f9b52791c7e5295a3145c1a1a0ca1ae35c1e45a565daa8fa7;52046c4583a55129dab61f04ea0068d36f69c51754326990325b0995a1670805;94bc139e3f76701a9f7cee574d20e8d2e7cbed4bf174a8206e3191e6faeff6da;03c9c3e7894e3b0f5b258ba0275abdf76faf80083223fe46f44727c25ebcfe56;58bcb51d1c22823f165dfcd490705825add959e3378a60268be4f44243f834eb;67d87a0dd709d7816a21ec375ab7e1827c1ce367256e536804e1a26e194edff6;7ab8fb98486fbd9a4a80e0c2777f666bc455a26c8f3d9bb0c6d19aa4217f151f;fe7d5c9b4aca42ff7e552e38eef96284efcdc89cdd9066d63b8f5bfe6c4acd8e;8a6fd7818ee0fc0ed5683ec58fa3beeff778e7966590c5ba606442f71e631e35;b1dab351ade1766163e0f330d704d4aa1c68268d128b6079388d4c5b80c628e5;NOT IDENTIFIED FOR REDISTRIBUTION: external input data/hrc_r97/R97_HRC_SOURCE_POINTS.csv is declared in EXTERNAL_INPUTS.json with expected sha256 5f9b884e611e61189a97cc6c8fdb01e430bfc7bf7cef3faf05be2b0d2b8a2e80;4ad8d2021a573a7715dfb7eb2f97e752e9b8eb355373a9cc880b5c8d584a7db5,python3 scripts/figures/verify_public_figure_registry.py --root . --registry FIGURE_REGISTRY.csv --json-registry FIGURE_REGISTRY.json --strict-palette --strict-provenance,Level C: Level-C nuisance diagnostic,ECT_R127_TERMINAL_CALM_OKABE_ITO_GRAY_SAFE_OR_EXPLICIT_LEGACY_VARIANT,"[""line style + marker shape + direct labels + luminance-separated curves""]",KEEP with SINGLE geometry; integrated,PASS in atlas exact-page owner/accessibility audit,PASS: p10=12.604342004828494 pt,PASS,LaTex/work/preprint/R123_VISUAL_READABILITY_AND_RESTORATION_CANDIDATE_v3/components/curve_luminance_readable/manifests/R123_CURVE_LUMINANCE_READABLE_MANIFEST_v1.json;LaTex/work/preprint/R137_TERMINAL_FIGURE_REGISTRY_EN3_CANDIDATE_v1/frozen/R137_TERMINAL_FIGURE_REGISTRY_EN3_OWNER_v6/outputs/R137_FIGURE_REGISTRY_EN3_CANDIDATE_v1.csv;LaTex/work/preprint/R149_READER_LAYOUT_CANDIDATE_v1/borderline_figure_typography/review_atlas/R149_ROWS_28_53_EXACT_VERDICTS_v1.csv;LaTex/work/preprint/R149_READER_LAYOUT_CANDIDATE_v1/borderline_figure_typography/review_atlas/R149_ROWS_28_53_FINAL_AUDIT_REPORT_v1.md
fig:r123_atlas_f17b,reproducibility_atlas,59457,\RAtlasSingle{figures/r123/global/panels/fig17_b_sparc_regime_diagnostic_r123.pdf},figures/r123/global/panels/fig17_b_sparc_regime_diagnostic_r123.pdf,LaTex/figures/r123/global/panels/fig17_b_sparc_regime_diagnostic_r123.pdf,c436cec83eb9440770565f5676cbf78146cf2fb76a4b94c320af4ee9967b3fb8,512.400x390.000pt,0.913350,8.951,12.787,SPARC regime census; frozen Level-C sample diagnostic,R123 curve-luminance public successor; scientific arrays inherited from the frozen upstream panel owner,LaTex/provenance/figures/r190/work_preprint/R123_VISUAL_READABILITY_AND_RESTORATION_CANDIDATE_v3/components/curve_luminance_readable/build_curve_luminance_readable_v1.py,ae7464996e4bc5b5351b987680326aee2e4e3cf6dce6120a71c3118fa56efe7d,LaTex/data/cosmology_r103/R103_CONDITIONAL_ECT_AGE_MATCHING_RESULTS_v1.json;LaTex/data/cosmology_r103/R103_OFFICIAL_CCCOVARIANCE_SUBSET_RESULT_v1.json;LaTex/data/cosmology_r103/R103_RESTRICTED_ISW_LENSING_PROXY_v1.json;LaTex/data/cosmology_r103/R103_RESTRICTED_LARGE_FLOW_PROXY_v1.json;LaTex/data/cosmology_r103/R103_TWO_SLOPE_BACKGROUND_DENSE_METADATA_v1.json;LaTex/data/cosmology_r103/R103_TWO_SLOPE_BACKGROUND_DENSE_v1.csv;LaTex/data/cosmology_r103/R103_TWO_SLOPE_CALIBRATED_SCAN_v1.json;LaTex/data/cosmology_r103/R103_TWO_SLOPE_CONDITIONAL_OBSERVABLES_v1.csv;LaTex/data/cosmology_r103/R103_TWO_SLOPE_CONDITIONAL_OBSERVABLES_v1.json;LaTex/data/cosmology_r103/R103_TWO_SLOPE_HWG_FROZEN_v1.csv;LaTex/data/cosmology_r113/R113_EARLY_RESPONSE_GROWTH_COLLAPSE_ENVELOPE_v3.csv;LaTex/data/hrc_r97/R97_HRC_PER_GALAXY_FITS.csv;NOT IDENTIFIED FOR REDISTRIBUTION: external input data/hrc_r97/R97_HRC_SOURCE_POINTS.csv is declared in EXTERNAL_INPUTS.json with expected sha256 5f9b884e611e61189a97cc6c8fdb01e430bfc7bf7cef3faf05be2b0d2b8a2e80;LaTex/data/hrc_r97/R97_HRC_UDG_DIAGNOSTIC.csv,e967d42e2013970576c831d05baf9baf54c68c744e9882081298136a29a3bc5a;e1f9969194e94ec1f186d34e236595883e6e48ee9052cdf8dc7a1d88e14e3776;9f3f3205c116cb6f9b52791c7e5295a3145c1a1a0ca1ae35c1e45a565daa8fa7;52046c4583a55129dab61f04ea0068d36f69c51754326990325b0995a1670805;94bc139e3f76701a9f7cee574d20e8d2e7cbed4bf174a8206e3191e6faeff6da;03c9c3e7894e3b0f5b258ba0275abdf76faf80083223fe46f44727c25ebcfe56;58bcb51d1c22823f165dfcd490705825add959e3378a60268be4f44243f834eb;67d87a0dd709d7816a21ec375ab7e1827c1ce367256e536804e1a26e194edff6;7ab8fb98486fbd9a4a80e0c2777f666bc455a26c8f3d9bb0c6d19aa4217f151f;fe7d5c9b4aca42ff7e552e38eef96284efcdc89cdd9066d63b8f5bfe6c4acd8e;8a6fd7818ee0fc0ed5683ec58fa3beeff778e7966590c5ba606442f71e631e35;b1dab351ade1766163e0f330d704d4aa1c68268d128b6079388d4c5b80c628e5;NOT IDENTIFIED FOR REDISTRIBUTION: external input data/hrc_r97/R97_HRC_SOURCE_POINTS.csv is declared in EXTERNAL_INPUTS.json with expected sha256 5f9b884e611e61189a97cc6c8fdb01e430bfc7bf7cef3faf05be2b0d2b8a2e80;4ad8d2021a573a7715dfb7eb2f97e752e9b8eb355373a9cc880b5c8d584a7db5,python3 scripts/figures/verify_public_figure_registry.py --root . --registry FIGURE_REGISTRY.csv --json-registry FIGURE_REGISTRY.json --strict-palette --strict-provenance,Level C: frozen Level-C sample diagnostic,ECT_R127_TERMINAL_CALM_OKABE_ITO_GRAY_SAFE_OR_EXPLICIT_LEGACY_VARIANT,"[""line style + marker shape + direct labels + luminance-separated curves""]",KEEP with SINGLE geometry; integrated,PASS in atlas exact-page owner/accessibility audit,PASS: p10=12.377060385074532 pt,PASS,LaTex/work/preprint/R123_VISUAL_READABILITY_AND_RESTORATION_CANDIDATE_v3/components/curve_luminance_readable/manifests/R123_CURVE_LUMINANCE_READABLE_MANIFEST_v1.json;LaTex/work/preprint/R137_TERMINAL_FIGURE_REGISTRY_EN3_CANDIDATE_v1/frozen/R137_TERMINAL_FIGURE_REGISTRY_EN3_OWNER_v6/outputs/R137_FIGURE_REGISTRY_EN3_CANDIDATE_v1.csv;LaTex/work/preprint/R149_READER_LAYOUT_CANDIDATE_v1/borderline_figure_typography/review_atlas/R149_ROWS_28_53_EXACT_VERDICTS_v1.csv;LaTex/work/preprint/R149_READER_LAYOUT_CANDIDATE_v1/borderline_figure_typography/review_atlas/R149_ROWS_28_53_FINAL_AUDIT_REPORT_v1.md
fig:r123_atlas_f18a,reproducibility_atlas,59462,\includegraphics[width=1.14\textwidth]{figures/r154/curve_semantics/atlas/fig18_a_ddo154_r154.pdf},figures/r154/curve_semantics/atlas/fig18_a_ddo154_r154.pdf,LaTex/figures/r154/curve_semantics/atlas/fig18_a_ddo154_r154.pdf,cee8034c06ebdeac19145d552e74f80637db60f442f91c5567622e82edf9d550,518.400x370.800pt,1.029167,DEFERRED_COMPILED_PAGE_MEASUREMENT,DEFERRED_COMPILED_PAGE_MEASUREMENT,"Held-out rotation-curve comparisons: DDO~154. Points are SPARC velocities; directly labelled curves show baryon-only weak-field GR, MOND-standard, HRC-0, conditional HRC-3 and a separately fitted two-parameter NFW halo. The galaxies and whole-galaxy split assignment were frozen before this rendering pass. The calculation is a local algebraic disk diagnostic, not a finite-thickness field solution or population likelihood. The NFW curve is $\Lambda$CDM-motivated and is not a unique $\Lambda$CDM prediction.",scripts/figures/patch_public_figure_labels_r148.py + data/figures_r148/R148_PUBLIC_FIGURE_LABEL_SUCCESSORS_v1.json; R154 curve-semantics renderer,LaTex/provenance/figures/r190/active_predecessor_scripts/r154/build_r154_smooth_rotation_successors.py,f30b3f347f4d3d24fe80acdd5b51f0dd9e8de81fe7b1d49de741bb83ec0ef04c,LaTex/provenance/figures/r190/work_preprint/R154_SMOOTH_CURVE_SEMANTICS_CANDIDATE_v1/publication_build/LaTex/data/figures_r154/rotation/R154_SMOOTH_CURVE_SEMANTICS_QA_v1.json;LaTex/provenance/figures/r190/work_preprint/R154_SMOOTH_CURVE_SEMANTICS_CANDIDATE_v1/publication_build/LaTex/data/figures_r154/scientific_audit/R154_FULL_SCIENTIFIC_SERIES_AUDIT_v1.csv;LaTex/provenance/figures/r190/work_preprint/R154_SMOOTH_CURVE_SEMANTICS_CANDIDATE_v1/publication_build/LaTex/data/figures_r154/scientific_audit/R154_78_FIGURE_SCIENTIFIC_AUDIT_v1.json;LaTex/provenance/figures/r190/work_preprint/R154_SMOOTH_CURVE_SEMANTICS_CANDIDATE_v1/publication_build/LaTex/data/figures_r154/scientific_audit/R154_FULL_SCIENTIFIC_AUDIT_CHECKS_v1.json,cd6528160ed4ed7e5f20d09185e6d93f4e484b8c6c8341a5da19e8fda80c9993;fbac9bd76dd72fe75c309472fb173969ea79ec2060fa379751036dfb6538d279;d8fa63bd5055f090e5dad865bfb1eadcd95d371fe654b876f193bea5032ce574;0d1a1f472604a559b6a3712e12c9901ed29ff10822ebf3d46d48b0dc09a69987,python3 scripts/figures/verify_public_figure_registry.py --root . --registry FIGURE_REGISTRY.csv --json-registry FIGURE_REGISTRY.json --strict-palette --strict-provenance,"presentation-only reader-facing successor; fixed stellar-M/L protocol replaces an internal round label; numerical curves axes status and interpretation are unchanged; R154 display-only successor; numerical source ordinates, fits and scientific metrics unchanged",inherited Okabe--Ito curve profile plus line-style and marker redundancy; rendered content and colour population outside the repaired text band are exactly preserved,see owning asset/seed registry; PENDING if not explicitly frozen,CURRENT ENGLISH PUBLICATION ASSET; exact output hash preserved; scientific owner and Level A/B/C/Open ceiling unchanged,PASS_STANDALONE_R190: human RGB/grayscale/protanopia/deuteranopia/tritanopia contact-sheet review; no colour-only status channel observed; owning-page context separate,"PASS_STANDALONE_CONTACT_SHEET_R190: human review found no visible clipping, direct-label loss or status-semantic change; high-resolution owning-page review separate",PENDING: owning-page compiled context and registry/manifest synchronization,LaTex/FIGURE_REGISTRY.csv:figures/r148/public_labels/fig18_a_ddo154_public_r148.pdf;LaTex/work/preprint/R149_READER_LAYOUT_CANDIDATE_v1/borderline_figure_typography/review_atlas/R149_ROWS_28_53_EXACT_VERDICTS_v1.csv;LaTex/work/preprint/R149_READER_LAYOUT_CANDIDATE_v1/borderline_figure_typography/review_atlas/R149_ROWS_28_53_FINAL_AUDIT_REPORT_v1.md;LaTex/provenance/figures/r190/work_preprint/R154_SMOOTH_CURVE_SEMANTICS_CANDIDATE_v1/publication_build/LaTex/data/figures_r154/rotation/R154_SMOOTH_CURVE_SEMANTICS_QA_v1.json;LaTex/provenance/figures/r190/work_preprint/R154_SMOOTH_CURVE_SEMANTICS_CANDIDATE_v1/publication_build/LaTex/data/figures_r154/scientific_audit/R154_FULL_SCIENTIFIC_SERIES_AUDIT_v1.csv;LaTex/provenance/figures/r190/work_preprint/R154_SMOOTH_CURVE_SEMANTICS_CANDIDATE_v1/publication_build/LaTex/data/figures_r154/scientific_audit/R154_78_FIGURE_SCIENTIFIC_AUDIT_v1.json;LaTex/provenance/figures/r190/work_preprint/R154_SMOOTH_CURVE_SEMANTICS_CANDIDATE_v1/publication_build/LaTex/data/figures_r154/scientific_audit/R154_FULL_SCIENTIFIC_AUDIT_CHECKS_v1.json
fig:r123_atlas_f18b,reproducibility_atlas,59477,\RAtlasWideSingle{figures/r154/curve_semantics/atlas/fig18_b_ngc2403_r154.pdf},figures/r154/curve_semantics/atlas/fig18_b_ngc2403_r154.pdf,LaTex/figures/r154/curve_semantics/atlas/fig18_b_ngc2403_r154.pdf,b677034d2b5ae8df504308ea2f2da859e4ca81ea6b910dec01e88d7bfae4355f,518.400x370.800pt,1.029167,DEFERRED_COMPILED_PAGE_MEASUREMENT,DEFERRED_COMPILED_PAGE_MEASUREMENT,Held-out comparison: NGC~2403; held-out Level-C external comparison; not population model selection,scripts/figures/patch_public_figure_labels_r148.py + data/figures_r148/R148_PUBLIC_FIGURE_LABEL_SUCCESSORS_v1.json; R154 curve-semantics renderer,LaTex/provenance/figures/r190/active_predecessor_scripts/r154/build_r154_smooth_rotation_successors.py,f30b3f347f4d3d24fe80acdd5b51f0dd9e8de81fe7b1d49de741bb83ec0ef04c,LaTex/provenance/figures/r190/work_preprint/R154_SMOOTH_CURVE_SEMANTICS_CANDIDATE_v1/publication_build/LaTex/data/figures_r154/rotation/R154_SMOOTH_CURVE_SEMANTICS_QA_v1.json;LaTex/provenance/figures/r190/work_preprint/R154_SMOOTH_CURVE_SEMANTICS_CANDIDATE_v1/publication_build/LaTex/data/figures_r154/scientific_audit/R154_FULL_SCIENTIFIC_SERIES_AUDIT_v1.csv;LaTex/provenance/figures/r190/work_preprint/R154_SMOOTH_CURVE_SEMANTICS_CANDIDATE_v1/publication_build/LaTex/data/figures_r154/scientific_audit/R154_78_FIGURE_SCIENTIFIC_AUDIT_v1.json;LaTex/provenance/figures/r190/work_preprint/R154_SMOOTH_CURVE_SEMANTICS_CANDIDATE_v1/publication_build/LaTex/data/figures_r154/scientific_audit/R154_FULL_SCIENTIFIC_AUDIT_CHECKS_v1.json,cd6528160ed4ed7e5f20d09185e6d93f4e484b8c6c8341a5da19e8fda80c9993;fbac9bd76dd72fe75c309472fb173969ea79ec2060fa379751036dfb6538d279;d8fa63bd5055f090e5dad865bfb1eadcd95d371fe654b876f193bea5032ce574;0d1a1f472604a559b6a3712e12c9901ed29ff10822ebf3d46d48b0dc09a69987,python3 scripts/figures/verify_public_figure_registry.py --root . --registry FIGURE_REGISTRY.csv --json-registry FIGURE_REGISTRY.json --strict-palette --strict-provenance,"presentation-only reader-facing successor; fixed stellar-M/L protocol replaces an internal round label; numerical curves axes status and interpretation are unchanged; R154 display-only successor; numerical source ordinates, fits and scientific metrics unchanged",inherited Okabe--Ito curve profile plus line-style and marker redundancy; rendered content and colour population outside the repaired text band are exactly preserved,see owning asset/seed registry; PENDING if not explicitly frozen,CURRENT ENGLISH PUBLICATION ASSET; exact output hash preserved; scientific owner and Level A/B/C/Open ceiling unchanged,PASS_STANDALONE_R190: human RGB/grayscale/protanopia/deuteranopia/tritanopia contact-sheet review; no colour-only status channel observed; owning-page context separate,"PASS_STANDALONE_CONTACT_SHEET_R190: human review found no visible clipping, direct-label loss or status-semantic change; high-resolution owning-page review separate",PENDING: owning-page compiled context and registry/manifest synchronization,LaTex/FIGURE_REGISTRY.csv:figures/r148/public_labels/fig18_b_ngc2403_public_r148.pdf;LaTex/work/preprint/R149_READER_LAYOUT_CANDIDATE_v1/borderline_figure_typography/review_atlas/R149_ROWS_28_53_EXACT_VERDICTS_v1.csv;LaTex/work/preprint/R149_READER_LAYOUT_CANDIDATE_v1/borderline_figure_typography/review_atlas/R149_ROWS_28_53_FINAL_AUDIT_REPORT_v1.md;LaTex/provenance/figures/r190/work_preprint/R154_SMOOTH_CURVE_SEMANTICS_CANDIDATE_v1/publication_build/LaTex/data/figures_r154/rotation/R154_SMOOTH_CURVE_SEMANTICS_QA_v1.json;LaTex/provenance/figures/r190/work_preprint/R154_SMOOTH_CURVE_SEMANTICS_CANDIDATE_v1/publication_build/LaTex/data/figures_r154/scientific_audit/R154_FULL_SCIENTIFIC_SERIES_AUDIT_v1.csv;LaTex/provenance/figures/r190/work_preprint/R154_SMOOTH_CURVE_SEMANTICS_CANDIDATE_v1/publication_build/LaTex/data/figures_r154/scientific_audit/R154_78_FIGURE_SCIENTIFIC_AUDIT_v1.json;LaTex/provenance/figures/r190/work_preprint/R154_SMOOTH_CURVE_SEMANTICS_CANDIDATE_v1/publication_build/LaTex/data/figures_r154/scientific_audit/R154_FULL_SCIENTIFIC_AUDIT_CHECKS_v1.json
fig:r123_atlas_f18c,reproducibility_atlas,59478,\RAtlasWideSingle{figures/r154/curve_semantics/atlas/fig18_c_ngc3198_r154.pdf},figures/r154/curve_semantics/atlas/fig18_c_ngc3198_r154.pdf,LaTex/figures/r154/curve_semantics/atlas/fig18_c_ngc3198_r154.pdf,8dd766c9431dbca5739f997e75d0acf34906fb9416b51448ba806af03776a069,518.400x370.800pt,1.029167,DEFERRED_COMPILED_PAGE_MEASUREMENT,DEFERRED_COMPILED_PAGE_MEASUREMENT,Held-out comparison: NGC~3198; held-out Level-C external comparison; not population model selection,scripts/figures/patch_public_figure_labels_r148.py + data/figures_r148/R148_PUBLIC_FIGURE_LABEL_SUCCESSORS_v1.json; R154 curve-semantics renderer,LaTex/provenance/figures/r190/active_predecessor_scripts/r154/build_r154_smooth_rotation_successors.py,f30b3f347f4d3d24fe80acdd5b51f0dd9e8de81fe7b1d49de741bb83ec0ef04c,LaTex/provenance/figures/r190/work_preprint/R154_SMOOTH_CURVE_SEMANTICS_CANDIDATE_v1/publication_build/LaTex/data/figures_r154/rotation/R154_SMOOTH_CURVE_SEMANTICS_QA_v1.json;LaTex/provenance/figures/r190/work_preprint/R154_SMOOTH_CURVE_SEMANTICS_CANDIDATE_v1/publication_build/LaTex/data/figures_r154/scientific_audit/R154_FULL_SCIENTIFIC_SERIES_AUDIT_v1.csv;LaTex/provenance/figures/r190/work_preprint/R154_SMOOTH_CURVE_SEMANTICS_CANDIDATE_v1/publication_build/LaTex/data/figures_r154/scientific_audit/R154_78_FIGURE_SCIENTIFIC_AUDIT_v1.json;LaTex/provenance/figures/r190/work_preprint/R154_SMOOTH_CURVE_SEMANTICS_CANDIDATE_v1/publication_build/LaTex/data/figures_r154/scientific_audit/R154_FULL_SCIENTIFIC_AUDIT_CHECKS_v1.json,cd6528160ed4ed7e5f20d09185e6d93f4e484b8c6c8341a5da19e8fda80c9993;fbac9bd76dd72fe75c309472fb173969ea79ec2060fa379751036dfb6538d279;d8fa63bd5055f090e5dad865bfb1eadcd95d371fe654b876f193bea5032ce574;0d1a1f472604a559b6a3712e12c9901ed29ff10822ebf3d46d48b0dc09a69987,python3 scripts/figures/verify_public_figure_registry.py --root . --registry FIGURE_REGISTRY.csv --json-registry FIGURE_REGISTRY.json --strict-palette --strict-provenance,"presentation-only reader-facing successor; fixed stellar-M/L protocol replaces an internal round label; numerical curves axes status and interpretation are unchanged; R154 display-only successor; numerical source ordinates, fits and scientific metrics unchanged",inherited Okabe--Ito curve profile plus line-style and marker redundancy; rendered content and colour population outside the repaired text band are exactly preserved,see owning asset/seed registry; PENDING if not explicitly frozen,CURRENT ENGLISH PUBLICATION ASSET; exact output hash preserved; scientific owner and Level A/B/C/Open ceiling unchanged,PASS_STANDALONE_R190: human RGB/grayscale/protanopia/deuteranopia/tritanopia contact-sheet review; no colour-only status channel observed; owning-page context separate,"PASS_STANDALONE_CONTACT_SHEET_R190: human review found no visible clipping, direct-label loss or status-semantic change; high-resolution owning-page review separate",PENDING: owning-page compiled context and registry/manifest synchronization,LaTex/FIGURE_REGISTRY.csv:figures/r148/public_labels/fig18_c_ngc3198_public_r148.pdf;LaTex/work/preprint/R149_READER_LAYOUT_CANDIDATE_v1/borderline_figure_typography/review_atlas/R149_ROWS_28_53_EXACT_VERDICTS_v1.csv;LaTex/work/preprint/R149_READER_LAYOUT_CANDIDATE_v1/borderline_figure_typography/review_atlas/R149_ROWS_28_53_FINAL_AUDIT_REPORT_v1.md;LaTex/provenance/figures/r190/work_preprint/R154_SMOOTH_CURVE_SEMANTICS_CANDIDATE_v1/publication_build/LaTex/data/figures_r154/rotation/R154_SMOOTH_CURVE_SEMANTICS_QA_v1.json;LaTex/provenance/figures/r190/work_preprint/R154_SMOOTH_CURVE_SEMANTICS_CANDIDATE_v1/publication_build/LaTex/data/figures_r154/scientific_audit/R154_FULL_SCIENTIFIC_SERIES_AUDIT_v1.csv;LaTex/provenance/figures/r190/work_preprint/R154_SMOOTH_CURVE_SEMANTICS_CANDIDATE_v1/publication_build/LaTex/data/figures_r154/scientific_audit/R154_78_FIGURE_SCIENTIFIC_AUDIT_v1.json;LaTex/provenance/figures/r190/work_preprint/R154_SMOOTH_CURVE_SEMANTICS_CANDIDATE_v1/publication_build/LaTex/data/figures_r154/scientific_audit/R154_FULL_SCIENTIFIC_AUDIT_CHECKS_v1.json
fig:r123_atlas_f18d,reproducibility_atlas,59479,\RAtlasSingle{figures/r154/curve_semantics/atlas/fig18_d_ngc6503_r154.pdf},figures/r154/curve_semantics/atlas/fig18_d_ngc6503_r154.pdf,LaTex/figures/r154/curve_semantics/atlas/fig18_d_ngc6503_r154.pdf,e5ac2b85cde7a1eed5cccff4c6db0b9cd1a84ec6eb6917d21491bd8a00a0db33,518.400x370.800pt,0.902778,DEFERRED_COMPILED_PAGE_MEASUREMENT,DEFERRED_COMPILED_PAGE_MEASUREMENT,Held-out comparison: NGC~6503; held-out Level-C external comparison; not population model selection,scripts/figures/patch_public_figure_labels_r148.py + data/figures_r148/R148_PUBLIC_FIGURE_LABEL_SUCCESSORS_v1.json; R154 curve-semantics renderer,LaTex/provenance/figures/r190/active_predecessor_scripts/r154/build_r154_smooth_rotation_successors.py,f30b3f347f4d3d24fe80acdd5b51f0dd9e8de81fe7b1d49de741bb83ec0ef04c,LaTex/provenance/figures/r190/work_preprint/R154_SMOOTH_CURVE_SEMANTICS_CANDIDATE_v1/publication_build/LaTex/data/figures_r154/rotation/R154_SMOOTH_CURVE_SEMANTICS_QA_v1.json;LaTex/provenance/figures/r190/work_preprint/R154_SMOOTH_CURVE_SEMANTICS_CANDIDATE_v1/publication_build/LaTex/data/figures_r154/scientific_audit/R154_FULL_SCIENTIFIC_SERIES_AUDIT_v1.csv;LaTex/provenance/figures/r190/work_preprint/R154_SMOOTH_CURVE_SEMANTICS_CANDIDATE_v1/publication_build/LaTex/data/figures_r154/scientific_audit/R154_78_FIGURE_SCIENTIFIC_AUDIT_v1.json;LaTex/provenance/figures/r190/work_preprint/R154_SMOOTH_CURVE_SEMANTICS_CANDIDATE_v1/publication_build/LaTex/data/figures_r154/scientific_audit/R154_FULL_SCIENTIFIC_AUDIT_CHECKS_v1.json,cd6528160ed4ed7e5f20d09185e6d93f4e484b8c6c8341a5da19e8fda80c9993;fbac9bd76dd72fe75c309472fb173969ea79ec2060fa379751036dfb6538d279;d8fa63bd5055f090e5dad865bfb1eadcd95d371fe654b876f193bea5032ce574;0d1a1f472604a559b6a3712e12c9901ed29ff10822ebf3d46d48b0dc09a69987,python3 scripts/figures/verify_public_figure_registry.py --root . --registry FIGURE_REGISTRY.csv --json-registry FIGURE_REGISTRY.json --strict-palette --strict-provenance,"presentation-only reader-facing successor; fixed stellar-M/L protocol replaces an internal round label; numerical curves axes status and interpretation are unchanged; R154 display-only successor; numerical source ordinates, fits and scientific metrics unchanged",inherited Okabe--Ito curve profile plus line-style and marker redundancy; rendered content and colour population outside the repaired text band are exactly preserved,see owning asset/seed registry; PENDING if not explicitly frozen,CURRENT ENGLISH PUBLICATION ASSET; exact output hash preserved; scientific owner and Level A/B/C/Open ceiling unchanged,PASS_STANDALONE_R190: human RGB/grayscale/protanopia/deuteranopia/tritanopia contact-sheet review; no colour-only status channel observed; owning-page context separate,"PASS_STANDALONE_CONTACT_SHEET_R190: human review found no visible clipping, direct-label loss or status-semantic change; high-resolution owning-page review separate",PENDING: owning-page compiled context and registry/manifest synchronization,LaTex/FIGURE_REGISTRY.csv:figures/r148/public_labels/fig18_d_ngc6503_public_r148.pdf;LaTex/work/preprint/R148_ZENODO_RELEASE_CANDIDATE_v2/public_label_repair/R148_PUBLIC_FIGURE_LABEL_SUCCESSORS_v1.json;LaTex/work/preprint/R148_ZENODO_RELEASE_CANDIDATE_v2/public_label_repair/R148_PUBLIC_FIGURE_LABEL_SUCCESSORS_VERIFICATION_v1.json;LaTex/work/preprint/R149_READER_LAYOUT_CANDIDATE_v1/atlas_layout_successor/qa/verification.json;LaTex/provenance/figures/r190/work_preprint/R154_SMOOTH_CURVE_SEMANTICS_CANDIDATE_v1/publication_build/LaTex/data/figures_r154/rotation/R154_SMOOTH_CURVE_SEMANTICS_QA_v1.json;LaTex/provenance/figures/r190/work_preprint/R154_SMOOTH_CURVE_SEMANTICS_CANDIDATE_v1/publication_build/LaTex/data/figures_r154/scientific_audit/R154_FULL_SCIENTIFIC_SERIES_AUDIT_v1.csv;LaTex/provenance/figures/r190/work_preprint/R154_SMOOTH_CURVE_SEMANTICS_CANDIDATE_v1/publication_build/LaTex/data/figures_r154/scientific_audit/R154_78_FIGURE_SCIENTIFIC_AUDIT_v1.json;LaTex/provenance/figures/r190/work_preprint/R154_SMOOTH_CURVE_SEMANTICS_CANDIDATE_v1/publication_build/LaTex/data/figures_r154/scientific_audit/R154_FULL_SCIENTIFIC_AUDIT_CHECKS_v1.json
fig:r123_atlas_f19a,reproducibility_atlas,59483,"\includegraphics[width=\textwidth,height=0.76\textheight,keepaspectratio]{figures/r154/curve_semantics/atlas/fig19_a_gallery_lowacc_1_r154.pdf}",figures/r154/curve_semantics/atlas/fig19_a_gallery_lowacc_1_r154.pdf,LaTex/figures/r154/curve_semantics/atlas/fig19_a_gallery_lowacc_1_r154.pdf,98f96dd4ccc9a4121090b6821c2e821b24efa18c3ec8e3b269f5ebdfb1a66e86,518.400x432.000pt,0.902778,DEFERRED_COMPILED_PAGE_MEASUREMENT,DEFERRED_COMPILED_PAGE_MEASUREMENT,"Frozen acceleration-stratified rotation-curve gallery. Selection is frozen without visual tuning: four quantiles are taken from each of four strata in median baryonic acceleration. Each panel shows SPARC data, baryon-only weak-field GR, MOND-standard, HRC-0, conditional HRC-3 and a separately fitted two-parameter NFW benchmark. Per-galaxy fitted response scales and NFW parameters make this a Level-C shape/residual diagnostic, not a universal-scale or population model-selection result.",R127 frozen SPARC rotation-comparison atlas; Level-C external comparison with declared domain/owner guards; R154 curve-semantics renderer,LaTex/provenance/figures/r190/active_predecessor_scripts/r154/build_r154_smooth_rotation_successors.py,f30b3f347f4d3d24fe80acdd5b51f0dd9e8de81fe7b1d49de741bb83ec0ef04c,LaTex/provenance/figures/r190/work_preprint/R154_SMOOTH_CURVE_SEMANTICS_CANDIDATE_v1/publication_build/LaTex/data/figures_r154/rotation/R154_SMOOTH_CURVE_SEMANTICS_QA_v1.json;LaTex/provenance/figures/r190/work_preprint/R154_SMOOTH_CURVE_SEMANTICS_CANDIDATE_v1/publication_build/LaTex/data/figures_r154/scientific_audit/R154_FULL_SCIENTIFIC_SERIES_AUDIT_v1.csv;LaTex/provenance/figures/r190/work_preprint/R154_SMOOTH_CURVE_SEMANTICS_CANDIDATE_v1/publication_build/LaTex/data/figures_r154/scientific_audit/R154_78_FIGURE_SCIENTIFIC_AUDIT_v1.json;LaTex/provenance/figures/r190/work_preprint/R154_SMOOTH_CURVE_SEMANTICS_CANDIDATE_v1/publication_build/LaTex/data/figures_r154/scientific_audit/R154_FULL_SCIENTIFIC_AUDIT_CHECKS_v1.json,cd6528160ed4ed7e5f20d09185e6d93f4e484b8c6c8341a5da19e8fda80c9993;fbac9bd76dd72fe75c309472fb173969ea79ec2060fa379751036dfb6538d279;d8fa63bd5055f090e5dad865bfb1eadcd95d371fe654b876f193bea5032ce574;0d1a1f472604a559b6a3712e12c9901ed29ff10822ebf3d46d48b0dc09a69987,python3 scripts/figures/verify_public_figure_registry.py --root . --registry FIGURE_REGISTRY.csv --json-registry FIGURE_REGISTRY.json --strict-palette --strict-provenance,"Level-C external comparison atlas; no unique LCDM prediction; scientific payload frozen; R154 display-only successor; numerical source ordinates, fits and scientific metrics unchanged",ECT_R127_TERMINAL_CALM_OKABE_ITO_GRAY_SAFE_OR_EXPLICIT_LEGACY_VARIANT,"[""line style + marker shape + direct labels + luminance-separated curves""]",CURRENT ENGLISH PUBLICATION ASSET; exact output hash preserved; scientific owner and Level A/B/C/Open ceiling unchanged,PASS_STANDALONE_R190: human RGB/grayscale/protanopia/deuteranopia/tritanopia contact-sheet review; no colour-only status channel observed; owning-page context separate,"PASS_STANDALONE_CONTACT_SHEET_R190: human review found no visible clipping, direct-label loss or status-semantic change; high-resolution owning-page review separate",PENDING: owning-page compiled context and registry/manifest synchronization,LaTex/work/preprint/R123_VISUAL_READABILITY_AND_RESTORATION_CANDIDATE_v3/components/rotation_comparison_full_atlas_r127/R127_ROTATION_FULL_ATLAS_MANIFEST_v1.json;LaTex/work/preprint/R137_TERMINAL_FIGURE_REGISTRY_EN3_CANDIDATE_v1/frozen/R137_TERMINAL_FIGURE_REGISTRY_EN3_OWNER_v6/outputs/R137_FIGURE_REGISTRY_EN3_CANDIDATE_v1.csv;LaTex/work/preprint/R123_VISUAL_READABILITY_AND_RESTORATION_CANDIDATE_v3/components/rotation_comparison_full_atlas_r127/R127_ROTATION_FULL_ATLAS_HUMAN_VISUAL_REVIEW_v1.json;LaTex/work/preprint/R137_TERMINAL_FIGURE_REGISTRY_EN3_CANDIDATE_v1/frozen/R137_TERMINAL_FIGURE_REGISTRY_EN3_OWNER_v6/outputs/R137_FIGURE_REGISTRY_EN3_CANDIDATE_v1.csv;LaTex/work/preprint/R149_READER_LAYOUT_CANDIDATE_v1/atlas_layout_successor/qa/verification.json;LaTex/provenance/figures/r190/work_preprint/R154_SMOOTH_CURVE_SEMANTICS_CANDIDATE_v1/publication_build/LaTex/data/figures_r154/rotation/R154_SMOOTH_CURVE_SEMANTICS_QA_v1.json;LaTex/provenance/figures/r190/work_preprint/R154_SMOOTH_CURVE_SEMANTICS_CANDIDATE_v1/publication_build/LaTex/data/figures_r154/scientific_audit/R154_FULL_SCIENTIFIC_SERIES_AUDIT_v1.csv;LaTex/provenance/figures/r190/work_preprint/R154_SMOOTH_CURVE_SEMANTICS_CANDIDATE_v1/publication_build/LaTex/data/figures_r154/scientific_audit/R154_78_FIGURE_SCIENTIFIC_AUDIT_v1.json;LaTex/provenance/figures/r190/work_preprint/R154_SMOOTH_CURVE_SEMANTICS_CANDIDATE_v1/publication_build/LaTex/data/figures_r154/scientific_audit/R154_FULL_SCIENTIFIC_AUDIT_CHECKS_v1.json
fig:r123_atlas_f19b,reproducibility_atlas,59497,\RAtlasSingle{figures/r154/curve_semantics/atlas/fig19_b_gallery_lowacc_2_r154.pdf},figures/r154/curve_semantics/atlas/fig19_b_gallery_lowacc_2_r154.pdf,LaTex/figures/r154/curve_semantics/atlas/fig19_b_gallery_lowacc_2_r154.pdf,ac5e0f64b5fadffc008411386ecfdb4dacdf9c9108fa380d76d8fe41aca220da,518.400x432.000pt,0.902778,DEFERRED_COMPILED_PAGE_MEASUREMENT,DEFERRED_COMPILED_PAGE_MEASUREMENT,"Frozen comparison gallery, low-acceleration page II; frozen Level-C external comparison; not population model selection",R127 frozen SPARC rotation-comparison atlas; Level-C external comparison with declared domain/owner guards; R154 curve-semantics renderer,LaTex/provenance/figures/r190/active_predecessor_scripts/r154/build_r154_smooth_rotation_successors.py,f30b3f347f4d3d24fe80acdd5b51f0dd9e8de81fe7b1d49de741bb83ec0ef04c,LaTex/provenance/figures/r190/work_preprint/R154_SMOOTH_CURVE_SEMANTICS_CANDIDATE_v1/publication_build/LaTex/data/figures_r154/rotation/R154_SMOOTH_CURVE_SEMANTICS_QA_v1.json;LaTex/provenance/figures/r190/work_preprint/R154_SMOOTH_CURVE_SEMANTICS_CANDIDATE_v1/publication_build/LaTex/data/figures_r154/scientific_audit/R154_FULL_SCIENTIFIC_SERIES_AUDIT_v1.csv;LaTex/provenance/figures/r190/work_preprint/R154_SMOOTH_CURVE_SEMANTICS_CANDIDATE_v1/publication_build/LaTex/data/figures_r154/scientific_audit/R154_78_FIGURE_SCIENTIFIC_AUDIT_v1.json;LaTex/provenance/figures/r190/work_preprint/R154_SMOOTH_CURVE_SEMANTICS_CANDIDATE_v1/publication_build/LaTex/data/figures_r154/scientific_audit/R154_FULL_SCIENTIFIC_AUDIT_CHECKS_v1.json,cd6528160ed4ed7e5f20d09185e6d93f4e484b8c6c8341a5da19e8fda80c9993;fbac9bd76dd72fe75c309472fb173969ea79ec2060fa379751036dfb6538d279;d8fa63bd5055f090e5dad865bfb1eadcd95d371fe654b876f193bea5032ce574;0d1a1f472604a559b6a3712e12c9901ed29ff10822ebf3d46d48b0dc09a69987,python3 scripts/figures/verify_public_figure_registry.py --root . --registry FIGURE_REGISTRY.csv --json-registry FIGURE_REGISTRY.json --strict-palette --strict-provenance,"Level-C external comparison atlas; no unique LCDM prediction; scientific payload frozen; R154 display-only successor; numerical source ordinates, fits and scientific metrics unchanged",ECT_R127_TERMINAL_CALM_OKABE_ITO_GRAY_SAFE_OR_EXPLICIT_LEGACY_VARIANT,"[""line style + marker shape + direct labels + luminance-separated curves""]",CURRENT ENGLISH PUBLICATION ASSET; exact output hash preserved; scientific owner and Level A/B/C/Open ceiling unchanged,PASS_STANDALONE_R190: human RGB/grayscale/protanopia/deuteranopia/tritanopia contact-sheet review; no colour-only status channel observed; owning-page context separate,"PASS_STANDALONE_CONTACT_SHEET_R190: human review found no visible clipping, direct-label loss or status-semantic change; high-resolution owning-page review separate",PENDING: owning-page compiled context and registry/manifest synchronization,LaTex/work/preprint/R123_VISUAL_READABILITY_AND_RESTORATION_CANDIDATE_v3/components/rotation_comparison_full_atlas_r127/R127_ROTATION_FULL_ATLAS_MANIFEST_v1.json;LaTex/work/preprint/R137_TERMINAL_FIGURE_REGISTRY_EN3_CANDIDATE_v1/frozen/R137_TERMINAL_FIGURE_REGISTRY_EN3_OWNER_v6/outputs/R137_FIGURE_REGISTRY_EN3_CANDIDATE_v1.csv;LaTex/work/preprint/R123_VISUAL_READABILITY_AND_RESTORATION_CANDIDATE_v3/components/rotation_comparison_full_atlas_r127/R127_ROTATION_FULL_ATLAS_HUMAN_VISUAL_REVIEW_v1.json;LaTex/work/preprint/R137_TERMINAL_FIGURE_REGISTRY_EN3_CANDIDATE_v1/frozen/R137_TERMINAL_FIGURE_REGISTRY_EN3_OWNER_v6/outputs/R137_FIGURE_REGISTRY_EN3_CANDIDATE_v1.csv;LaTex/work/preprint/R149_READER_LAYOUT_CANDIDATE_v1/atlas_layout_successor/qa/verification.json;LaTex/provenance/figures/r190/work_preprint/R154_SMOOTH_CURVE_SEMANTICS_CANDIDATE_v1/publication_build/LaTex/data/figures_r154/rotation/R154_SMOOTH_CURVE_SEMANTICS_QA_v1.json;LaTex/provenance/figures/r190/work_preprint/R154_SMOOTH_CURVE_SEMANTICS_CANDIDATE_v1/publication_build/LaTex/data/figures_r154/scientific_audit/R154_FULL_SCIENTIFIC_SERIES_AUDIT_v1.csv;LaTex/provenance/figures/r190/work_preprint/R154_SMOOTH_CURVE_SEMANTICS_CANDIDATE_v1/publication_build/LaTex/data/figures_r154/scientific_audit/R154_78_FIGURE_SCIENTIFIC_AUDIT_v1.json;LaTex/provenance/figures/r190/work_preprint/R154_SMOOTH_CURVE_SEMANTICS_CANDIDATE_v1/publication_build/LaTex/data/figures_r154/scientific_audit/R154_FULL_SCIENTIFIC_AUDIT_CHECKS_v1.json
fig:r123_atlas_f19c,reproducibility_atlas,59498,\RAtlasSingle{figures/r154/curve_semantics/atlas/fig19_c_gallery_highacc_1_r154.pdf},figures/r154/curve_semantics/atlas/fig19_c_gallery_highacc_1_r154.pdf,LaTex/figures/r154/curve_semantics/atlas/fig19_c_gallery_highacc_1_r154.pdf,42407a190f9fe3910fe21cdd032a4051822d12821cdbb231ef2937841a8de939,518.400x432.000pt,0.902778,DEFERRED_COMPILED_PAGE_MEASUREMENT,DEFERRED_COMPILED_PAGE_MEASUREMENT,"Frozen comparison gallery, high-acceleration page I; frozen Level-C external comparison; not population model selection",R127 frozen SPARC rotation-comparison atlas; Level-C external comparison with declared domain/owner guards; R154 curve-semantics renderer,LaTex/provenance/figures/r190/active_predecessor_scripts/r154/build_r154_smooth_rotation_successors.py,f30b3f347f4d3d24fe80acdd5b51f0dd9e8de81fe7b1d49de741bb83ec0ef04c,LaTex/provenance/figures/r190/work_preprint/R154_SMOOTH_CURVE_SEMANTICS_CANDIDATE_v1/publication_build/LaTex/data/figures_r154/rotation/R154_SMOOTH_CURVE_SEMANTICS_QA_v1.json;LaTex/provenance/figures/r190/work_preprint/R154_SMOOTH_CURVE_SEMANTICS_CANDIDATE_v1/publication_build/LaTex/data/figures_r154/scientific_audit/R154_FULL_SCIENTIFIC_SERIES_AUDIT_v1.csv;LaTex/provenance/figures/r190/work_preprint/R154_SMOOTH_CURVE_SEMANTICS_CANDIDATE_v1/publication_build/LaTex/data/figures_r154/scientific_audit/R154_78_FIGURE_SCIENTIFIC_AUDIT_v1.json;LaTex/provenance/figures/r190/work_preprint/R154_SMOOTH_CURVE_SEMANTICS_CANDIDATE_v1/publication_build/LaTex/data/figures_r154/scientific_audit/R154_FULL_SCIENTIFIC_AUDIT_CHECKS_v1.json,cd6528160ed4ed7e5f20d09185e6d93f4e484b8c6c8341a5da19e8fda80c9993;fbac9bd76dd72fe75c309472fb173969ea79ec2060fa379751036dfb6538d279;d8fa63bd5055f090e5dad865bfb1eadcd95d371fe654b876f193bea5032ce574;0d1a1f472604a559b6a3712e12c9901ed29ff10822ebf3d46d48b0dc09a69987,python3 scripts/figures/verify_public_figure_registry.py --root . --registry FIGURE_REGISTRY.csv --json-registry FIGURE_REGISTRY.json --strict-palette --strict-provenance,"Level-C external comparison atlas; no unique LCDM prediction; scientific payload frozen; R154 display-only successor; numerical source ordinates, fits and scientific metrics unchanged",ECT_R127_TERMINAL_CALM_OKABE_ITO_GRAY_SAFE_OR_EXPLICIT_LEGACY_VARIANT,"[""line style + marker shape + direct labels + luminance-separated curves""]",CURRENT ENGLISH PUBLICATION ASSET; exact output hash preserved; scientific owner and Level A/B/C/Open ceiling unchanged,PASS_STANDALONE_R190: human RGB/grayscale/protanopia/deuteranopia/tritanopia contact-sheet review; no colour-only status channel observed; owning-page context separate,"PASS_STANDALONE_CONTACT_SHEET_R190: human review found no visible clipping, direct-label loss or status-semantic change; high-resolution owning-page review separate",PENDING: owning-page compiled context and registry/manifest synchronization,LaTex/work/preprint/R123_VISUAL_READABILITY_AND_RESTORATION_CANDIDATE_v3/components/rotation_comparison_full_atlas_r127/R127_ROTATION_FULL_ATLAS_MANIFEST_v1.json;LaTex/work/preprint/R137_TERMINAL_FIGURE_REGISTRY_EN3_CANDIDATE_v1/frozen/R137_TERMINAL_FIGURE_REGISTRY_EN3_OWNER_v6/outputs/R137_FIGURE_REGISTRY_EN3_CANDIDATE_v1.csv;LaTex/work/preprint/R123_VISUAL_READABILITY_AND_RESTORATION_CANDIDATE_v3/components/rotation_comparison_full_atlas_r127/R127_ROTATION_FULL_ATLAS_HUMAN_VISUAL_REVIEW_v1.json;LaTex/work/preprint/R137_TERMINAL_FIGURE_REGISTRY_EN3_CANDIDATE_v1/frozen/R137_TERMINAL_FIGURE_REGISTRY_EN3_OWNER_v6/outputs/R137_FIGURE_REGISTRY_EN3_CANDIDATE_v1.csv;LaTex/work/preprint/R149_READER_LAYOUT_CANDIDATE_v1/atlas_layout_successor/qa/verification.json;LaTex/provenance/figures/r190/work_preprint/R154_SMOOTH_CURVE_SEMANTICS_CANDIDATE_v1/publication_build/LaTex/data/figures_r154/rotation/R154_SMOOTH_CURVE_SEMANTICS_QA_v1.json;LaTex/provenance/figures/r190/work_preprint/R154_SMOOTH_CURVE_SEMANTICS_CANDIDATE_v1/publication_build/LaTex/data/figures_r154/scientific_audit/R154_FULL_SCIENTIFIC_SERIES_AUDIT_v1.csv;LaTex/provenance/figures/r190/work_preprint/R154_SMOOTH_CURVE_SEMANTICS_CANDIDATE_v1/publication_build/LaTex/data/figures_r154/scientific_audit/R154_78_FIGURE_SCIENTIFIC_AUDIT_v1.json;LaTex/provenance/figures/r190/work_preprint/R154_SMOOTH_CURVE_SEMANTICS_CANDIDATE_v1/publication_build/LaTex/data/figures_r154/scientific_audit/R154_FULL_SCIENTIFIC_AUDIT_CHECKS_v1.json
fig:r123_atlas_f19d,reproducibility_atlas,59499,\RAtlasSingle{figures/r154/curve_semantics/atlas/fig19_d_gallery_highacc_2_r154.pdf},figures/r154/curve_semantics/atlas/fig19_d_gallery_highacc_2_r154.pdf,LaTex/figures/r154/curve_semantics/atlas/fig19_d_gallery_highacc_2_r154.pdf,567058039062d39b1a4078843486438ed91eaa91bf5ff088abbd7239d710ece4,518.400x432.000pt,0.902778,DEFERRED_COMPILED_PAGE_MEASUREMENT,DEFERRED_COMPILED_PAGE_MEASUREMENT,"Frozen comparison gallery, high-acceleration page II; frozen Level-C external comparison; not population model selection",R127 frozen SPARC rotation-comparison atlas; Level-C external comparison with declared domain/owner guards; R154 curve-semantics renderer,LaTex/provenance/figures/r190/active_predecessor_scripts/r154/build_r154_smooth_rotation_successors.py,f30b3f347f4d3d24fe80acdd5b51f0dd9e8de81fe7b1d49de741bb83ec0ef04c,LaTex/provenance/figures/r190/work_preprint/R154_SMOOTH_CURVE_SEMANTICS_CANDIDATE_v1/publication_build/LaTex/data/figures_r154/rotation/R154_SMOOTH_CURVE_SEMANTICS_QA_v1.json;LaTex/provenance/figures/r190/work_preprint/R154_SMOOTH_CURVE_SEMANTICS_CANDIDATE_v1/publication_build/LaTex/data/figures_r154/scientific_audit/R154_FULL_SCIENTIFIC_SERIES_AUDIT_v1.csv;LaTex/provenance/figures/r190/work_preprint/R154_SMOOTH_CURVE_SEMANTICS_CANDIDATE_v1/publication_build/LaTex/data/figures_r154/scientific_audit/R154_78_FIGURE_SCIENTIFIC_AUDIT_v1.json;LaTex/provenance/figures/r190/work_preprint/R154_SMOOTH_CURVE_SEMANTICS_CANDIDATE_v1/publication_build/LaTex/data/figures_r154/scientific_audit/R154_FULL_SCIENTIFIC_AUDIT_CHECKS_v1.json,cd6528160ed4ed7e5f20d09185e6d93f4e484b8c6c8341a5da19e8fda80c9993;fbac9bd76dd72fe75c309472fb173969ea79ec2060fa379751036dfb6538d279;d8fa63bd5055f090e5dad865bfb1eadcd95d371fe654b876f193bea5032ce574;0d1a1f472604a559b6a3712e12c9901ed29ff10822ebf3d46d48b0dc09a69987,python3 scripts/figures/verify_public_figure_registry.py --root . --registry FIGURE_REGISTRY.csv --json-registry FIGURE_REGISTRY.json --strict-palette --strict-provenance,"Level-C external comparison atlas; no unique LCDM prediction; scientific payload frozen; R154 display-only successor; numerical source ordinates, fits and scientific metrics unchanged",ECT_R127_TERMINAL_CALM_OKABE_ITO_GRAY_SAFE_OR_EXPLICIT_LEGACY_VARIANT,"[""line style + marker shape + direct labels + luminance-separated curves""]",CURRENT ENGLISH PUBLICATION ASSET; exact output hash preserved; scientific owner and Level A/B/C/Open ceiling unchanged,"PASS_STANDALONE_R190: post-remediation human RGB/grayscale/protanopia/deuteranopia/tritanopia review; direct labels, line styles, markers and luminance preserve distinctions",PASS_STANDALONE_R190: full-resolution label remediation verified; direct-label intersections 15 -> 0; outside-page spans 0,PENDING: owning-page compiled context and registry/manifest synchronization,LaTex/work/preprint/R123_VISUAL_READABILITY_AND_RESTORATION_CANDIDATE_v3/components/rotation_comparison_full_atlas_r127/R127_ROTATION_FULL_ATLAS_MANIFEST_v1.json;LaTex/work/preprint/R137_TERMINAL_FIGURE_REGISTRY_EN3_CANDIDATE_v1/frozen/R137_TERMINAL_FIGURE_REGISTRY_EN3_OWNER_v6/outputs/R137_FIGURE_REGISTRY_EN3_CANDIDATE_v1.csv;LaTex/work/preprint/R123_VISUAL_READABILITY_AND_RESTORATION_CANDIDATE_v3/components/rotation_comparison_full_atlas_r127/R127_ROTATION_FULL_ATLAS_HUMAN_VISUAL_REVIEW_v1.json;LaTex/work/preprint/R137_TERMINAL_FIGURE_REGISTRY_EN3_CANDIDATE_v1/frozen/R137_TERMINAL_FIGURE_REGISTRY_EN3_OWNER_v6/outputs/R137_FIGURE_REGISTRY_EN3_CANDIDATE_v1.csv;LaTex/work/preprint/R149_READER_LAYOUT_CANDIDATE_v1/atlas_layout_successor/qa/verification.json;LaTex/provenance/figures/r190/work_preprint/R154_SMOOTH_CURVE_SEMANTICS_CANDIDATE_v1/publication_build/LaTex/data/figures_r154/rotation/R154_SMOOTH_CURVE_SEMANTICS_QA_v1.json;LaTex/provenance/figures/r190/work_preprint/R154_SMOOTH_CURVE_SEMANTICS_CANDIDATE_v1/publication_build/LaTex/data/figures_r154/scientific_audit/R154_FULL_SCIENTIFIC_SERIES_AUDIT_v1.csv;LaTex/provenance/figures/r190/work_preprint/R154_SMOOTH_CURVE_SEMANTICS_CANDIDATE_v1/publication_build/LaTex/data/figures_r154/scientific_audit/R154_78_FIGURE_SCIENTIFIC_AUDIT_v1.json;LaTex/provenance/figures/r190/work_preprint/R154_SMOOTH_CURVE_SEMANTICS_CANDIDATE_v1/publication_build/LaTex/data/figures_r154/scientific_audit/R154_FULL_SCIENTIFIC_AUDIT_CHECKS_v1.json
fig:r123_atlas_f20a,reproducibility_atlas,59503,"\includegraphics[width=\textwidth,height=0.76\textheight,keepaspectratio]{figures/r154/curve_semantics/atlas/fig20_a_ugc02953_r154.pdf}",figures/r154/curve_semantics/atlas/fig20_a_ugc02953_r154.pdf,LaTex/figures/r154/curve_semantics/atlas/fig20_a_ugc02953_r154.pdf,c92062efc0926140ad6cb49e13fdcf71a17dd302cef59ec606ff45087a1b63f4,518.400x370.800pt,0.902778,DEFERRED_COMPILED_PAGE_MEASUREMENT,DEFERRED_COMPILED_PAGE_MEASUREMENT,"Post-hoc residual-stress comparisons. Two systems maximise the HRC-0 minus HRC-3 fit difference and two maximise the reverse difference in the frozen point registry. Every panel now includes SPARC data, baryon-only weak-field GR, MOND-standard, HRC-0, conditional HRC-3 and a separately fitted two-parameter NFW benchmark. Because the objects were selected after viewing the residual statistic, this remains an explanatory Level-C red-team diagnostic, not a held-out model-selection result.",scripts/figures/patch_public_figure_labels_r148.py + data/figures_r148/R148_PUBLIC_FIGURE_LABEL_SUCCESSORS_v1.json; R154 curve-semantics renderer,LaTex/provenance/figures/r190/active_predecessor_scripts/r154/build_r154_smooth_rotation_successors.py,f30b3f347f4d3d24fe80acdd5b51f0dd9e8de81fe7b1d49de741bb83ec0ef04c,LaTex/provenance/figures/r190/work_preprint/R154_SMOOTH_CURVE_SEMANTICS_CANDIDATE_v1/publication_build/LaTex/data/figures_r154/rotation/R154_SMOOTH_CURVE_SEMANTICS_QA_v1.json;LaTex/provenance/figures/r190/work_preprint/R154_SMOOTH_CURVE_SEMANTICS_CANDIDATE_v1/publication_build/LaTex/data/figures_r154/scientific_audit/R154_FULL_SCIENTIFIC_SERIES_AUDIT_v1.csv;LaTex/provenance/figures/r190/work_preprint/R154_SMOOTH_CURVE_SEMANTICS_CANDIDATE_v1/publication_build/LaTex/data/figures_r154/scientific_audit/R154_78_FIGURE_SCIENTIFIC_AUDIT_v1.json;LaTex/provenance/figures/r190/work_preprint/R154_SMOOTH_CURVE_SEMANTICS_CANDIDATE_v1/publication_build/LaTex/data/figures_r154/scientific_audit/R154_FULL_SCIENTIFIC_AUDIT_CHECKS_v1.json,cd6528160ed4ed7e5f20d09185e6d93f4e484b8c6c8341a5da19e8fda80c9993;fbac9bd76dd72fe75c309472fb173969ea79ec2060fa379751036dfb6538d279;d8fa63bd5055f090e5dad865bfb1eadcd95d371fe654b876f193bea5032ce574;0d1a1f472604a559b6a3712e12c9901ed29ff10822ebf3d46d48b0dc09a69987,python3 scripts/figures/verify_public_figure_registry.py --root . --registry FIGURE_REGISTRY.csv --json-registry FIGURE_REGISTRY.json --strict-palette --strict-provenance,"presentation-only reader-facing successor; fixed stellar-M/L protocol replaces an internal round label; numerical curves axes status and interpretation are unchanged; R154 display-only successor; numerical source ordinates, fits and scientific metrics unchanged",inherited Okabe--Ito curve profile plus line-style and marker redundancy; rendered content and colour population outside the repaired text band are exactly preserved,see owning asset/seed registry; PENDING if not explicitly frozen,CURRENT ENGLISH PUBLICATION ASSET; exact output hash preserved; scientific owner and Level A/B/C/Open ceiling unchanged,PASS_STANDALONE_R190: human RGB/grayscale/protanopia/deuteranopia/tritanopia contact-sheet review; no colour-only status channel observed; owning-page context separate,"PASS_STANDALONE_CONTACT_SHEET_R190: human review found no visible clipping, direct-label loss or status-semantic change; high-resolution owning-page review separate",PENDING: owning-page compiled context and registry/manifest synchronization,LaTex/FIGURE_REGISTRY.csv:figures/r148/public_labels/fig20_a_ugc02953_public_r148.pdf;LaTex/work/preprint/R148_ZENODO_RELEASE_CANDIDATE_v2/public_label_repair/R148_PUBLIC_FIGURE_LABEL_SUCCESSORS_v1.json;LaTex/work/preprint/R148_ZENODO_RELEASE_CANDIDATE_v2/public_label_repair/R148_PUBLIC_FIGURE_LABEL_SUCCESSORS_VERIFICATION_v1.json;LaTex/work/preprint/R149_READER_LAYOUT_CANDIDATE_v1/atlas_layout_successor/qa/verification.json;LaTex/provenance/figures/r190/work_preprint/R154_SMOOTH_CURVE_SEMANTICS_CANDIDATE_v1/publication_build/LaTex/data/figures_r154/rotation/R154_SMOOTH_CURVE_SEMANTICS_QA_v1.json;LaTex/provenance/figures/r190/work_preprint/R154_SMOOTH_CURVE_SEMANTICS_CANDIDATE_v1/publication_build/LaTex/data/figures_r154/scientific_audit/R154_FULL_SCIENTIFIC_SERIES_AUDIT_v1.csv;LaTex/provenance/figures/r190/work_preprint/R154_SMOOTH_CURVE_SEMANTICS_CANDIDATE_v1/publication_build/LaTex/data/figures_r154/scientific_audit/R154_78_FIGURE_SCIENTIFIC_AUDIT_v1.json;LaTex/provenance/figures/r190/work_preprint/R154_SMOOTH_CURVE_SEMANTICS_CANDIDATE_v1/publication_build/LaTex/data/figures_r154/scientific_audit/R154_FULL_SCIENTIFIC_AUDIT_CHECKS_v1.json
fig:r123_atlas_f20b,reproducibility_atlas,59518,\RAtlasPanelUnit{figures/r154/curve_semantics/atlas/fig20_b_ugc09133_r154.pdf},figures/r154/curve_semantics/atlas/fig20_b_ugc09133_r154.pdf,LaTex/figures/r154/curve_semantics/atlas/fig20_b_ugc09133_r154.pdf,c286d47c061febe0586059e0b603b4965b828379a62efd90e0c537e998c62ca9,518.400x370.800pt,0.841389,DEFERRED_COMPILED_PAGE_MEASUREMENT,DEFERRED_COMPILED_PAGE_MEASUREMENT,Post-hoc residual stress: UGC~09133; Level-C red-team diagnostic,scripts/figures/patch_public_figure_labels_r148.py + data/figures_r148/R148_PUBLIC_FIGURE_LABEL_SUCCESSORS_v1.json; R154 curve-semantics renderer,LaTex/provenance/figures/r190/active_predecessor_scripts/r154/build_r154_smooth_rotation_successors.py,f30b3f347f4d3d24fe80acdd5b51f0dd9e8de81fe7b1d49de741bb83ec0ef04c,LaTex/provenance/figures/r190/work_preprint/R154_SMOOTH_CURVE_SEMANTICS_CANDIDATE_v1/publication_build/LaTex/data/figures_r154/rotation/R154_SMOOTH_CURVE_SEMANTICS_QA_v1.json;LaTex/provenance/figures/r190/work_preprint/R154_SMOOTH_CURVE_SEMANTICS_CANDIDATE_v1/publication_build/LaTex/data/figures_r154/scientific_audit/R154_FULL_SCIENTIFIC_SERIES_AUDIT_v1.csv;LaTex/provenance/figures/r190/work_preprint/R154_SMOOTH_CURVE_SEMANTICS_CANDIDATE_v1/publication_build/LaTex/data/figures_r154/scientific_audit/R154_78_FIGURE_SCIENTIFIC_AUDIT_v1.json;LaTex/provenance/figures/r190/work_preprint/R154_SMOOTH_CURVE_SEMANTICS_CANDIDATE_v1/publication_build/LaTex/data/figures_r154/scientific_audit/R154_FULL_SCIENTIFIC_AUDIT_CHECKS_v1.json,cd6528160ed4ed7e5f20d09185e6d93f4e484b8c6c8341a5da19e8fda80c9993;fbac9bd76dd72fe75c309472fb173969ea79ec2060fa379751036dfb6538d279;d8fa63bd5055f090e5dad865bfb1eadcd95d371fe654b876f193bea5032ce574;0d1a1f472604a559b6a3712e12c9901ed29ff10822ebf3d46d48b0dc09a69987,python3 scripts/figures/verify_public_figure_registry.py --root . --registry FIGURE_REGISTRY.csv --json-registry FIGURE_REGISTRY.json --strict-palette --strict-provenance,"presentation-only reader-facing successor; fixed stellar-M/L protocol replaces an internal round label; numerical curves axes status and interpretation are unchanged; R154 display-only successor; numerical source ordinates, fits and scientific metrics unchanged",inherited Okabe--Ito curve profile plus line-style and marker redundancy; rendered content and colour population outside the repaired text band are exactly preserved,see owning asset/seed registry; PENDING if not explicitly frozen,CURRENT ENGLISH PUBLICATION ASSET; exact output hash preserved; scientific owner and Level A/B/C/Open ceiling unchanged,PASS_STANDALONE_R190: human RGB/grayscale/protanopia/deuteranopia/tritanopia contact-sheet review; no colour-only status channel observed; owning-page context separate,"PASS_STANDALONE_CONTACT_SHEET_R190: human review found no visible clipping, direct-label loss or status-semantic change; high-resolution owning-page review separate",PENDING: owning-page compiled context and registry/manifest synchronization,LaTex/FIGURE_REGISTRY.csv:figures/r148/public_labels/fig20_b_ugc09133_public_r148.pdf;LaTex/work/preprint/R148_ZENODO_RELEASE_CANDIDATE_v2/public_label_repair/R148_PUBLIC_FIGURE_LABEL_SUCCESSORS_v1.json;LaTex/work/preprint/R148_ZENODO_RELEASE_CANDIDATE_v2/public_label_repair/R148_PUBLIC_FIGURE_LABEL_SUCCESSORS_VERIFICATION_v1.json;LaTex/work/preprint/R149_READER_LAYOUT_CANDIDATE_v1/atlas_layout_successor/qa/verification.json;LaTex/provenance/figures/r190/work_preprint/R154_SMOOTH_CURVE_SEMANTICS_CANDIDATE_v1/publication_build/LaTex/data/figures_r154/rotation/R154_SMOOTH_CURVE_SEMANTICS_QA_v1.json;LaTex/provenance/figures/r190/work_preprint/R154_SMOOTH_CURVE_SEMANTICS_CANDIDATE_v1/publication_build/LaTex/data/figures_r154/scientific_audit/R154_FULL_SCIENTIFIC_SERIES_AUDIT_v1.csv;LaTex/provenance/figures/r190/work_preprint/R154_SMOOTH_CURVE_SEMANTICS_CANDIDATE_v1/publication_build/LaTex/data/figures_r154/scientific_audit/R154_78_FIGURE_SCIENTIFIC_AUDIT_v1.json;LaTex/provenance/figures/r190/work_preprint/R154_SMOOTH_CURVE_SEMANTICS_CANDIDATE_v1/publication_build/LaTex/data/figures_r154/scientific_audit/R154_FULL_SCIENTIFIC_AUDIT_CHECKS_v1.json
fig:r123_atlas_f20c,reproducibility_atlas,59519,\RAtlasPanelUnit{figures/r154/curve_semantics/atlas/fig20_c_ngc6946_r154.pdf},figures/r154/curve_semantics/atlas/fig20_c_ngc6946_r154.pdf,LaTex/figures/r154/curve_semantics/atlas/fig20_c_ngc6946_r154.pdf,b630b14ef407a59a6bddace7309c1f37132591d7dc1cfc57a96b2c2dcb8bfbf6,518.400x370.800pt,0.841389,DEFERRED_COMPILED_PAGE_MEASUREMENT,DEFERRED_COMPILED_PAGE_MEASUREMENT,Post-hoc residual stress: NGC~6946; Level-C red-team diagnostic,scripts/figures/patch_public_figure_labels_r148.py + data/figures_r148/R148_PUBLIC_FIGURE_LABEL_SUCCESSORS_v1.json; R154 curve-semantics renderer,LaTex/provenance/figures/r190/active_predecessor_scripts/r154/build_r154_smooth_rotation_successors.py,f30b3f347f4d3d24fe80acdd5b51f0dd9e8de81fe7b1d49de741bb83ec0ef04c,LaTex/provenance/figures/r190/work_preprint/R154_SMOOTH_CURVE_SEMANTICS_CANDIDATE_v1/publication_build/LaTex/data/figures_r154/rotation/R154_SMOOTH_CURVE_SEMANTICS_QA_v1.json;LaTex/provenance/figures/r190/work_preprint/R154_SMOOTH_CURVE_SEMANTICS_CANDIDATE_v1/publication_build/LaTex/data/figures_r154/scientific_audit/R154_FULL_SCIENTIFIC_SERIES_AUDIT_v1.csv;LaTex/provenance/figures/r190/work_preprint/R154_SMOOTH_CURVE_SEMANTICS_CANDIDATE_v1/publication_build/LaTex/data/figures_r154/scientific_audit/R154_78_FIGURE_SCIENTIFIC_AUDIT_v1.json;LaTex/provenance/figures/r190/work_preprint/R154_SMOOTH_CURVE_SEMANTICS_CANDIDATE_v1/publication_build/LaTex/data/figures_r154/scientific_audit/R154_FULL_SCIENTIFIC_AUDIT_CHECKS_v1.json,cd6528160ed4ed7e5f20d09185e6d93f4e484b8c6c8341a5da19e8fda80c9993;fbac9bd76dd72fe75c309472fb173969ea79ec2060fa379751036dfb6538d279;d8fa63bd5055f090e5dad865bfb1eadcd95d371fe654b876f193bea5032ce574;0d1a1f472604a559b6a3712e12c9901ed29ff10822ebf3d46d48b0dc09a69987,python3 scripts/figures/verify_public_figure_registry.py --root . --registry FIGURE_REGISTRY.csv --json-registry FIGURE_REGISTRY.json --strict-palette --strict-provenance,"presentation-only reader-facing successor; fixed stellar-M/L protocol replaces an internal round label; numerical curves axes status and interpretation are unchanged; R154 display-only successor; numerical source ordinates, fits and scientific metrics unchanged",inherited Okabe--Ito curve profile plus line-style and marker redundancy; rendered content and colour population outside the repaired text band are exactly preserved,see owning asset/seed registry; PENDING if not explicitly frozen,CURRENT ENGLISH PUBLICATION ASSET; exact output hash preserved; scientific owner and Level A/B/C/Open ceiling unchanged,PASS_STANDALONE_R190: human RGB/grayscale/protanopia/deuteranopia/tritanopia contact-sheet review; no colour-only status channel observed; owning-page context separate,"PASS_STANDALONE_CONTACT_SHEET_R190: human review found no visible clipping, direct-label loss or status-semantic change; high-resolution owning-page review separate",PENDING: owning-page compiled context and registry/manifest synchronization,LaTex/FIGURE_REGISTRY.csv:figures/r148/public_labels/fig20_c_ngc6946_public_r148.pdf;LaTex/work/preprint/R148_ZENODO_RELEASE_CANDIDATE_v2/public_label_repair/R148_PUBLIC_FIGURE_LABEL_SUCCESSORS_v1.json;LaTex/work/preprint/R148_ZENODO_RELEASE_CANDIDATE_v2/public_label_repair/R148_PUBLIC_FIGURE_LABEL_SUCCESSORS_VERIFICATION_v1.json;LaTex/work/preprint/R149_READER_LAYOUT_CANDIDATE_v1/atlas_layout_successor/qa/verification.json;LaTex/provenance/figures/r190/work_preprint/R154_SMOOTH_CURVE_SEMANTICS_CANDIDATE_v1/publication_build/LaTex/data/figures_r154/rotation/R154_SMOOTH_CURVE_SEMANTICS_QA_v1.json;LaTex/provenance/figures/r190/work_preprint/R154_SMOOTH_CURVE_SEMANTICS_CANDIDATE_v1/publication_build/LaTex/data/figures_r154/scientific_audit/R154_FULL_SCIENTIFIC_SERIES_AUDIT_v1.csv;LaTex/provenance/figures/r190/work_preprint/R154_SMOOTH_CURVE_SEMANTICS_CANDIDATE_v1/publication_build/LaTex/data/figures_r154/scientific_audit/R154_78_FIGURE_SCIENTIFIC_AUDIT_v1.json;LaTex/provenance/figures/r190/work_preprint/R154_SMOOTH_CURVE_SEMANTICS_CANDIDATE_v1/publication_build/LaTex/data/figures_r154/scientific_audit/R154_FULL_SCIENTIFIC_AUDIT_CHECKS_v1.json
fig:r123_atlas_f20d,reproducibility_atlas,59520,\RAtlasSingle{figures/r154/curve_semantics/atlas/fig20_d_ngc7331_r154.pdf},figures/r154/curve_semantics/atlas/fig20_d_ngc7331_r154.pdf,LaTex/figures/r154/curve_semantics/atlas/fig20_d_ngc7331_r154.pdf,7c72c3a2fd241e876240721c5afc563cead7eafbb9f40b286f04cb8829e5dd85,518.400x370.800pt,0.902778,DEFERRED_COMPILED_PAGE_MEASUREMENT,DEFERRED_COMPILED_PAGE_MEASUREMENT,Post-hoc residual stress: NGC~7331; Level-C red-team diagnostic,scripts/figures/patch_public_figure_labels_r148.py + data/figures_r148/R148_PUBLIC_FIGURE_LABEL_SUCCESSORS_v1.json; R154 curve-semantics renderer,LaTex/provenance/figures/r190/active_predecessor_scripts/r154/build_r154_smooth_rotation_successors.py,f30b3f347f4d3d24fe80acdd5b51f0dd9e8de81fe7b1d49de741bb83ec0ef04c,LaTex/provenance/figures/r190/work_preprint/R154_SMOOTH_CURVE_SEMANTICS_CANDIDATE_v1/publication_build/LaTex/data/figures_r154/rotation/R154_SMOOTH_CURVE_SEMANTICS_QA_v1.json;LaTex/provenance/figures/r190/work_preprint/R154_SMOOTH_CURVE_SEMANTICS_CANDIDATE_v1/publication_build/LaTex/data/figures_r154/scientific_audit/R154_FULL_SCIENTIFIC_SERIES_AUDIT_v1.csv;LaTex/provenance/figures/r190/work_preprint/R154_SMOOTH_CURVE_SEMANTICS_CANDIDATE_v1/publication_build/LaTex/data/figures_r154/scientific_audit/R154_78_FIGURE_SCIENTIFIC_AUDIT_v1.json;LaTex/provenance/figures/r190/work_preprint/R154_SMOOTH_CURVE_SEMANTICS_CANDIDATE_v1/publication_build/LaTex/data/figures_r154/scientific_audit/R154_FULL_SCIENTIFIC_AUDIT_CHECKS_v1.json,cd6528160ed4ed7e5f20d09185e6d93f4e484b8c6c8341a5da19e8fda80c9993;fbac9bd76dd72fe75c309472fb173969ea79ec2060fa379751036dfb6538d279;d8fa63bd5055f090e5dad865bfb1eadcd95d371fe654b876f193bea5032ce574;0d1a1f472604a559b6a3712e12c9901ed29ff10822ebf3d46d48b0dc09a69987,python3 scripts/figures/verify_public_figure_registry.py --root . --registry FIGURE_REGISTRY.csv --json-registry FIGURE_REGISTRY.json --strict-palette --strict-provenance,"presentation-only reader-facing successor; fixed stellar-M/L protocol replaces an internal round label; numerical curves axes status and interpretation are unchanged; R154 display-only successor; numerical source ordinates, fits and scientific metrics unchanged",inherited Okabe--Ito curve profile plus line-style and marker redundancy; rendered content and colour population outside the repaired text band are exactly preserved,see owning asset/seed registry; PENDING if not explicitly frozen,CURRENT ENGLISH PUBLICATION ASSET; exact output hash preserved; scientific owner and Level A/B/C/Open ceiling unchanged,PASS_STANDALONE_R190: human RGB/grayscale/protanopia/deuteranopia/tritanopia contact-sheet review; no colour-only status channel observed; owning-page context separate,"PASS_STANDALONE_CONTACT_SHEET_R190: human review found no visible clipping, direct-label loss or status-semantic change; high-resolution owning-page review separate",PENDING: owning-page compiled context and registry/manifest synchronization,LaTex/FIGURE_REGISTRY.csv:figures/r148/public_labels/fig20_d_ngc7331_public_r148.pdf;LaTex/work/preprint/R148_ZENODO_RELEASE_CANDIDATE_v2/public_label_repair/R148_PUBLIC_FIGURE_LABEL_SUCCESSORS_v1.json;LaTex/work/preprint/R148_ZENODO_RELEASE_CANDIDATE_v2/public_label_repair/R148_PUBLIC_FIGURE_LABEL_SUCCESSORS_VERIFICATION_v1.json;LaTex/work/preprint/R149_READER_LAYOUT_CANDIDATE_v1/atlas_layout_successor/qa/verification.json;LaTex/provenance/figures/r190/work_preprint/R154_SMOOTH_CURVE_SEMANTICS_CANDIDATE_v1/publication_build/LaTex/data/figures_r154/rotation/R154_SMOOTH_CURVE_SEMANTICS_QA_v1.json;LaTex/provenance/figures/r190/work_preprint/R154_SMOOTH_CURVE_SEMANTICS_CANDIDATE_v1/publication_build/LaTex/data/figures_r154/scientific_audit/R154_FULL_SCIENTIFIC_SERIES_AUDIT_v1.csv;LaTex/provenance/figures/r190/work_preprint/R154_SMOOTH_CURVE_SEMANTICS_CANDIDATE_v1/publication_build/LaTex/data/figures_r154/scientific_audit/R154_78_FIGURE_SCIENTIFIC_AUDIT_v1.json;LaTex/provenance/figures/r190/work_preprint/R154_SMOOTH_CURVE_SEMANTICS_CANDIDATE_v1/publication_build/LaTex/data/figures_r154/scientific_audit/R154_FULL_SCIENTIFIC_AUDIT_CHECKS_v1.json
fig:mw_new,reproducibility_atlas,59524,"\includegraphics[width=\textwidth,height=0.76\textheight,keepaspectratio]{figures/r123/global/panels/fig_milky_way_hrc_only_r123.pdf}",figures/r123/global/panels/fig_milky_way_hrc_only_r123.pdf,LaTex/figures/r123/global/panels/fig_milky_way_hrc_only_r123.pdf,f433a62d3426fd9c4f315ece38ccfc35d2f5a0a8008ee40f353085605c29a902,505.913x358.048pt,0.925060,6.799,9.713,Representative Milky-Way HRC sensitivity test. Dotted HRC curves use the matched scale; solid/dashed curves use the algebraic best-fit scale for the declared exponential disk. The figure does not replace a full axisymmetric baryonic posterior. The curve is relocated here as readable provenance so that no HRC-only galaxy rotation plot remains a main-text model-comparison owner.,R123 inherited component R123_v1_frozen_base; role=luminance_remediated_same_pdf_provenance,LaTex/provenance/figures/r190/work_preprint/R127_VISUAL_COSMOLOGY_PES_COMPLETION_CANDIDATE_v1/components/native_font_rerender_v1/build_r127_native_font_rerender.py;LaTex/scripts/hrc/make_r97_hrc_completion_figures.py,8d456d3a610e4df2558912f17d05d8c4c3e1763a6b8aa33e0a660fb41eff444c;fff850ed5eda29a400b63287b4b61ec26d7cfe31d3edf079c31e01e6db5fe57b,LaTex/provenance/figures/r190/work_preprint/R127_VISUAL_COSMOLOGY_PES_COMPLETION_CANDIDATE_v1/components/font_readability_remediation_v1/assets/r123__global__panels__fig_milky_way_hrc_only_r123__reader_scale_r127.pdf,355fa5961c8dde0e119ba43fcdabb45dcae2b098fcf9219ab24b2c6c11349dcc,python3 scripts/figures/verify_public_figure_registry.py --root . --registry FIGURE_REGISTRY.csv --json-registry FIGURE_REGISTRY.json --strict-palette --strict-provenance,inherited publication asset; no status upgrade; current publication asset,ECT_R127_TERMINAL_CALM_OKABE_ITO_GRAY_SAFE_OR_EXPLICIT_LEGACY_VARIANT,"[""line style + marker shape + direct labels + luminance-separated curves""]",CURRENT ENGLISH PUBLICATION ASSET; exact hash registered; scientific ceiling unchanged,PASS: exact hash-bound owner review,PASS: exact owner hash plus current R149 A4 portrait geometry,PASS,LaTex/work/preprint/R123_VISUAL_READABILITY_AND_RESTORATION_CANDIDATE_v2/manifests/R123_VISUAL_READABILITY_INSTALL_MAP_v2.json;LaTex/work/preprint/R137_TERMINAL_FIGURE_REGISTRY_EN3_CANDIDATE_v1/frozen/R137_TERMINAL_FIGURE_REGISTRY_EN3_OWNER_v6/outputs/R137_FIGURE_REGISTRY_EN3_CANDIDATE_v1.csv;LaTex/work/preprint/R137_TERMINAL_FIGURE_REGISTRY_EN3_CANDIDATE_v1/frozen/R137_TERMINAL_FIGURE_REGISTRY_EN3_OWNER_v6/outputs/R137_FIGURE_REGISTRY_EN3_CANDIDATE_v1.csv;LaTex/work/preprint/R149_READER_LAYOUT_CANDIDATE_v1/atlas_layout_successor/qa/verification.json
fig:r123_atlas_f35a,reproducibility_atlas,59543,\RAtlasFirstSingle{figures/r154/curve_semantics/nonrotation/fig35_a_tolman_kinematics_smooth_r154.pdf},figures/r154/curve_semantics/nonrotation/fig35_a_tolman_kinematics_smooth_r154.pdf,LaTex/figures/r154/curve_semantics/nonrotation/fig35_a_tolman_kinematics_smooth_r154.pdf,e01b6ccf559b9601427418d23a0fe2c34be2483f3d8c0e361675dd9089a051d1,409.321x330.797pt,0.873656,DEFERRED_COMPILED_PAGE_MEASUREMENT,DEFERRED_COMPILED_PAGE_MEASUREMENT,Tolman kinematic benchmark; external standard benchmark,R123 inherited component clipping_remediation_v2; role=fresh_owner_no_crop_panel; R154 curve-semantics renderer,LaTex/provenance/figures/r190/active_predecessor_scripts/r154/build_r154_sparse_and_exact_successors.py,37ec0bbab59f442c0881e2ab0054e734b7f852cc31a03900e82c96e6b8137280,LaTex/provenance/figures/r190/work_preprint/R154_SMOOTH_CURVE_SEMANTICS_CANDIDATE_v1/publication_build/audits/R154_CURVE_SEMANTICS/R154_NONROTATION_ASSET_MAP_v1.json;LaTex/provenance/figures/r190/work_preprint/R154_SMOOTH_CURVE_SEMANTICS_CANDIDATE_v1/publication_build/LaTex/data/figures_r154/scientific_audit/R154_FULL_SCIENTIFIC_SERIES_AUDIT_v1.csv;LaTex/provenance/figures/r190/work_preprint/R154_SMOOTH_CURVE_SEMANTICS_CANDIDATE_v1/publication_build/LaTex/data/figures_r154/scientific_audit/R154_78_FIGURE_SCIENTIFIC_AUDIT_v1.json;LaTex/provenance/figures/r190/work_preprint/R154_SMOOTH_CURVE_SEMANTICS_CANDIDATE_v1/publication_build/LaTex/data/figures_r154/scientific_audit/R154_FULL_SCIENTIFIC_AUDIT_CHECKS_v1.json,7cd12e00e74972fea0a048327dd3eceff0b1ca44d030c061a17bd8dbc355f97d;fbac9bd76dd72fe75c309472fb173969ea79ec2060fa379751036dfb6538d279;d8fa63bd5055f090e5dad865bfb1eadcd95d371fe654b876f193bea5032ce574;0d1a1f472604a559b6a3712e12c9901ed29ff10822ebf3d46d48b0dc09a69987,python3 scripts/figures/verify_public_figure_registry.py --root . --registry FIGURE_REGISTRY.csv --json-registry FIGURE_REGISTRY.json --strict-palette --strict-provenance,"inherited publication asset; no status upgrade; current publication asset; R154 display-only successor; numerical source ordinates, fits and scientific metrics unchanged",ECT_R127_TERMINAL_CALM_OKABE_ITO_GRAY_SAFE_OR_EXPLICIT_LEGACY_VARIANT,"[""line style + marker shape + direct labels + luminance-separated curves""]",CURRENT ENGLISH PUBLICATION ASSET; exact output hash preserved; scientific owner and Level A/B/C/Open ceiling unchanged,PASS_STANDALONE_R190: human RGB/grayscale/protanopia/deuteranopia/tritanopia contact-sheet review; no colour-only status channel observed; owning-page context separate,"PASS_STANDALONE_CONTACT_SHEET_R190: human review found no visible clipping, direct-label loss or status-semantic change; high-resolution owning-page review separate",PENDING: owning-page compiled context and registry/manifest synchronization,LaTex/work/preprint/R123_VISUAL_READABILITY_AND_RESTORATION_CANDIDATE_v2/manifests/R123_VISUAL_READABILITY_INSTALL_MAP_v2.json;LaTex/work/preprint/R137_TERMINAL_FIGURE_REGISTRY_EN3_CANDIDATE_v1/frozen/R137_TERMINAL_FIGURE_REGISTRY_EN3_OWNER_v6/outputs/R137_FIGURE_REGISTRY_EN3_CANDIDATE_v1.csv;LaTex/work/preprint/R137_TERMINAL_FIGURE_REGISTRY_EN3_CANDIDATE_v1/frozen/R137_TERMINAL_FIGURE_REGISTRY_EN3_OWNER_v6/outputs/R137_FIGURE_REGISTRY_EN3_CANDIDATE_v1.csv;LaTex/work/preprint/R149_READER_LAYOUT_CANDIDATE_v1/atlas_layout_successor/qa/verification.json;LaTex/provenance/figures/r190/work_preprint/R154_SMOOTH_CURVE_SEMANTICS_CANDIDATE_v1/publication_build/audits/R154_CURVE_SEMANTICS/R154_NONROTATION_ASSET_MAP_v1.json;LaTex/provenance/figures/r190/work_preprint/R154_SMOOTH_CURVE_SEMANTICS_CANDIDATE_v1/publication_build/LaTex/data/figures_r154/scientific_audit/R154_FULL_SCIENTIFIC_SERIES_AUDIT_v1.csv;LaTex/provenance/figures/r190/work_preprint/R154_SMOOTH_CURVE_SEMANTICS_CANDIDATE_v1/publication_build/LaTex/data/figures_r154/scientific_audit/R154_78_FIGURE_SCIENTIFIC_AUDIT_v1.json;LaTex/provenance/figures/r190/work_preprint/R154_SMOOTH_CURVE_SEMANTICS_CANDIDATE_v1/publication_build/LaTex/data/figures_r154/scientific_audit/R154_FULL_SCIENTIFIC_AUDIT_CHECKS_v1.json
fig:r123_atlas_f35c,reproducibility_atlas,59544,\RAtlasSingle{figures/r154/curve_semantics/nonrotation/fig35_c_hawking_benchmark_smooth_r154.pdf},figures/r154/curve_semantics/nonrotation/fig35_c_hawking_benchmark_smooth_r154.pdf,LaTex/figures/r154/curve_semantics/nonrotation/fig35_c_hawking_benchmark_smooth_r154.pdf,095301af1e3e590ea7add124089c4d581163ca628b0a994fa24c48a02de143cb,434.430x331.251pt,0.873656,DEFERRED_COMPILED_PAGE_MEASUREMENT,DEFERRED_COMPILED_PAGE_MEASUREMENT,Hawking benchmark; standard benchmark; ECT completion Open,R123 inherited component clipping_remediation_v2; role=fresh_owner_no_crop_panel; R154 curve-semantics renderer,LaTex/provenance/figures/r190/active_predecessor_scripts/r154/build_r154_sparse_and_exact_successors.py,37ec0bbab59f442c0881e2ab0054e734b7f852cc31a03900e82c96e6b8137280,LaTex/provenance/figures/r190/work_preprint/R154_SMOOTH_CURVE_SEMANTICS_CANDIDATE_v1/publication_build/audits/R154_CURVE_SEMANTICS/R154_NONROTATION_ASSET_MAP_v1.json;LaTex/provenance/figures/r190/work_preprint/R154_SMOOTH_CURVE_SEMANTICS_CANDIDATE_v1/publication_build/LaTex/data/figures_r154/scientific_audit/R154_FULL_SCIENTIFIC_SERIES_AUDIT_v1.csv;LaTex/provenance/figures/r190/work_preprint/R154_SMOOTH_CURVE_SEMANTICS_CANDIDATE_v1/publication_build/LaTex/data/figures_r154/scientific_audit/R154_78_FIGURE_SCIENTIFIC_AUDIT_v1.json;LaTex/provenance/figures/r190/work_preprint/R154_SMOOTH_CURVE_SEMANTICS_CANDIDATE_v1/publication_build/LaTex/data/figures_r154/scientific_audit/R154_FULL_SCIENTIFIC_AUDIT_CHECKS_v1.json,7cd12e00e74972fea0a048327dd3eceff0b1ca44d030c061a17bd8dbc355f97d;fbac9bd76dd72fe75c309472fb173969ea79ec2060fa379751036dfb6538d279;d8fa63bd5055f090e5dad865bfb1eadcd95d371fe654b876f193bea5032ce574;0d1a1f472604a559b6a3712e12c9901ed29ff10822ebf3d46d48b0dc09a69987,python3 scripts/figures/verify_public_figure_registry.py --root . --registry FIGURE_REGISTRY.csv --json-registry FIGURE_REGISTRY.json --strict-palette --strict-provenance,"inherited publication asset; no status upgrade; current publication asset; R154 display-only successor; numerical source ordinates, fits and scientific metrics unchanged",ECT_R127_TERMINAL_CALM_OKABE_ITO_GRAY_SAFE_OR_EXPLICIT_LEGACY_VARIANT,"[""line style + marker shape + direct labels + luminance-separated curves""]",CURRENT ENGLISH PUBLICATION ASSET; exact output hash preserved; scientific owner and Level A/B/C/Open ceiling unchanged,PASS_STANDALONE_R190: human RGB/grayscale/protanopia/deuteranopia/tritanopia contact-sheet review; no colour-only status channel observed; owning-page context separate,"PASS_STANDALONE_CONTACT_SHEET_R190: human review found no visible clipping, direct-label loss or status-semantic change; high-resolution owning-page review separate",PENDING: owning-page compiled context and registry/manifest synchronization,LaTex/work/preprint/R123_VISUAL_READABILITY_AND_RESTORATION_CANDIDATE_v2/manifests/R123_VISUAL_READABILITY_INSTALL_MAP_v2.json;LaTex/work/preprint/R137_TERMINAL_FIGURE_REGISTRY_EN3_CANDIDATE_v1/frozen/R137_TERMINAL_FIGURE_REGISTRY_EN3_OWNER_v6/outputs/R137_FIGURE_REGISTRY_EN3_CANDIDATE_v1.csv;LaTex/work/preprint/R137_TERMINAL_FIGURE_REGISTRY_EN3_CANDIDATE_v1/frozen/R137_TERMINAL_FIGURE_REGISTRY_EN3_OWNER_v6/outputs/R137_FIGURE_REGISTRY_EN3_CANDIDATE_v1.csv;LaTex/work/preprint/R149_READER_LAYOUT_CANDIDATE_v1/atlas_layout_successor/qa/verification.json;LaTex/provenance/figures/r190/work_preprint/R154_SMOOTH_CURVE_SEMANTICS_CANDIDATE_v1/publication_build/audits/R154_CURVE_SEMANTICS/R154_NONROTATION_ASSET_MAP_v1.json;LaTex/provenance/figures/r190/work_preprint/R154_SMOOTH_CURVE_SEMANTICS_CANDIDATE_v1/publication_build/LaTex/data/figures_r154/scientific_audit/R154_FULL_SCIENTIFIC_SERIES_AUDIT_v1.csv;LaTex/provenance/figures/r190/work_preprint/R154_SMOOTH_CURVE_SEMANTICS_CANDIDATE_v1/publication_build/LaTex/data/figures_r154/scientific_audit/R154_78_FIGURE_SCIENTIFIC_AUDIT_v1.json;LaTex/provenance/figures/r190/work_preprint/R154_SMOOTH_CURVE_SEMANTICS_CANDIDATE_v1/publication_build/LaTex/data/figures_r154/scientific_audit/R154_FULL_SCIENTIFIC_AUDIT_CHECKS_v1.json
fig:r123_atlas_f41a,reproducibility_atlas,59553,\RAtlasFirstSingle{figures/r149/fig41_a_orientation_stiffness_upstream_r149.pdf},figures/r149/fig41_a_orientation_stiffness_upstream_r149.pdf,LaTex/figures/r149/fig41_a_orientation_stiffness_upstream_r149.pdf,a652d2357f723ce720e02f91d707cdf94f17bb0b5fbc4669caaf28a01a2fb8b0,518.400x439.200pt,1.000000,8.700,8.700,Upstream orientation stiffness; conditional upstream relation; tensor bridge Open,R190 publication-neutral presentation successor; scientific payload inherited from the frozen R149/R181 owners,LaTex/scripts/figures/build_public_status_schematics.py,f1cfd387fd1d3ae646e7a81be441586fce47c1a86b46c78188aa18349a50495b,LaTex/data/verification/R190_PUBLIC_STATUS_SCHEMATICS_v1.json,6fbbc3ef5cc8135a58b38dc71c66b2ca0d45f6d9643932a4e5b712bdfab7e446,SOURCE_DATE_EPOCH=1785628800 python3 scripts/figures/build_public_status_schematics.py; python3 scripts/figures/verify_public_figure_registry.py --root . --registry FIGURE_REGISTRY.csv --json-registry FIGURE_REGISTRY.json --strict-palette --strict-provenance,scientific_change=none,Okabe--Ito; redundant hatch/border/arrow styles; grayscale-safe,see owning asset/seed registry; PENDING if not explicitly frozen,CURRENT ENGLISH PUBLICATION ASSET; lifecycle-neutral visible title; exact hash registered; scientific ceiling unchanged,"PASS R190: status remains redundant with literal text, luminance, border and line style; title-only successor",PASS R190: standalone full-resolution and compiled owning-page review,PASS,R190_PUBLIC_STATUS_SCHEMATICS_v1; frozen R149/R181 scientific and layout sources retained; lifecycle title/metadata only
fig:r123_atlas_f42a,reproducibility_atlas,59566,\RAtlasFirstSingle{figures/r154/curve_semantics/nonrotation/fig42_a_named_expansion_dense_r154.pdf},figures/r154/curve_semantics/nonrotation/fig42_a_named_expansion_dense_r154.pdf,LaTex/figures/r154/curve_semantics/nonrotation/fig42_a_named_expansion_dense_r154.pdf,3f6739067f452fc1900a4e16e73da00d4ce7860bba18bbc333c2e4585341af40,502.151x302.331pt,0.856897,DEFERRED_COMPILED_PAGE_MEASUREMENT,DEFERRED_COMPILED_PAGE_MEASUREMENT,Named supplied expansion; conditional supplied background,R123 curve-luminance public successor; scientific arrays inherited from the frozen upstream panel owner; R154 curve-semantics renderer,LaTex/provenance/figures/r190/active_predecessor_scripts/r154/build_r154_sparse_and_exact_successors.py,37ec0bbab59f442c0881e2ab0054e734b7f852cc31a03900e82c96e6b8137280,LaTex/provenance/figures/r190/work_preprint/R154_SMOOTH_CURVE_SEMANTICS_CANDIDATE_v1/publication_build/audits/R154_CURVE_SEMANTICS/R154_NONROTATION_ASSET_MAP_v1.json;LaTex/provenance/figures/r190/work_preprint/R154_SMOOTH_CURVE_SEMANTICS_CANDIDATE_v1/publication_build/LaTex/data/figures_r154/scientific_audit/R154_FULL_SCIENTIFIC_SERIES_AUDIT_v1.csv;LaTex/provenance/figures/r190/work_preprint/R154_SMOOTH_CURVE_SEMANTICS_CANDIDATE_v1/publication_build/LaTex/data/figures_r154/scientific_audit/R154_78_FIGURE_SCIENTIFIC_AUDIT_v1.json;LaTex/provenance/figures/r190/work_preprint/R154_SMOOTH_CURVE_SEMANTICS_CANDIDATE_v1/publication_build/LaTex/data/figures_r154/scientific_audit/R154_FULL_SCIENTIFIC_AUDIT_CHECKS_v1.json,7cd12e00e74972fea0a048327dd3eceff0b1ca44d030c061a17bd8dbc355f97d;fbac9bd76dd72fe75c309472fb173969ea79ec2060fa379751036dfb6538d279;d8fa63bd5055f090e5dad865bfb1eadcd95d371fe654b876f193bea5032ce574;0d1a1f472604a559b6a3712e12c9901ed29ff10822ebf3d46d48b0dc09a69987,python3 scripts/figures/verify_public_figure_registry.py --root . --registry FIGURE_REGISTRY.csv --json-registry FIGURE_REGISTRY.json --strict-palette --strict-provenance,"Level B: conditional supplied background; R154 display-only successor; numerical source ordinates, fits and scientific metrics unchanged",ECT_R127_TERMINAL_CALM_OKABE_ITO_GRAY_SAFE_OR_EXPLICIT_LEGACY_VARIANT,"[""line style + marker shape + direct labels + luminance-separated curves""]",CURRENT ENGLISH PUBLICATION ASSET; exact output hash preserved; scientific owner and Level A/B/C/Open ceiling unchanged,PASS_STANDALONE_R190: human RGB/grayscale/protanopia/deuteranopia/tritanopia contact-sheet review; no colour-only status channel observed; owning-page context separate,"PASS_STANDALONE_CONTACT_SHEET_R190: human review found no visible clipping, direct-label loss or status-semantic change; high-resolution owning-page review separate",PENDING: owning-page compiled context and registry/manifest synchronization,LaTex/work/preprint/R123_VISUAL_READABILITY_AND_RESTORATION_CANDIDATE_v3/components/curve_luminance_readable/manifests/R123_CURVE_LUMINANCE_READABLE_MANIFEST_v1.json;LaTex/work/preprint/R137_TERMINAL_FIGURE_REGISTRY_EN3_CANDIDATE_v1/frozen/R137_TERMINAL_FIGURE_REGISTRY_EN3_OWNER_v6/outputs/R137_FIGURE_REGISTRY_EN3_CANDIDATE_v1.csv;LaTex/work/preprint/R137_TERMINAL_FIGURE_REGISTRY_EN3_CANDIDATE_v1/frozen/R137_TERMINAL_FIGURE_REGISTRY_EN3_OWNER_v6/outputs/R137_FIGURE_REGISTRY_EN3_CANDIDATE_v1.csv;LaTex/work/preprint/R149_READER_LAYOUT_CANDIDATE_v1/atlas_layout_successor/qa/verification.json;LaTex/provenance/figures/r190/work_preprint/R154_SMOOTH_CURVE_SEMANTICS_CANDIDATE_v1/publication_build/audits/R154_CURVE_SEMANTICS/R154_NONROTATION_ASSET_MAP_v1.json;LaTex/provenance/figures/r190/work_preprint/R154_SMOOTH_CURVE_SEMANTICS_CANDIDATE_v1/publication_build/LaTex/data/figures_r154/scientific_audit/R154_FULL_SCIENTIFIC_SERIES_AUDIT_v1.csv;LaTex/provenance/figures/r190/work_preprint/R154_SMOOTH_CURVE_SEMANTICS_CANDIDATE_v1/publication_build/LaTex/data/figures_r154/scientific_audit/R154_78_FIGURE_SCIENTIFIC_AUDIT_v1.json;LaTex/provenance/figures/r190/work_preprint/R154_SMOOTH_CURVE_SEMANTICS_CANDIDATE_v1/publication_build/LaTex/data/figures_r154/scientific_audit/R154_FULL_SCIENTIFIC_AUDIT_CHECKS_v1.json
fig:r123_atlas_f42c,reproducibility_atlas,59567,\RAtlasSingle{figures/r154/curve_semantics/nonrotation/fig42_c_comoving_distance_dense_r154.pdf},figures/r154/curve_semantics/nonrotation/fig42_c_comoving_distance_dense_r154.pdf,LaTex/figures/r154/curve_semantics/nonrotation/fig42_c_comoving_distance_dense_r154.pdf,46dadbcc48a11ac40521c3032636b129f9caf9eefc9ca0aae45109f043f072cc,510.745x302.331pt,0.852296,DEFERRED_COMPILED_PAGE_MEASUREMENT,DEFERRED_COMPILED_PAGE_MEASUREMENT,Comoving-distance diagnostic; conditional supplied background,R123 curve-luminance public successor; scientific arrays inherited from the frozen upstream panel owner; R154 curve-semantics renderer,LaTex/provenance/figures/r190/active_predecessor_scripts/r154/build_r154_sparse_and_exact_successors.py,37ec0bbab59f442c0881e2ab0054e734b7f852cc31a03900e82c96e6b8137280,LaTex/provenance/figures/r190/work_preprint/R154_SMOOTH_CURVE_SEMANTICS_CANDIDATE_v1/publication_build/audits/R154_CURVE_SEMANTICS/R154_NONROTATION_ASSET_MAP_v1.json;LaTex/provenance/figures/r190/work_preprint/R154_SMOOTH_CURVE_SEMANTICS_CANDIDATE_v1/publication_build/LaTex/data/figures_r154/scientific_audit/R154_FULL_SCIENTIFIC_SERIES_AUDIT_v1.csv;LaTex/provenance/figures/r190/work_preprint/R154_SMOOTH_CURVE_SEMANTICS_CANDIDATE_v1/publication_build/LaTex/data/figures_r154/scientific_audit/R154_78_FIGURE_SCIENTIFIC_AUDIT_v1.json;LaTex/provenance/figures/r190/work_preprint/R154_SMOOTH_CURVE_SEMANTICS_CANDIDATE_v1/publication_build/LaTex/data/figures_r154/scientific_audit/R154_FULL_SCIENTIFIC_AUDIT_CHECKS_v1.json,7cd12e00e74972fea0a048327dd3eceff0b1ca44d030c061a17bd8dbc355f97d;fbac9bd76dd72fe75c309472fb173969ea79ec2060fa379751036dfb6538d279;d8fa63bd5055f090e5dad865bfb1eadcd95d371fe654b876f193bea5032ce574;0d1a1f472604a559b6a3712e12c9901ed29ff10822ebf3d46d48b0dc09a69987,python3 scripts/figures/verify_public_figure_registry.py --root . --registry FIGURE_REGISTRY.csv --json-registry FIGURE_REGISTRY.json --strict-palette --strict-provenance,"Level B: conditional supplied background; R154 display-only successor; numerical source ordinates, fits and scientific metrics unchanged",ECT_R127_TERMINAL_CALM_OKABE_ITO_GRAY_SAFE_OR_EXPLICIT_LEGACY_VARIANT,"[""line style + marker shape + direct labels + luminance-separated curves""]",CURRENT ENGLISH PUBLICATION ASSET; exact output hash preserved; scientific owner and Level A/B/C/Open ceiling unchanged,PASS_STANDALONE_R190: human RGB/grayscale/protanopia/deuteranopia/tritanopia contact-sheet review; no colour-only status channel observed; owning-page context separate,"PASS_STANDALONE_CONTACT_SHEET_R190: human review found no visible clipping, direct-label loss or status-semantic change; high-resolution owning-page review separate",PENDING: owning-page compiled context and registry/manifest synchronization,LaTex/work/preprint/R123_VISUAL_READABILITY_AND_RESTORATION_CANDIDATE_v3/components/curve_luminance_readable/manifests/R123_CURVE_LUMINANCE_READABLE_MANIFEST_v1.json;LaTex/work/preprint/R137_TERMINAL_FIGURE_REGISTRY_EN3_CANDIDATE_v1/frozen/R137_TERMINAL_FIGURE_REGISTRY_EN3_OWNER_v6/outputs/R137_FIGURE_REGISTRY_EN3_CANDIDATE_v1.csv;LaTex/work/preprint/R137_TERMINAL_FIGURE_REGISTRY_EN3_CANDIDATE_v1/frozen/R137_TERMINAL_FIGURE_REGISTRY_EN3_OWNER_v6/outputs/R137_FIGURE_REGISTRY_EN3_CANDIDATE_v1.csv;LaTex/work/preprint/R149_READER_LAYOUT_CANDIDATE_v1/atlas_layout_successor/qa/verification.json;LaTex/provenance/figures/r190/work_preprint/R154_SMOOTH_CURVE_SEMANTICS_CANDIDATE_v1/publication_build/audits/R154_CURVE_SEMANTICS/R154_NONROTATION_ASSET_MAP_v1.json;LaTex/provenance/figures/r190/work_preprint/R154_SMOOTH_CURVE_SEMANTICS_CANDIDATE_v1/publication_build/LaTex/data/figures_r154/scientific_audit/R154_FULL_SCIENTIFIC_SERIES_AUDIT_v1.csv;LaTex/provenance/figures/r190/work_preprint/R154_SMOOTH_CURVE_SEMANTICS_CANDIDATE_v1/publication_build/LaTex/data/figures_r154/scientific_audit/R154_78_FIGURE_SCIENTIFIC_AUDIT_v1.json;LaTex/provenance/figures/r190/work_preprint/R154_SMOOTH_CURVE_SEMANTICS_CANDIDATE_v1/publication_build/LaTex/data/figures_r154/scientific_audit/R154_FULL_SCIENTIFIC_AUDIT_CHECKS_v1.json
fig:r123_atlas_f42d,reproducibility_atlas,59569,\RAtlasPanelUnit{figures/r154/curve_semantics/nonrotation/fig42_d_background_w_dense_r154.pdf},figures/r154/curve_semantics/nonrotation/fig42_d_background_w_dense_r154.pdf,LaTex/figures/r154/curve_semantics/nonrotation/fig42_d_background_w_dense_r154.pdf,13ecee7fe5f6a32ad4d3a6e2db58cf1e13cb87e6b2a5cf577ac0c7f496869586,476.370x302.331pt,0.714673,DEFERRED_COMPILED_PAGE_MEASUREMENT,DEFERRED_COMPILED_PAGE_MEASUREMENT,Background equation-of-state proxy; conditional supplied background,R123 curve-luminance public successor; scientific arrays inherited from the frozen upstream panel owner; R154 curve-semantics renderer,LaTex/provenance/figures/r190/active_predecessor_scripts/r154/build_r154_sparse_and_exact_successors.py,37ec0bbab59f442c0881e2ab0054e734b7f852cc31a03900e82c96e6b8137280,LaTex/provenance/figures/r190/work_preprint/R154_SMOOTH_CURVE_SEMANTICS_CANDIDATE_v1/publication_build/audits/R154_CURVE_SEMANTICS/R154_NONROTATION_ASSET_MAP_v1.json;LaTex/provenance/figures/r190/work_preprint/R154_SMOOTH_CURVE_SEMANTICS_CANDIDATE_v1/publication_build/LaTex/data/figures_r154/scientific_audit/R154_FULL_SCIENTIFIC_SERIES_AUDIT_v1.csv;LaTex/provenance/figures/r190/work_preprint/R154_SMOOTH_CURVE_SEMANTICS_CANDIDATE_v1/publication_build/LaTex/data/figures_r154/scientific_audit/R154_78_FIGURE_SCIENTIFIC_AUDIT_v1.json;LaTex/provenance/figures/r190/work_preprint/R154_SMOOTH_CURVE_SEMANTICS_CANDIDATE_v1/publication_build/LaTex/data/figures_r154/scientific_audit/R154_FULL_SCIENTIFIC_AUDIT_CHECKS_v1.json,7cd12e00e74972fea0a048327dd3eceff0b1ca44d030c061a17bd8dbc355f97d;fbac9bd76dd72fe75c309472fb173969ea79ec2060fa379751036dfb6538d279;d8fa63bd5055f090e5dad865bfb1eadcd95d371fe654b876f193bea5032ce574;0d1a1f472604a559b6a3712e12c9901ed29ff10822ebf3d46d48b0dc09a69987,python3 scripts/figures/verify_public_figure_registry.py --root . --registry FIGURE_REGISTRY.csv --json-registry FIGURE_REGISTRY.json --strict-palette --strict-provenance,"Level B: conditional supplied background; R154 display-only successor; numerical source ordinates, fits and scientific metrics unchanged",ECT_R127_TERMINAL_CALM_OKABE_ITO_GRAY_SAFE_OR_EXPLICIT_LEGACY_VARIANT,"[""line style + marker shape + direct labels + luminance-separated curves""]",CURRENT ENGLISH PUBLICATION ASSET; exact output hash preserved; scientific owner and Level A/B/C/Open ceiling unchanged,PASS_STANDALONE_R190: human RGB/grayscale/protanopia/deuteranopia/tritanopia contact-sheet review; no colour-only status channel observed; owning-page context separate,"PASS_STANDALONE_CONTACT_SHEET_R190: human review found no visible clipping, direct-label loss or status-semantic change; high-resolution owning-page review separate",PENDING: owning-page compiled context and registry/manifest synchronization,LaTex/work/preprint/R123_VISUAL_READABILITY_AND_RESTORATION_CANDIDATE_v3/components/curve_luminance_readable/manifests/R123_CURVE_LUMINANCE_READABLE_MANIFEST_v1.json;LaTex/work/preprint/R137_TERMINAL_FIGURE_REGISTRY_EN3_CANDIDATE_v1/frozen/R137_TERMINAL_FIGURE_REGISTRY_EN3_OWNER_v6/outputs/R137_FIGURE_REGISTRY_EN3_CANDIDATE_v1.csv;LaTex/work/preprint/R137_TERMINAL_FIGURE_REGISTRY_EN3_CANDIDATE_v1/frozen/R137_TERMINAL_FIGURE_REGISTRY_EN3_OWNER_v6/outputs/R137_FIGURE_REGISTRY_EN3_CANDIDATE_v1.csv;LaTex/work/preprint/R149_READER_LAYOUT_CANDIDATE_v1/atlas_layout_successor/qa/verification.json;LaTex/provenance/figures/r190/work_preprint/R154_SMOOTH_CURVE_SEMANTICS_CANDIDATE_v1/publication_build/audits/R154_CURVE_SEMANTICS/R154_NONROTATION_ASSET_MAP_v1.json;LaTex/provenance/figures/r190/work_preprint/R154_SMOOTH_CURVE_SEMANTICS_CANDIDATE_v1/publication_build/LaTex/data/figures_r154/scientific_audit/R154_FULL_SCIENTIFIC_SERIES_AUDIT_v1.csv;LaTex/provenance/figures/r190/work_preprint/R154_SMOOTH_CURVE_SEMANTICS_CANDIDATE_v1/publication_build/LaTex/data/figures_r154/scientific_audit/R154_78_FIGURE_SCIENTIFIC_AUDIT_v1.json;LaTex/provenance/figures/r190/work_preprint/R154_SMOOTH_CURVE_SEMANTICS_CANDIDATE_v1/publication_build/LaTex/data/figures_r154/scientific_audit/R154_FULL_SCIENTIFIC_AUDIT_CHECKS_v1.json
fig:r123_atlas_f42e,reproducibility_atlas,59570,\RAtlasPanelUnit{figures/r123/global/panels/fig42_e_calibrated_family_r123.pdf},figures/r123/global/panels/fig42_e_calibrated_family_r123.pdf,LaTex/figures/r123/global/panels/fig42_e_calibrated_family_r123.pdf,8b9ce6c0d48e2702cc127aa610e9f0c61037f5a2cf1938b85523251fe1cadba7,533.954x397.395pt,0.716085,7.018,7.018,Calibrated background family; Level-C conditional family,R123 curve-luminance public successor; scientific arrays inherited from the frozen upstream panel owner,LaTex/provenance/figures/r190/work_preprint/R123_VISUAL_READABILITY_AND_RESTORATION_CANDIDATE_v3/components/curve_luminance_readable/build_curve_luminance_readable_v1.py,ae7464996e4bc5b5351b987680326aee2e4e3cf6dce6120a71c3118fa56efe7d,LaTex/data/cosmology_r103/R103_CONDITIONAL_ECT_AGE_MATCHING_RESULTS_v1.json;LaTex/data/cosmology_r103/R103_OFFICIAL_CCCOVARIANCE_SUBSET_RESULT_v1.json;LaTex/data/cosmology_r103/R103_RESTRICTED_ISW_LENSING_PROXY_v1.json;LaTex/data/cosmology_r103/R103_RESTRICTED_LARGE_FLOW_PROXY_v1.json;LaTex/data/cosmology_r103/R103_TWO_SLOPE_BACKGROUND_DENSE_METADATA_v1.json;LaTex/data/cosmology_r103/R103_TWO_SLOPE_BACKGROUND_DENSE_v1.csv;LaTex/data/cosmology_r103/R103_TWO_SLOPE_CALIBRATED_SCAN_v1.json;LaTex/data/cosmology_r103/R103_TWO_SLOPE_CONDITIONAL_OBSERVABLES_v1.csv;LaTex/data/cosmology_r103/R103_TWO_SLOPE_CONDITIONAL_OBSERVABLES_v1.json;LaTex/data/cosmology_r103/R103_TWO_SLOPE_HWG_FROZEN_v1.csv;LaTex/data/cosmology_r113/R113_EARLY_RESPONSE_GROWTH_COLLAPSE_ENVELOPE_v3.csv;LaTex/data/hrc_r97/R97_HRC_PER_GALAXY_FITS.csv;NOT IDENTIFIED FOR REDISTRIBUTION: external input data/hrc_r97/R97_HRC_SOURCE_POINTS.csv is declared in EXTERNAL_INPUTS.json with expected sha256 5f9b884e611e61189a97cc6c8fdb01e430bfc7bf7cef3faf05be2b0d2b8a2e80;LaTex/data/hrc_r97/R97_HRC_UDG_DIAGNOSTIC.csv,e967d42e2013970576c831d05baf9baf54c68c744e9882081298136a29a3bc5a;e1f9969194e94ec1f186d34e236595883e6e48ee9052cdf8dc7a1d88e14e3776;9f3f3205c116cb6f9b52791c7e5295a3145c1a1a0ca1ae35c1e45a565daa8fa7;52046c4583a55129dab61f04ea0068d36f69c51754326990325b0995a1670805;94bc139e3f76701a9f7cee574d20e8d2e7cbed4bf174a8206e3191e6faeff6da;03c9c3e7894e3b0f5b258ba0275abdf76faf80083223fe46f44727c25ebcfe56;58bcb51d1c22823f165dfcd490705825add959e3378a60268be4f44243f834eb;67d87a0dd709d7816a21ec375ab7e1827c1ce367256e536804e1a26e194edff6;7ab8fb98486fbd9a4a80e0c2777f666bc455a26c8f3d9bb0c6d19aa4217f151f;fe7d5c9b4aca42ff7e552e38eef96284efcdc89cdd9066d63b8f5bfe6c4acd8e;8a6fd7818ee0fc0ed5683ec58fa3beeff778e7966590c5ba606442f71e631e35;b1dab351ade1766163e0f330d704d4aa1c68268d128b6079388d4c5b80c628e5;NOT IDENTIFIED FOR REDISTRIBUTION: external input data/hrc_r97/R97_HRC_SOURCE_POINTS.csv is declared in EXTERNAL_INPUTS.json with expected sha256 5f9b884e611e61189a97cc6c8fdb01e430bfc7bf7cef3faf05be2b0d2b8a2e80;4ad8d2021a573a7715dfb7eb2f97e752e9b8eb355373a9cc880b5c8d584a7db5,python3 scripts/figures/verify_public_figure_registry.py --root . --registry FIGURE_REGISTRY.csv --json-registry FIGURE_REGISTRY.json --strict-palette --strict-provenance,Level B: Level-C conditional family,ECT_R127_TERMINAL_CALM_OKABE_ITO_GRAY_SAFE_OR_EXPLICIT_LEGACY_VARIANT,"[""line style + marker shape + direct labels + luminance-separated curves""]",CURRENT ENGLISH PUBLICATION ASSET; exact hash registered; scientific ceiling unchanged,PASS: exact hash-bound owner review,PASS: exact owner hash plus current R149 A4 portrait geometry,PASS,LaTex/work/preprint/R123_VISUAL_READABILITY_AND_RESTORATION_CANDIDATE_v3/components/curve_luminance_readable/manifests/R123_CURVE_LUMINANCE_READABLE_MANIFEST_v1.json;LaTex/work/preprint/R137_TERMINAL_FIGURE_REGISTRY_EN3_CANDIDATE_v1/frozen/R137_TERMINAL_FIGURE_REGISTRY_EN3_OWNER_v6/outputs/R137_FIGURE_REGISTRY_EN3_CANDIDATE_v1.csv;LaTex/work/preprint/R137_TERMINAL_FIGURE_REGISTRY_EN3_CANDIDATE_v1/frozen/R137_TERMINAL_FIGURE_REGISTRY_EN3_OWNER_v6/outputs/R137_FIGURE_REGISTRY_EN3_CANDIDATE_v1.csv;LaTex/work/preprint/R149_READER_LAYOUT_CANDIDATE_v1/atlas_layout_successor/qa/verification.json
fig:r123_atlas_f42f,reproducibility_atlas,59571,\RAtlasSingle{figures/r123/global/panels/fig42_f_scope_statement_r123.pdf},figures/r123/global/panels/fig42_f_scope_statement_r123.pdf,LaTex/figures/r123/global/panels/fig42_f_scope_statement_r123.pdf,cab268feec4cf63612e2b9437996629e95cc3deeac46e8d449bd4f765b567a32,488.977x389.880pt,0.957100,9.380,9.380,Background scope and ownership; explicit Open-owner statement,R123 curve-luminance public successor; scientific arrays inherited from the frozen upstream panel owner,LaTex/provenance/figures/r190/work_preprint/R123_VISUAL_READABILITY_AND_RESTORATION_CANDIDATE_v3/components/curve_luminance_readable/build_curve_luminance_readable_v1.py,ae7464996e4bc5b5351b987680326aee2e4e3cf6dce6120a71c3118fa56efe7d,LaTex/data/cosmology_r103/R103_CONDITIONAL_ECT_AGE_MATCHING_RESULTS_v1.json;LaTex/data/cosmology_r103/R103_OFFICIAL_CCCOVARIANCE_SUBSET_RESULT_v1.json;LaTex/data/cosmology_r103/R103_RESTRICTED_ISW_LENSING_PROXY_v1.json;LaTex/data/cosmology_r103/R103_RESTRICTED_LARGE_FLOW_PROXY_v1.json;LaTex/data/cosmology_r103/R103_TWO_SLOPE_BACKGROUND_DENSE_METADATA_v1.json;LaTex/data/cosmology_r103/R103_TWO_SLOPE_BACKGROUND_DENSE_v1.csv;LaTex/data/cosmology_r103/R103_TWO_SLOPE_CALIBRATED_SCAN_v1.json;LaTex/data/cosmology_r103/R103_TWO_SLOPE_CONDITIONAL_OBSERVABLES_v1.csv;LaTex/data/cosmology_r103/R103_TWO_SLOPE_CONDITIONAL_OBSERVABLES_v1.json;LaTex/data/cosmology_r103/R103_TWO_SLOPE_HWG_FROZEN_v1.csv;LaTex/data/cosmology_r113/R113_EARLY_RESPONSE_GROWTH_COLLAPSE_ENVELOPE_v3.csv;LaTex/data/hrc_r97/R97_HRC_PER_GALAXY_FITS.csv;NOT IDENTIFIED FOR REDISTRIBUTION: external input data/hrc_r97/R97_HRC_SOURCE_POINTS.csv is declared in EXTERNAL_INPUTS.json with expected sha256 5f9b884e611e61189a97cc6c8fdb01e430bfc7bf7cef3faf05be2b0d2b8a2e80;LaTex/data/hrc_r97/R97_HRC_UDG_DIAGNOSTIC.csv,e967d42e2013970576c831d05baf9baf54c68c744e9882081298136a29a3bc5a;e1f9969194e94ec1f186d34e236595883e6e48ee9052cdf8dc7a1d88e14e3776;9f3f3205c116cb6f9b52791c7e5295a3145c1a1a0ca1ae35c1e45a565daa8fa7;52046c4583a55129dab61f04ea0068d36f69c51754326990325b0995a1670805;94bc139e3f76701a9f7cee574d20e8d2e7cbed4bf174a8206e3191e6faeff6da;03c9c3e7894e3b0f5b258ba0275abdf76faf80083223fe46f44727c25ebcfe56;58bcb51d1c22823f165dfcd490705825add959e3378a60268be4f44243f834eb;67d87a0dd709d7816a21ec375ab7e1827c1ce367256e536804e1a26e194edff6;7ab8fb98486fbd9a4a80e0c2777f666bc455a26c8f3d9bb0c6d19aa4217f151f;fe7d5c9b4aca42ff7e552e38eef96284efcdc89cdd9066d63b8f5bfe6c4acd8e;8a6fd7818ee0fc0ed5683ec58fa3beeff778e7966590c5ba606442f71e631e35;b1dab351ade1766163e0f330d704d4aa1c68268d128b6079388d4c5b80c628e5;NOT IDENTIFIED FOR REDISTRIBUTION: external input data/hrc_r97/R97_HRC_SOURCE_POINTS.csv is declared in EXTERNAL_INPUTS.json with expected sha256 5f9b884e611e61189a97cc6c8fdb01e430bfc7bf7cef3faf05be2b0d2b8a2e80;4ad8d2021a573a7715dfb7eb2f97e752e9b8eb355373a9cc880b5c8d584a7db5,python3 scripts/figures/verify_public_figure_registry.py --root . --registry FIGURE_REGISTRY.csv --json-registry FIGURE_REGISTRY.json --strict-palette --strict-provenance,Open: explicit Open-owner statement,ECT_R127_TERMINAL_CALM_OKABE_ITO_GRAY_SAFE_OR_EXPLICIT_LEGACY_VARIANT,"[""line style + marker shape + direct labels + luminance-separated curves""]",CURRENT ENGLISH PUBLICATION ASSET; exact hash registered; scientific ceiling unchanged,PASS: exact hash-bound owner review,PASS: exact owner hash plus current R149 A4 portrait geometry,PASS,LaTex/work/preprint/R123_VISUAL_READABILITY_AND_RESTORATION_CANDIDATE_v3/components/curve_luminance_readable/manifests/R123_CURVE_LUMINANCE_READABLE_MANIFEST_v1.json;LaTex/work/preprint/R137_TERMINAL_FIGURE_REGISTRY_EN3_CANDIDATE_v1/frozen/R137_TERMINAL_FIGURE_REGISTRY_EN3_OWNER_v6/outputs/R137_FIGURE_REGISTRY_EN3_CANDIDATE_v1.csv;LaTex/work/preprint/R137_TERMINAL_FIGURE_REGISTRY_EN3_CANDIDATE_v1/frozen/R137_TERMINAL_FIGURE_REGISTRY_EN3_OWNER_v6/outputs/R137_FIGURE_REGISTRY_EN3_CANDIDATE_v1.csv;LaTex/work/preprint/R149_READER_LAYOUT_CANDIDATE_v1/atlas_layout_successor/qa/verification.json
fig:r123_atlas_f43b,reproducibility_atlas,59572,\RAtlasSingle{figures/r154/curve_semantics/nonrotation/fig43_b_two_slope_w_dense_r154.pdf},figures/r154/curve_semantics/nonrotation/fig43_b_two_slope_w_dense_r154.pdf,LaTex/figures/r154/curve_semantics/nonrotation/fig43_b_two_slope_w_dense_r154.pdf,42ea513561a8666bb244bd768942228d0594c0c5f77a5b4729fe4bb8bcca9f5d,476.370x302.331pt,1.000000,DEFERRED_COMPILED_PAGE_MEASUREMENT,DEFERRED_COMPILED_PAGE_MEASUREMENT,Two-slope $w$ diagnostic; conditional supplied background,presentation-only successor from frozen second-half scientific owners; R154 curve-semantics renderer,LaTex/provenance/figures/r190/active_predecessor_scripts/r154/build_r154_sparse_and_exact_successors.py,37ec0bbab59f442c0881e2ab0054e734b7f852cc31a03900e82c96e6b8137280,LaTex/provenance/figures/r190/work_preprint/R154_SMOOTH_CURVE_SEMANTICS_CANDIDATE_v1/publication_build/audits/R154_CURVE_SEMANTICS/R154_NONROTATION_ASSET_MAP_v1.json;LaTex/provenance/figures/r190/work_preprint/R154_SMOOTH_CURVE_SEMANTICS_CANDIDATE_v1/publication_build/LaTex/data/figures_r154/scientific_audit/R154_FULL_SCIENTIFIC_SERIES_AUDIT_v1.csv;LaTex/provenance/figures/r190/work_preprint/R154_SMOOTH_CURVE_SEMANTICS_CANDIDATE_v1/publication_build/LaTex/data/figures_r154/scientific_audit/R154_78_FIGURE_SCIENTIFIC_AUDIT_v1.json;LaTex/provenance/figures/r190/work_preprint/R154_SMOOTH_CURVE_SEMANTICS_CANDIDATE_v1/publication_build/LaTex/data/figures_r154/scientific_audit/R154_FULL_SCIENTIFIC_AUDIT_CHECKS_v1.json,7cd12e00e74972fea0a048327dd3eceff0b1ca44d030c061a17bd8dbc355f97d;fbac9bd76dd72fe75c309472fb173969ea79ec2060fa379751036dfb6538d279;d8fa63bd5055f090e5dad865bfb1eadcd95d371fe654b876f193bea5032ce574;0d1a1f472604a559b6a3712e12c9901ed29ff10822ebf3d46d48b0dc09a69987,python3 scripts/figures/verify_public_figure_registry.py --root . --registry FIGURE_REGISTRY.csv --json-registry FIGURE_REGISTRY.json --strict-palette --strict-provenance,"scientific_change=none; R154 display-only successor; numerical source ordinates, fits and scientific metrics unchanged",Okabe--Ito; redundant line/marker styles; grayscale-safe,see owning asset/seed registry; PENDING if not explicitly frozen,CURRENT ENGLISH PUBLICATION ASSET; exact output hash preserved; scientific owner and Level A/B/C/Open ceiling unchanged,PASS_STANDALONE_R190: human RGB/grayscale/protanopia/deuteranopia/tritanopia contact-sheet review; no colour-only status channel observed; owning-page context separate,"PASS_STANDALONE_CONTACT_SHEET_R190: human review found no visible clipping, direct-label loss or status-semantic change; high-resolution owning-page review separate",PENDING: owning-page compiled context and registry/manifest synchronization,R149_SECOND_HALF_TYPOGRAPHY_MANIFEST_v1.json;LaTex/work/preprint/R149_READER_LAYOUT_CANDIDATE_v1/second_half_typography_successors/R149_SECOND_HALF_TYPOGRAPHY_SUCCESSORS_REPORT_v1.md;LaTex/provenance/figures/r190/work_preprint/R154_SMOOTH_CURVE_SEMANTICS_CANDIDATE_v1/publication_build/audits/R154_CURVE_SEMANTICS/R154_NONROTATION_ASSET_MAP_v1.json;LaTex/provenance/figures/r190/work_preprint/R154_SMOOTH_CURVE_SEMANTICS_CANDIDATE_v1/publication_build/LaTex/data/figures_r154/scientific_audit/R154_FULL_SCIENTIFIC_SERIES_AUDIT_v1.csv;LaTex/provenance/figures/r190/work_preprint/R154_SMOOTH_CURVE_SEMANTICS_CANDIDATE_v1/publication_build/LaTex/data/figures_r154/scientific_audit/R154_78_FIGURE_SCIENTIFIC_AUDIT_v1.json;LaTex/provenance/figures/r190/work_preprint/R154_SMOOTH_CURVE_SEMANTICS_CANDIDATE_v1/publication_build/LaTex/data/figures_r154/scientific_audit/R154_FULL_SCIENTIFIC_AUDIT_CHECKS_v1.json
fig:r123_atlas_f45b,reproducibility_atlas,59581,\RAtlasFirstSingle{figures/r123/global/panels/fig45_b_tail_estimators_r123.pdf},figures/r123/global/panels/fig45_b_tail_estimators_r123.pdf,LaTex/figures/r123/global/panels/fig45_b_tail_estimators_r123.pdf,91bdc7db113d601f8ce02c6e0997a9048f1d870c4f1ccb37d24d9b7d2f6631df,538.850x398.880pt,0.868516,10.770,10.770,Finite-body tail estimators; fixed-metric numerical detail; not a PPN pass,R123 inherited component clipping_remediation_v2; role=fresh_owner_no_crop_panel,LaTex/provenance/figures/r190/work_preprint/R127_VISUAL_COSMOLOGY_PES_COMPLETION_CANDIDATE_v1/components/native_font_rerender_v1/build_r127_native_font_rerender.py;LaTex/provenance/figures/r190/work_preprint/R123_VISUAL_READABILITY_AND_RESTORATION_CANDIDATE_v1/components/clipping_remediation_v2/build_clipping_remediation_v2.py;LaTex/provenance/figures/r190/legacy_r114_finitebody_proposal/make_r114_finitebody_scalar_gate_figure.py;LaTex/provenance/figures/r190/work_preprint/R114_VERIFIED_COSMOLOGY_PES_CASCADE_CANDIDATE_v1/ECT_preprint_R114_verified_cosmology_pes_cascade_candidate_v1.tex,8d456d3a610e4df2558912f17d05d8c4c3e1763a6b8aa33e0a660fb41eff444c;cd7373cb547a7cca508efcfdfe3114ebd250ed1dbd99ddba8b28f142fdc29c0a;5c691300999eace32f232eaa9bfe5bc89d2541b73ce3b0111c9b1539091adc93;549992e9d48fc2fa716325d249b96f53cf4092f10dab66030dc3cf5f72e1367a,LaTex/provenance/figures/r190/work_preprint/R127_VISUAL_COSMOLOGY_PES_COMPLETION_CANDIDATE_v1/components/font_readability_remediation_v1/assets/r123__global__panels__fig45_b_tail_estimators_r123__reader_scale_r127.pdf,0f4aa2dc06697c4657864515004940636593718b99e55537ef734d728f28a148,python3 scripts/figures/verify_public_figure_registry.py --root . --registry FIGURE_REGISTRY.csv --json-registry FIGURE_REGISTRY.json --strict-palette --strict-provenance,inherited publication asset; no status upgrade; current publication asset,ECT_R127_TERMINAL_CALM_OKABE_ITO_GRAY_SAFE_OR_EXPLICIT_LEGACY_VARIANT,"[""line style + marker shape + direct labels + luminance-separated curves""]",CURRENT ENGLISH PUBLICATION ASSET; exact hash registered; scientific ceiling unchanged,PASS: exact hash-bound owner review,PASS: exact owner hash plus current R149 A4 portrait geometry,PASS,LaTex/work/preprint/R123_VISUAL_READABILITY_AND_RESTORATION_CANDIDATE_v2/manifests/R123_VISUAL_READABILITY_INSTALL_MAP_v2.json;LaTex/work/preprint/R137_TERMINAL_FIGURE_REGISTRY_EN3_CANDIDATE_v1/frozen/R137_TERMINAL_FIGURE_REGISTRY_EN3_OWNER_v6/outputs/R137_FIGURE_REGISTRY_EN3_CANDIDATE_v1.csv;LaTex/work/preprint/R137_TERMINAL_FIGURE_REGISTRY_EN3_CANDIDATE_v1/frozen/R137_TERMINAL_FIGURE_REGISTRY_EN3_OWNER_v6/outputs/R137_FIGURE_REGISTRY_EN3_CANDIDATE_v1.csv;LaTex/work/preprint/R149_READER_LAYOUT_CANDIDATE_v1/atlas_layout_successor/qa/verification.json
nav:github_qr,navigation_asset,59649,\includegraphics[width=\linewidth]{figures/github_qr.png},figures/github_qr.png,LaTex/figures/github_qr.png,d9f700be73b521f81827344380f5face19c0fa6399e06c0a8b4807e880fe8fd7,246x246px,0.220000,NOT_APPLICABLE_TO_VECTOR_TEXT; HUMAN_RENDERED_PAGE_REVIEW_REQUIRED,NOT_APPLICABLE_TO_VECTOR_TEXT; HUMAN_RENDERED_PAGE_REVIEW_REQUIRED,Repository-access QR code for github.com/chufelo/ECT-preprint-code; navigation only.,Navigation-only asset; no scientific claim. Source generator is not identified in the current English publication tree.,,,,,python3 scripts/figures/verify_public_figure_registry.py --root . --registry FIGURE_REGISTRY.csv --json-registry FIGURE_REGISTRY.json --strict-palette --strict-provenance,NOT_APPLICABLE: navigation-only; no ECT scientific status or result,monochrome navigation asset,printed repository URL adjacent to the QR code,REGISTERED: English navigation asset; binary unchanged; source generator NOT IDENTIFIED,PASS: monochrome binary with adjacent literal URL,PASS: 246x246 monochrome QR; repository URL is also printed in text,QR decode/network destination was not externally tested in this candidate-only task,Exact live binary hash and fixed English include occurrence; no scientific content inferred
fig:pop_hierarchy,companion_en,664,"\includegraphics[width=0.96\textwidth,height=0.72\textheight,keepaspectratio]{../figures/r149/r149_equation_hierarchy.pdf}",figures/r149/r149_equation_hierarchy.pdf,LaTex/figures/r149/r149_equation_hierarchy.pdf,52e6e032467c2f6e3d5a0d5ab10745cab7194432bd0eadbdc119b54af5a73d36,482.400x590.400pt,0.960000,DEFERRED_COMPILED_COMPANION_PAGE_MEASUREMENT,DEFERRED_COMPILED_COMPANION_PAGE_MEASUREMENT,Status-separated equation inventory from Euclidean scalar boundary problem through conditional KG and supplied Schrödinger sectors.,R190 publication-neutral presentation successor; scientific payload inherited from the frozen R149/R181 owners,LaTex/scripts/figures/build_public_status_schematics.py,f1cfd387fd1d3ae646e7a81be441586fce47c1a86b46c78188aa18349a50495b,LaTex/data/verification/R190_PUBLIC_STATUS_SCHEMATICS_v1.json,6fbbc3ef5cc8135a58b38dc71c66b2ca0d45f6d9643932a4e5b712bdfab7e446,SOURCE_DATE_EPOCH=1785628800 python3 scripts/figures/build_public_status_schematics.py; python3 scripts/figures/verify_public_figure_registry.py --root . --registry FIGURE_REGISTRY.csv --json-registry FIGURE_REGISTRY.json --strict-palette --strict-provenance,P3 radial curvature A-math inside supplied P3; ordered-branch/KG reduction conditional; Schrödinger sector and S0=hbar calibration supplied; physical P4/common-cone/action-scale universality Open,calm status schematic; literal status and luminance-separated boxes,literal owner/status text + border/fill luminance + dashed conditional arrows,CURRENT ENGLISH PUBLICATION ASSET; lifecycle-neutral visible title; exact hash registered; scientific ceiling unchanged,"PASS R190: status remains redundant with literal text, luminance, border and line style; title-only successor",PASS R190: standalone full-resolution and compiled owning-page review,PASS,R190_PUBLIC_STATUS_SCHEMATICS_v1; frozen R149/R181 scientific and layout sources retained; lifecycle title/metadata only
fig:pop_scales,companion_en,744,\includegraphics[width=0.92\textwidth]{../figures/r153/line_semantics/fig_condensate_scales_line_semantics_r153.png},figures/r153/line_semantics/fig_condensate_scales_line_semantics_r153.png,LaTex/figures/r153/line_semantics/fig_condensate_scales_line_semantics_r153.png,b6e769ccfbfeb4ac84ed30d0707e9a803833f384001eec43d13dd91d9ab9374c,1278x1692px,0.920000,NOT_APPLICABLE_TO_VECTOR_TEXT; HUMAN_RENDERED_PAGE_REVIEW_REQUIRED,NOT_APPLICABLE_TO_VECTOR_TEXT; HUMAN_RENDERED_PAGE_REVIEW_REQUIRED,"Dimensionally separated scale inventory: independent energy-dimension points, a conditional gradient estimate and a separate Level-C galactic length.",R190 publication-neutral presentation successor; scientific payload inherited from the frozen R149/R181 owners,LaTex/scripts/figures/build_public_status_schematics.py,f1cfd387fd1d3ae646e7a81be441586fce47c1a86b46c78188aa18349a50495b,LaTex/data/verification/R190_PUBLIC_STATUS_SCHEMATICS_v1.json,6fbbc3ef5cc8135a58b38dc71c66b2ca0d45f6d9643932a4e5b712bdfab7e446,SOURCE_DATE_EPOCH=1785628800 python3 scripts/figures/build_public_status_schematics.py; python3 scripts/figures/verify_public_figure_registry.py --root . --registry FIGURE_REGISTRY.csv --json-registry FIGURE_REGISTRY.json --strict-palette --strict-provenance,Inventory only: φ0 and v2 are independent energy-dimension points; u0 estimate is conditional; HRC length is Level C; origin and first-principles bridge remain Open,"calm Okabe--Ito-derived, luminance-first",direct labels + marker/geometry + luminance separation; no connecting curve,CURRENT ENGLISH PUBLICATION ASSET; lifecycle-neutral visible title; exact hash registered; scientific ceiling unchanged,"PASS R190: status remains redundant with literal text, luminance, border and line style; title-only successor",PASS R190: standalone full-resolution and compiled owning-page review,PASS,R190_PUBLIC_STATUS_SCHEMATICS_v1; frozen R149/R181 scientific and layout sources retained; lifecycle title/metadata only
fig:pop_r114_early_response_envelope,companion_en,1941;1954,"\includegraphics[width=0.98\textwidth,trim=0 0 389.4bp 26bp,clip]{r114/r114_early_response_growth_collapse_envelope.pdf};\includegraphics[width=0.98\textwidth,trim=389.4bp 0 0 26bp,clip]{r114/r114_early_response_growth_collapse_envelope.pdf}",figures/r114/r114_early_response_growth_collapse_envelope.pdf,LaTex/figures/r114/r114_early_response_growth_collapse_envelope.pdf,3e65d8487209e64f3b489df43911fa374331b74c91e2e85f237f2875598054ac,778.799x314.400pt,0.980000,DEFERRED_COMPILED_COMPANION_PAGE_MEASUREMENT,DEFERRED_COMPILED_COMPANION_PAGE_MEASUREMENT,"Owner-specific early-response sensitivity envelope, inserted twice as left/right crops without recomputation.",R114 closure figure owner; five prescribed stress-test rows from the frozen R113 envelope,LaTex/scripts/figures/make_r114_closure_figures.py,2112dd42d156e32a4651302b8791f87b6a3a6c4392ee54315a018175609721b5,LaTex/data/cosmology_r113/R113_EARLY_RESPONSE_GROWTH_COLLAPSE_ENVELOPE_v3.csv,8a6fd7818ee0fc0ed5683ec58fa3beeff778e7966590c5ba606442f71e631e35,python3 scripts/figures/verify_public_figure_registry.py --root . --registry FIGURE_REGISTRY.csv --json-registry FIGURE_REGISTRY.json --strict-palette --strict-provenance,"Level A algebra only inside the supplied envelope; Level C growth/equality/rare-tail sensitivity; not a posterior, JWST abundance prediction or likelihood",calm Okabe--Ito-derived data plot,marker + line style + direct labels; crop continuation explicitly labelled,REGISTERED: one English asset used in two companion crop insertions; binary unchanged,PASS by marker/line/direct-label redundancy inherited from owner,PASS standalone; owning-page crop boundaries remain a compile/context gate,Owning-page crop compile/context and live apply remain separate gates,"Current exact binary, owner script and frozen R113 input hash; no data or styling recomputed in R185"
fig:pop_hrc_response,companion_en,2096;2106,"\includegraphics[width=0.98\textwidth,trim=0 0 398.653bp 26bp,clip]{hrc/R97_HRC_RESPONSE_AND_REGIMES.pdf};\includegraphics[width=0.98\textwidth,trim=398.653bp 0 0 26bp,clip]{hrc/R97_HRC_RESPONSE_AND_REGIMES.pdf}",figures/hrc/R97_HRC_RESPONSE_AND_REGIMES.pdf,LaTex/figures/hrc/R97_HRC_RESPONSE_AND_REGIMES.pdf,809fc1cb373eb0e346db408a7d814d8d69e14d264e293ede2269f2d8d8b19b19,797.306x296.320pt,0.980000,DEFERRED_COMPILED_COMPANION_PAGE_MEASUREMENT,DEFERRED_COMPILED_COMPANION_PAGE_MEASUREMENT,"HRC-only response and held-out regime diagnostic, inserted twice as left/right crops.",R97 HRC-only publication generator; Level-C diagnostic owner,LaTex/scripts/hrc/make_r97_hrc_only_figures.py,410faf81933711b003d010ead7e842bed8164a18952952c1a09a6bdc161b9377,LaTex/data/hrc_r97/R97_HRC_PER_GALAXY_FITS.csv;NOT IDENTIFIED FOR REDISTRIBUTION: external input data/hrc_r97/R97_HRC_SOURCE_POINTS.csv is declared in EXTERNAL_INPUTS.json with expected sha256 5f9b884e611e61189a97cc6c8fdb01e430bfc7bf7cef3faf05be2b0d2b8a2e80,b1dab351ade1766163e0f330d704d4aa1c68268d128b6079388d4c5b80c628e5;NOT IDENTIFIED FOR REDISTRIBUTION: external input data/hrc_r97/R97_HRC_SOURCE_POINTS.csv is declared in EXTERNAL_INPUTS.json with expected sha256 5f9b884e611e61189a97cc6c8fdb01e430bfc7bf7cef3faf05be2b0d2b8a2e80,python3 scripts/figures/verify_public_figure_registry.py --root . --registry FIGURE_REGISTRY.csv --json-registry FIGURE_REGISTRY.json --strict-palette --strict-provenance,HRC-0 exact only inside the supplied augmented response model; HRC-3 conditional on its supplied three-channel owner; held-out residual diagnostic Level C; physical gravity bridge Open,calm Okabe--Ito-derived data plot,line style + direct labels + regime labels; crop continuation explicitly labelled,REGISTERED: one English asset used in two companion crop insertions; binary unchanged; generator gap declared,PASS by line-style/direct-label redundancy visible in the frozen asset,PASS standalone; owning-page crop boundaries remain a compile/context gate,Generator owner identified in R190; existing crop/context verdict retained,Exact frozen binary and source-data hashes; creator metadata identifies an R97 deterministic generator but no separately named current script was found
fig:pop_mw,companion_en,2218,\includegraphics[width=0.88\textwidth]{hrc/R97_HRC_MILKY_WAY.pdf},figures/hrc/R97_HRC_MILKY_WAY.pdf,LaTex/figures/hrc/R97_HRC_MILKY_WAY.pdf,fb78aee9172e1ac6e7b6a826027f4faf83e98488a118b87f320697babf9a2cd5,508.033x336.629pt,0.880000,DEFERRED_COMPILED_COMPANION_PAGE_MEASUREMENT,DEFERRED_COMPILED_COMPANION_PAGE_MEASUREMENT,Representative Milky-Way HRC algebraic sensitivity test for a declared exponential disk.,R97 HRC-only completion generator,LaTex/scripts/hrc/make_r97_hrc_completion_figures.py,fff850ed5eda29a400b63287b4b61ec26d7cfe31d3edf079c31e01e6db5fe57b,LaTex/data/hrc_r97/R97_HRC_PER_GALAXY_FITS.csv;NOT IDENTIFIED FOR REDISTRIBUTION: external input data/hrc_r97/R97_HRC_SOURCE_POINTS.csv is declared in EXTERNAL_INPUTS.json with expected sha256 5f9b884e611e61189a97cc6c8fdb01e430bfc7bf7cef3faf05be2b0d2b8a2e80,b1dab351ade1766163e0f330d704d4aa1c68268d128b6079388d4c5b80c628e5;NOT IDENTIFIED FOR REDISTRIBUTION: external input data/hrc_r97/R97_HRC_SOURCE_POINTS.csv is declared in EXTERNAL_INPUTS.json with expected sha256 5f9b884e611e61189a97cc6c8fdb01e430bfc7bf7cef3faf05be2b0d2b8a2e80,python3 scripts/figures/verify_public_figure_registry.py --root . --registry FIGURE_REGISTRY.csv --json-registry FIGURE_REGISTRY.json --strict-palette --strict-provenance,"Level C representative sensitivity diagnostic; not a modern or joint Milky-Way posterior; gas, bulge, correlated systematics and baryonic-model uncertainty absent",calm Okabe--Ito-derived data plot,line style + direct labels + data markers/error bars,REGISTERED: currently used English companion asset; binary unchanged,PASS by line-style/direct-label/marker redundancy,PASS standalone searchable one-page PDF,Owning-page compile/context and live apply remain separate gates,Current exact binary plus current R97 owner script/input hashes; no replay against live outputs in R185
fig:pop_btfr,companion_en,2241;2251,"\includegraphics[width=0.98\textwidth,trim=0 0 405.012bp 26bp,clip]{hrc/R97_HRC_BTFR_AND_SCALE.pdf};\includegraphics[width=0.98\textwidth,trim=405.012bp 0 0 26bp,clip]{hrc/R97_HRC_BTFR_AND_SCALE.pdf}",figures/hrc/R97_HRC_BTFR_AND_SCALE.pdf,LaTex/figures/hrc/R97_HRC_BTFR_AND_SCALE.pdf,448c75b2f919b1fd0aa7d0352e0594b0ca44958d6eeab68a0996d90773042202,810.024x316.768pt,0.980000,DEFERRED_COMPILED_COMPANION_PAGE_MEASUREMENT,DEFERRED_COMPILED_COMPANION_PAGE_MEASUREMENT,"Conditional HRC-only BTFR proxy and fitted-scale dispersion, inserted twice as left/right crops.",R97 HRC-only completion generator,LaTex/scripts/hrc/make_r97_hrc_completion_figures.py,fff850ed5eda29a400b63287b4b61ec26d7cfe31d3edf079c31e01e6db5fe57b,LaTex/data/hrc_r97/R97_HRC_PER_GALAXY_FITS.csv;NOT IDENTIFIED FOR REDISTRIBUTION: external input data/hrc_r97/R97_HRC_SOURCE_POINTS.csv is declared in EXTERNAL_INPUTS.json with expected sha256 5f9b884e611e61189a97cc6c8fdb01e430bfc7bf7cef3faf05be2b0d2b8a2e80,b1dab351ade1766163e0f330d704d4aa1c68268d128b6079388d4c5b80c628e5;NOT IDENTIFIED FOR REDISTRIBUTION: external input data/hrc_r97/R97_HRC_SOURCE_POINTS.csv is declared in EXTERNAL_INPUTS.json with expected sha256 5f9b884e611e61189a97cc6c8fdb01e430bfc7bf7cef3faf05be2b0d2b8a2e80,python3 scripts/figures/verify_public_figure_registry.py --root . --registry FIGURE_REGISTRY.csv --json-registry FIGURE_REGISTRY.json --strict-palette --strict-provenance,Slope-four algebra conditional on the supplied identity gravity bridge; displayed mass proxy is not an independent catalogue likelihood; fitted-scale dispersion is Level C; microscopic owner remains Open,calm Okabe--Ito-derived data plot,open data markers + solid/dashed/dotted lines + direct labels; crop continuation explicitly labelled,REGISTERED: one English asset used in two companion crop insertions; binary unchanged,PASS by marker/line/direct-label redundancy,PASS standalone; owning-page crop boundaries remain a compile/context gate,Owning-page crop compile/context and live apply remain separate gates,Current exact binary plus current R97 owner script/input hashes; no replay against live outputs in R185
