N,H,q,p,F,V,rho_m,rho_r,constraint_signed,constraint_abs,constraint_rel
-60.0,1.3041808783936322e+50,0.0,0.0,1.0,2.0997,1.3404457807036544e+78,5.102663290702758e+100,0.0,0.0,0.0
-59.98,1.2530432147049942e+50,-1.1980521430101537e-22,6.423695407685898e-21,1.0,2.0997,1.2623842954593485e+78,4.71035189375468e+100,-7.770675568902916e+84,7.770675568902916e+84,-1.6497017089542358e-16
-59.96,1.2039106874900454e+50,8.852540541393341e-22,1.418687611514444e-20,1.0,2.0997,1.188868757217351e+78,4.3482028303582605e+100,7.770675568902916e+84,7.770675568902916e+84,1.787100526831373e-16
-59.94,1.1567046742230413e+50,1.7340969726868572e-22,-2.7131046072690236e-20,1.0,2.0997,1.1196344306336814e+78,4.013897110108295e+100,7.770675568902916e+84,7.770675568902916e+84,1.935942889351556e-16
-59.92,1.1113496352116353e+50,-2.629593124693419e-21,-1.5508364235348964e-19,1.0,2.0997,1.0544319973505924e+78,3.7052940350551045e+100,0.0,0.0,0.0
-59.9,1.0677729927171193e+50,-6.744629540804013e-21,-2.5976421732360173e-19,1.0,2.0997,9.930266581811862e+77,3.42041749192822e+100,0.0,0.0,0.0
-59.88,1.025905014814687e+50,-1.2726346312225977e-20,-2.7177519452004772e-19,1.0,2.0997,9.351972875787546e+77,3.1574432982657693e+100,-3.885337784451458e+84,3.885337784451458e+84,-1.230532876579442e-16
-59.86,9.856787038073527e+49,-1.9157368062018984e-20,-3.4811974935955866e-19,1.0,2.0997,8.807356373458332e+77,2.914687521418029e+100,-3.885337784451458e+84,3.885337784451458e+84,-1.333020351547392e-16
-59.84,9.47029689015463e+49,-2.8108420471243504e-20,-4.2143939692315866e-19,1.0,2.0997,8.294455867160463e+77,2.6905956956301734e+100,3.885337784451458e+84,3.885337784451458e+84,1.4440437077787934e-16
-59.82,9.0989612376976e+49,-3.447685766034564e-20,-3.220002926338736e-19,1.0,2.0997,7.811424361071491e+77,2.483732868153703e+100,0.0,0.0,0.0
-59.8,8.74218586443615e+49,-4.099708527064832e-20,-3.5582584365360443e-19,1.0,2.0997,7.356522420032905e+77,2.292774410650417e+100,0.0,0.0,0.0
-59.78,8.399399853657044e+49,-4.961937315345935e-20,-4.1739968409393974e-19,1.0,2.0997,6.928111905704538e+77,2.1164975370484194e+100,-3.885337784451458e+84,3.885337784451458e+84,-1.835739336540779e-16
-59.76,8.070054674611207e+49,-5.990748792958361e-20,-5.349404364160562e-19,1.0,2.0997,6.5246500774953e+77,1.9537734735364255e+100,0.0,0.0,0.0
-59.74,7.753623304748347e+49,-7.136357661783425e-20,-5.592479374512929e-19,1.0,2.0997,6.14468403703278e+77,1.8035602305581004e+100,0.0,0.0,0.0
-59.72,7.4495993863675e+49,-8.162759050841932e-20,-5.340778750463103e-19,1.0,2.0997,5.786845496158741e+77,1.6648959305210111e+100,-1.942668892225729e+84,1.942668892225729e+84,-1.166841035894533e-16
-59.7,7.157496416337579e+49,-9.14444208655535e-20,-4.973658250405364e-19,1.0,2.0997,5.449845849614189e+77,1.5368926484965586e+100,0.0,0.0,0.0
-59.68,6.876846967587703e+49,-1.0061632091972869e-19,-3.780786018758583e-19,1.0,2.0997,5.132471534667803e+77,1.4187307264686056e+100,-1.942668892225729e+84,1.942668892225729e+84,-1.3693006403415746e-16
-59.66,6.607201941124902e+49,-1.0938310278030496e-19,-4.769322834501254e-19,1.0,2.0997,4.833579660980847e+77,1.3096535247241403e+100,1.942668892225729e+84,1.942668892225729e+84,1.483345675441086e-16
-59.64,6.348129847379586e+49,-1.2108436313048373e-19,-6.625691885978499e-19,1.0,2.0997,4.552093894966057e+77,1.208962576775747e+100,0.0,0.0,0.0
-59.62,6.099216115729918e+49,-1.3494156793169317e-19,-6.777286904828159e-19,1.0,2.0997,4.2870005838242825e+77,1.1160131167913864e+100,1.942668892225729e+84,1.942668892225729e+84,1.7407222755687978e-16
-59.6,5.860062431101006e+49,-1.4682178604615718e-19,-6.065459449738543e-19,1.0,2.0997,4.037345105300783e+77,1.030209950892043e+100,0.0,0.0,0.0
-59.58,5.630286096575099e+49,-1.5959443983511855e-19,-6.025595060813797e-19,1.0,2.0997,3.8022284300122325e+77,9.510036458786062e+99,-1.942668892225729e+84,1.942668892225729e+84,-2.0427565137575792e-16
-59.56,5.409519420995556e+49,-1.7282329998640723e-19,-6.474794947104713e-19,1.0,2.0997,3.5808038839712324e+77,8.77887010983843e+99,0.0,0.0,0.0
-59.54,5.197409130581887e+49,-1.842993994221927e-19,-6.061295244363317e-19,1.0,2.0997,3.3722740996448264e+77,8.103918501196793e+99,-1.942668892225729e+84,1.942668892225729e+84,-2.3971969756838426e-16
-59.52,4.993615803616976e+49,-1.9740563425001232e-19,-6.039345001025048e-19,1.0,2.0997,3.1758881445702447e+77,7.480859638239965e+99,-9.713344461128645e+83,9.713344461128645e+83,-1.2984262412138936e-16
-59.5,4.797813327299302e+49,-2.0788497895154868e-19,-5.389477929913417e-19,1.0,2.0997,2.990938817186935e+77,6.90570381708324e+99,0.0,0.0,0.0
-59.48,4.609688375893409e+49,-2.171843093309469e-19,-4.300134464712315e-19,1.0,2.0997,2.8167601001470715e+77,6.374768076854045e+99,0.0,0.0,0.0
-59.46,4.428939909341647e+49,-2.2578734038991246e-19,-4.2632195419673374e-19,1.0,2.0997,2.6527247619337225e+77,5.88465261616776e+99,-9.713344461128645e+83,9.713344461128645e+83,-1.6506232558981926e-16
-59.44,4.255278691535676e+49,-2.327106308647539e-19,-3.4521782962595856e-19,1.0,2.0997,2.498242098149894e+77,5.432219022791273e+99,0.0,0.0,0.0
-59.42,4.0884268274774264e+49,-2.3804667500943377e-19,-2.0533313999650368e-19,1.0,2.0997,2.352755804344665e+77,5.01457017709114e+99,0.0,0.0,0.0
-59.4,3.928117318587324e+49,-2.4212381713807045e-19,-2.1507750510931324e-19,1.0,2.0997,2.2157419727162818e+77,4.629031700575701e+99,0.0,0.0,0.0
-59.38,3.774093635450073e+49,-2.4661164448648566e-19,-1.872177208237827e-19,1.0,2.0997,2.086707205478247e+77,4.273134830743425e+99,-4.856672230564323e+83,4.856672230564323e+83,-1.1365595570780002e-16
-59.36,3.626109307312406e+49,-2.47261369138999e-19,-3.315057761950869e-20,1.0,2.0997,1.9651868380940517e+77,3.944600612573296e+99,9.713344461128645e+83,9.713344461128645e+83,2.4624405396499836e-16
-59.34,3.4839275276777333e+49,-2.4812167469194963e-19,2.216153371890957e-21,1.0,2.0997,1.8507432659835977e+77,3.6413253054332044e+99,0.0,0.0,0.0
-59.32,3.347320775364808e+49,-2.4762209214416725e-19,-6.125497950705728e-21,1.0,2.0997,1.742964368673228e+77,3.361366911956658e+99,-4.856672230564323e+83,4.856672230564323e+83,-1.4448503712250931e-16
-59.3,3.2160704504256533e+49,-2.4862358039818175e-19,-9.737450718116236e-20,1.0,2.0997,1.6414620257174568e+77,3.1029327426303196e+99,-4.856672230564323e+83,4.856672230564323e+83,-1.5651877218735263e-16
-59.28,3.089966524338848e+49,-2.5050037359945344e-19,-1.047721200153639e-19,1.0,2.0997,1.545870719046097e+77,2.86436793646041e+99,0.0,0.0,0.0
-59.26,2.9688072039189565e+49,-2.524813674566077e-19,-1.1812596007554293e-19,1.0,2.0997,1.4558462167039915e+77,2.6441448642123276e+99,0.0,0.0,0.0
-59.24,2.852398608404694e+49,-2.5845223777236344e-19,-2.6539297097433003e-19,1.0,2.0997,1.3710643332446246e+77,2.4408533463687103e+99,0.0,0.0,0.0
-59.22,2.740554459207996e+49,-2.6385006621327754e-19,-3.423524479752438e-19,1.0,2.0997,1.2912197623121198e+77,2.253191623165449e+99,0.0,0.0,0.0
-59.2,2.6330957818288695e+49,-2.7031242241838226e-19,-2.4092933674060106e-19,1.0,2.0997,1.2160249772086696e+77,2.0799580188854959e+99,0.0,0.0,0.0
-59.18,2.529850619457692e+49,-2.7462910372490797e-19,-2.64823587925037e-19,1.0,2.0997,1.1452091954876845e+77,1.9200432470311403e+99,2.4283361152821613e+83,2.4283361152821613e+83,1.2647299059731945e-16
-59.16,2.430653757807898e+49,-2.809331265582882e-19,-2.4015965506953353e-19,1.0,2.0997,1.0785174038448494e+77,1.7724233071036966e+99,2.4283361152821613e+83,2.4283361152821613e+83,1.3700655512425453e-16
-59.14,2.3353464607377557e+49,-2.840479590563809e-19,-2.074649795513376e-19,1.0,2.0997,1.0157094397944658e+77,1.6361529275041085e+99,2.4283361152821613e+83,2.4283361152821613e+83,1.484174293527989e-16
-59.12,2.2437762162385775e+49,-2.8985553770215756e-19,-3.162151029063179e-19,1.0,2.0997,9.565591268251244e+76,1.510359512567372e+99,2.4283361152821613e+83,2.4283361152821613e+83,1.6077868183545082e-16
-59.1,2.1557964923832016e+49,-2.9633541134747243e-19,-3.1044041611462224e-19,1.0,2.0997,9.00853459920243e+76,1.3942375549715147e+99,-2.4283361152821613e+83,2.4283361152821613e+83,-1.741694667901679e-16
-59.08,2.071266502843389e+49,-3.0095097719043645e-19,-2.3756251847680615e-19,1.0,2.0997,8.483918385095424e+76,1.2870434777403248e+99,0.0,0.0,0.0
-59.06,1.9900509816019094e+49,-3.047987307268739e-19,-1.6981776387783097e-19,1.0,2.0997,7.989853440906207e+76,1.188090872812417e+99,0.0,0.0,0.0
-59.04,1.9120199664978169e+49,-3.0656369844867386e-19,-3.76098062644349e-20,1.0,2.0997,7.524560599181521e+76,1.0967461056858938e+99,0.0,0.0,0.0
-59.02,1.837048591259496e+49,-3.0467620304406914e-19,7.622777197725042e-20,1.0,2.0997,7.086364303114584e+76,1.0124242579945497e+99,-1.2141680576410807e+83,1.2141680576410807e+83,-1.19926804208164e-16
-59.0,1.7650168856917654e+49,-3.0311397914184215e-19,1.2734681711875682e-19,1.0,2.0997,6.673686572730761e+76,9.345853820331176e+98,-1.2141680576410807e+83,1.2141680576410807e+83,-1.299151560662925e-16
-58.98,1.6958095836981608e+49,-3.0047545110936084e-19,2.234477531208929e-19,1.0,2.0997,6.285041322455233e+76,8.62731043248759e+98,-1.2141680576410807e+83,1.2141680576410807e+83,-1.4073540846159037e-16
-58.96,1.6293159388305037e+49,-2.9472787789578505e-19,1.740391748866534e-19,1.0,2.0997,5.919029009599769e+76,7.964011285581377e+98,0.0,0.0,0.0
-58.94,1.5654295470708908e+49,-2.914545751427034e-19,2.047785879160015e-19,1.0,2.0997,5.574331594497352e+76,7.351709000527723e+98,0.0,0.0,0.0
-58.92,1.5040481765627284e+49,-2.880407626573209e-19,1.7626910815429927e-19,1.0,2.0997,5.249707794135728e+76,6.786482752265006e+98,-1.2141680576410807e+83,1.2141680576410807e+83,-1.7890976842692912e-16
-58.9,1.4450736040177693e+49,-2.8587516295324896e-19,3.749815150133707e-20,1.0,2.0997,4.943988612197818e+76,6.264713163086714e+98,0.0,0.0,0.0
-58.88,1.3884114575380701e+49,-2.8566287146659062e-19,-2.2041388915333087e-20,1.0,2.0997,4.656073129412436e+76,5.783059126268964e+98,1.2141680576410807e+83,1.2141680576410807e+83,2.0995255817562786e-16
-58.86,1.3339710656006536e+49,-2.8905381952143043e-19,-1.646209180116175e-19,1.0,2.0997,4.384924539055122e+76,5.338436411579229e+98,0.0,0.0,0.0
-58.84,1.281665311963889e+49,-2.9417756569975654e-19,-2.7006754219269774e-19,1.0,2.0997,4.129566413325482e+76,4.9279979156744793e+98,-1.2141680576410807e+83,1.2141680576410807e+83,-2.46381609411639e-16
-58.82,1.2314104962627645e+49,-2.998754090935247e-19,-2.660484281429055e-19,1.0,2.0997,3.889079187150642e+76,4.5491154309183244e+98,-1.2141680576410807e+83,1.2141680576410807e+83,-2.6690201118857475e-16
-58.8,1.1831262000705783e+49,-3.040376440913466e-19,-1.9965455864039772e-19,1.0,2.0997,3.662596846759022e+76,4.199362815880338e+98,6.070840288205404e+82,6.070840288205404e+82,1.4456574852851182e-16
-58.78,1.1367351582122393e+49,-3.07034509683993e-19,-1.8809470511784096e-19,1.0,2.0997,3.4493038110952406e+76,3.876500459747414e+98,0.0,0.0,0.0
-58.76,1.092163135123458e+49,-3.105863659398652e-19,-1.4337113381905863e-19,1.0,2.0997,3.248431994846473e+76,3.578460941168102e+98,0.0,0.0,0.0
-58.74,1.0493388060581184e+49,-3.107547843486013e-19,3.10014130654713e-20,1.0,2.0997,3.059258042506732e+76,3.3033357896984326e+98,0.0,0.0,0.0
-58.72,1.0081936429533418e+49,-3.089551394433909e-19,1.1002010494066414e-19,1.0,2.0997,2.881100723515208e+76,3.0493632650745914e+98,-6.070840288205404e+82,6.070840288205404e+82,-1.9908550607062234e-16
-58.7,9.686618047700867e+48,-3.0716143741951e-19,8.416064660780412e-20,1.0,2.0997,2.713318479090612e+76,2.814917076061324e+98,0.0,0.0,0.0
-58.68,9.306800321333228e+48,-3.066531529116715e-19,8.337084928440331e-20,1.0,2.0997,2.555307111926215e+76,2.5984959666350486e+98,-6.070840288205404e+82,6.070840288205404e+82,-2.3362900563078057e-16
-58.66,8.941875461036358e+48,-3.036785405636531e-19,1.2057085065443549e-19,1.0,2.0997,2.4064976104277e+76,2.3987141028205253e+98,0.0,0.0,0.0
-58.64,8.591259509179113e+48,-3.01053036197838e-19,9.639631501551628e-20,1.0,2.0997,2.266354099656111e+76,2.2142921986218156e+98,0.0,0.0,0.0
-58.62,8.254391405436211e+48,-2.996263323218272e-19,6.642794462378094e-20,1.0,2.0997,2.134371911599322e+76,2.0440493242241757e+98,0.0,0.0,0.0
-58.6,7.930732088972877e+48,-2.9711632576605373e-19,1.3453351323329834e-19,1.0,2.0997,2.0100757678227094e+76,1.886895344011923e+98,-3.035420144102702e+82,3.035420144102702e+82,-1.608684951041737e-16
-58.58,7.619763635831536e+48,-2.930309241986065e-19,2.3579220533254087e-19,1.0,2.0997,1.89301806795255e+76,1.741823935978219e+98,0.0,0.0,0.0
-58.56,7.320988430143907e+48,-2.8962451951556317e-19,1.880408573203241e-19,1.0,2.0997,1.782777277831885e+76,1.6079061478290286e+98,0.0,0.0,0.0
-58.54,7.033928367838567e+48,-2.8541529648410734e-19,1.728335559430865e-19,1.0,2.0997,1.678956411541938e+76,1.484284448516524e+98,-3.035420144102702e+82,3.035420144102702e+82,-2.045039377146657e-16
-58.52,6.758124091573287e+48,-2.8288456570690507e-19,1.4829924833098116e-19,1.0,2.0997,1.5811816018240735e+76,1.3701672371130982e+98,0.0,0.0,0.0
-58.5,6.493134255664462e+48,-2.7993134218894756e-19,1.2972231250607413e-19,1.0,2.0997,1.4891007537538403e+76,1.2648237738624986e+98,-3.035420144102702e+82,3.035420144102702e+82,-2.3998759406879143e-16
-58.48,6.238534819840557e+48,-2.757469124322955e-19,2.238263593076856e-19,1.0,2.0997,1.4023822768189354e+76,1.1675795009508914e+98,0.0,0.0,0.0
-58.46,5.993918370686896e+48,-2.6800651802098807e-19,3.806512420673445e-19,1.0,2.0997,1.3207138908351988e+76,1.0778117230337356e+98,0.0,0.0,0.0
-58.44,5.7588934696970337e+48,-2.5979687318490645e-19,4.945006482021311e-19,1.0,2.0997,1.2438015014006463e+76,9.949456198595742e+97,0.0,0.0,0.0
-58.42,5.5330840268882336e+48,-2.5170549937086055e-19,3.46907085847814e-19,1.0,2.0997,1.1713681408379652e+76,9.184505654581713e+97,0.0,0.0,0.0
-58.4,5.3161286989765907e+48,-2.449541221048436e-19,3.356213480683385e-19,1.0,2.0997,1.1031529708117123e+76,8.478367303224762e+97,-1.517710072051351e+82,1.517710072051351e+82,-1.7900970997966637e-16
-58.38,5.10768031115133e+48,-2.370111232522342e-19,4.553753009780324e-19,1.0,2.0997,1.0389103430285979e+76,7.826519448276882e+97,1.517710072051351e+82,1.517710072051351e+82,1.939189038092144e-16
-58.36,4.9074053015204186e+48,-2.263740013621747e-19,5.067867873492384e-19,1.0,2.0997,9.784089146381492e+75,7.224788038017213e+97,0.0,0.0,0.0
-58.34,4.714983187340978e+48,-2.1732583239888133e-19,4.47222331615411e-19,1.0,2.0997,9.214308151488918e+75,6.6693199370724264e+97,-7.588550360256754e+81,7.588550360256754e+81,-1.1378297085546377e-16
-58.32,4.530106052177943e+48,-2.1032513041229276e-19,3.248699302728421e-19,1.0,2.0997,8.677708618588481e+75,6.156558253193769e+97,0.0,0.0,0.0
-58.3,4.352478053172564e+48,-2.0451463798235832e-19,2.9775031502984684e-19,1.0,2.0997,8.172358209764745e+75,5.68321956100465e+97,7.588550360256754e+81,7.588550360256754e+81,1.3352555323263439e-16
-58.28,4.181814947630496e+48,-2.0004330032375557e-19,2.0532238843777777e-19,1.0,2.0997,7.696437117702703e+75,5.246272876867755e+97,-1.517710072051351e+82,1.517710072051351e+82,-2.892930100421096e-16
-58.26,4.017843638172681e+48,-1.9694343198818893e-19,8.228408709961812e-20,1.0,2.0997,7.24823151241377e+75,4.842920250241407e+97,-7.588550360256754e+81,7.588550360256754e+81,-1.566936882736916e-16
-58.24,3.860301735721691e+48,-1.9486099169683278e-19,1.3256140794449483e-19,1.0,2.0997,6.826127369598991e+75,4.4705788472447706e+97,-7.588550360256754e+81,7.588550360256754e+81,-1.697442460931787e-16
-58.22,3.70893713962276e+48,-1.9137741140999557e-19,1.8627382558480834e-19,1.0,2.0997,6.4286046584170535e+75,4.1268644117019185e+97,7.588550360256754e+81,7.588550360256754e+81,1.8388174660497836e-16
-58.2,3.563507634229402e+48,-1.8790103821157332e-19,2.06934851233231e-19,1.0,2.0997,6.054231867731823e+75,3.8095759977633685e+97,0.0,0.0,0.0
-58.18,3.4237805013062676e+48,-1.83912908676273e-19,1.59409399860097e-19,1.0,2.0997,5.701660851125181e+75,3.5166818763375e+97,-7.588550360256754e+81,7.588550360256754e+81,-2.1578722861790278e-16
-58.16,3.289532147630689e+48,-1.8003281117885243e-19,1.7077235360429482e-19,1.0,2.0997,5.369621972115465e+75,3.2463065250887315e+97,3.794275180128377e+81,3.794275180128377e+81,1.1687975706559834e-16
-58.14,3.160547747195652e+48,-1.7633059983608301e-19,1.9743346171479115e-19,1.0,2.0997,5.056919532093186e+75,2.9967186186910525e+97,3.794275180128377e+81,3.794275180128377e+81,1.2661432930215156e-16
-58.12,3.0366208974422295e+48,-1.7391766879461737e-19,1.2816980198955304e-19,1.0,2.0997,4.7624274645146705e+75,2.7663199424348558e+97,-3.794275180128377e+81,3.794275180128377e+81,-1.3715966551536106e-16
-58.1,2.9175532889717674e+48,-1.7147353600278452e-19,5.585135573541694e-20,1.0,2.0997,4.485085279847591e+75,2.5536351581969934e+97,-3.794275180128377e+81,3.794275180128377e+81,-1.4858329185941126e-16
-58.08,2.803154388208183e+48,-1.7205587826501731e-19,-1.3175088363744494e-20,1.0,2.0997,4.223894246661237e+75,2.3573023572392377e+97,0.0,0.0,0.0
-58.06,2.6932411325039352e+48,-1.7296429731563555e-19,-5.579141360178363e-20,1.0,2.0997,3.977913795116102e+75,2.176064339343324e+97,0.0,0.0,0.0
-58.04,2.5876376372004076e+48,-1.7230026932342645e-19,5.592070336021477e-20,1.0,2.0997,3.7462581298958566e+75,2.0087605624368324e+97,0.0,0.0,0.0
-58.02,2.486174914175242e+48,-1.7088166235539766e-19,1.2645595249288193e-19,1.0,2.0997,3.5280930403875633e+75,1.8543197111622817e+97,0.0,0.0,0.0
-58.0,2.3886906014249912e+48,-1.6879794849673945e-19,5.797445257813964e-20,1.0,2.0997,3.3226328966224197e+75,1.711752836800826e+97,0.0,0.0,0.0
-57.98,2.2950287032515288e+48,-1.6686858594425758e-19,9.946756829378396e-20,1.0,2.0997,3.1291378201592874e+75,1.5801470246245181e+97,1.8971375900641885e+81,1.8971375900641885e+81,1.2006082728377727e-16
-57.96,2.2050393406355373e+48,-1.6576207562420006e-19,5.831913872524086e-21,1.0,2.0997,2.9469110197231373e+75,1.4586595481251217e+97,-1.8971375900641885e+81,1.8971375900641885e+81,-1.300603415308707e-16
-57.94,2.1185785113980133e+48,-1.6881785678354897e-19,-1.1513533351243783e-19,1.0,2.0997,2.775296282003837e+75,1.3465124726872266e+97,0.0,0.0,0.0
-57.92,2.0355078597662774e+48,-1.7481787807359428e-19,-3.745399473688924e-19,1.0,2.0997,2.613675608579437e+75,1.2429876741510873e+97,0.0,0.0,0.0
-57.9,1.955694454974975e+48,-1.835647168887907e-19,-4.878005851644238e-19,1.0,2.0997,2.4614669904543355e+75,1.1474222403659594e+97,1.8971375900641885e+81,1.8971375900641885e+81,1.6533909866163255e-16
-57.88,1.8790105785487295e+48,-1.952165329014776e-19,-5.84622870310757e-19,1.0,2.0997,2.318122312198312e+75,1.0592042262894095e+97,-1.8971375900641885e+81,1.8971375900641885e+81,-1.7910970736117778e-16
-57.86,1.805333519925105e+48,-2.0972849256686645e-19,-7.018996971106825e-19,1.0,2.0997,2.1831253781386165e+75,9.777687354495508e+96,-1.8971375900641885e+81,1.8971375900641885e+81,-1.9402722967941265e-16
-57.84,1.734545380091745e+48,-2.222663666182672e-19,-6.52471357164444e-19,1.0,2.0997,2.0559900534987046e+75,9.025943026792847e+96,0.0,0.0,0.0
-57.82,1.6665328829225904e+48,-2.3205104434064957e-19,-5.132968863610721e-19,1.0,2.0997,1.9362585137870576e+75,8.331995549586842e+96,-1.8971375900641885e+81,1.8971375900641885e+81,-2.2769306329721474e-16
-57.8,1.60118719391209e+48,-2.432615873689793e-19,-5.222334753483948e-19,1.0,2.0997,1.823499596135143e+75,7.691401289844219e+96,0.0,0.0,0.0
-57.78,1.5384037460166915e+48,-2.5539605332074734e-19,-5.898185780674619e-19,1.0,2.0997,1.7173072466453239e+75,7.100058257274567e+96,-9.485687950320943e+80,9.485687950320943e+80,-1.3360014251435346e-16
-57.76,1.4780820723252005e+48,-2.686790077450375e-19,-7.503946633224629e-19,1.0,2.0997,1.61729905815778e+75,6.554179837587479e+96,-1.8971375900641885e+81,1.8971375900641885e+81,-2.8945461325066476e-16
-57.74,1.4201256452904446e+48,-2.851028955459896e-19,-7.808933849058309e-19,1.0,2.0997,1.5231148931722028e+75,6.050270545234805e+96,0.0,0.0,0.0
-57.72,1.3644417222644288e+48,-3.002775202883697e-19,-7.933108769970335e-19,1.0,2.0997,1.4344155869635391e+75,5.585103640367762e+96,-9.485687950320943e+80,9.485687950320943e+80,-1.6983906765419197e-16
-57.7,1.3109411970904809e+48,-3.142958999824244e-19,-6.784086693463201e-19,1.0,2.0997,1.3508817262227293e+75,5.155700466687069e+96,0.0,0.0,0.0
-57.68,1.2595384575142306e+48,-3.264253524577769e-19,-5.488977886791342e-19,1.0,2.0997,1.2722124988235942e+75,4.759311377871981e+96,0.0,0.0,0.0
-57.66,1.2101512481858722e+48,-3.371115421219591e-19,-4.935194195940662e-19,1.0,2.0997,1.1981246105746512e+75,4.393398130457473e+96,0.0,0.0,0.0
-57.64,1.1627005390339973e+48,-3.4764753013626195e-19,-5.3438520356157e-19,1.0,2.0997,1.1283512650536754e+75,4.055617630409844e+96,4.7428439751604714e+80,4.7428439751604714e+80,1.1694504776775957e-16
-57.62,1.1171103988005712e+48,-3.6062570448470334e-19,-6.365743056861775e-19,1.0,2.0997,1.062641202852439e+75,3.7438069293251133e+96,0.0,0.0,0.0
-57.6,1.0733078735348375e+48,-3.7387704143124047e-19,-6.221268816677724e-19,1.0,2.0997,1.0007577967717585e+75,3.455969374175624e+96,0.0,0.0,0.0
-57.58,1.0312228698513026e+48,-3.846289425885248e-19,-6.045629575673903e-19,1.0,2.0997,9.424781997075534e+74,3.19026182191307e+96,0.0,0.0,0.0
-57.56,9.907880427654902e+47,-3.9574379297396035e-19,-6.174374436199047e-19,1.0,2.0997,8.875925421609044e+74,2.9449828370612125e+96,-4.7428439751604714e+80,4.7428439751604714e+80,-1.6104827218257535e-16
-57.54,9.519386879274773e+47,-4.086213553480007e-19,-6.06761382330426e-19,1.0,2.0997,8.359031764810198e+74,2.718561796719261e+96,0.0,0.0,0.0
-57.52,9.146126380812467e+47,-4.2175186754035635e-19,-6.677578007429032e-19,1.0,2.0997,7.872239651202377e+74,2.5095488332138126e+96,-4.7428439751604714e+80,4.7428439751604714e+80,-1.889918981606995e-16
-57.5,8.787501635837022e+47,-4.362543606731879e-19,-7.580464572857984e-19,1.0,2.0997,7.413796103378019e+74,2.3166055499951504e+96,0.0,0.0,0.0
-57.48,8.442938768245924e+47,-4.498672747444985e-19,-6.214786300217189e-19,1.0,2.0997,6.982050229386504e+74,2.1384964513304995e+96,4.7428439751604714e+80,4.7428439751604714e+80,2.2178404702096346e-16
-57.46,8.111886403940471e+47,-4.592147831416049e-19,-3.8115499963086265e-19,1.0,2.0997,6.575447277739963e+74,1.974081030913028e+96,2.3714219875802357e+80,2.3714219875802357e+80,1.2012789497721043e-16
-57.44,7.793814788509273e+47,-4.624067556849314e-19,-1.1648124518630607e-19,1.0,2.0997,6.192523038628579e+74,1.8223064687275753e+96,2.3714219875802357e+80,2.3714219875802357e+80,1.3013299509582928e-16
-57.42,7.488214939508966e+47,-4.626733325616526e-19,1.4799319446975376e-20,1.0,2.0997,5.831898571183747e+74,1.6822008894085583e+96,-4.7428439751604714e+80,4.7428439751604714e+80,-2.8194278133023686e-16
-57.4,7.194597831982822e+47,-4.62945936134813e-19,-3.9959384141767045e-20,1.0,2.0997,5.492275237801494e+74,1.552867138919158e+96,-2.3714219875802357e+80,2.3714219875802357e+80,-1.527124844196791e-16
-57.38,6.912493615917352e+47,-4.631332031231297e-19,2.311251336147635e-20,1.0,2.0997,5.172430027644578e+74,1.4334770397029442e+96,2.3714219875802357e+80,2.3714219875802357e+80,1.6543145944434932e-16
-57.36,6.6414508643812055e+47,-4.617452061423801e-19,7.365335403759982e-20,1.0,2.0997,4.871211152481709e+74,1.323266087519696e+96,0.0,0.0,0.0
-57.34,6.3810358511465814e+47,-4.6068439578197375e-19,9.17542011188734e-20,1.0,2.0997,4.587533899007447e+74,1.2215285560085392e+96,0.0,0.0,0.0
-57.32,6.130831856633953e+47,-4.575240036246977e-19,1.9080974770490235e-19,1.0,2.0997,4.3203767227006695e+74,1.1276129776295317e+96,0.0,0.0,0.0
-57.3,5.890438501072495e+47,-4.514680981212347e-19,2.9797976853083015e-19,1.0,2.0997,4.068777569162316e+74,1.0409179720475155e+96,0.0,0.0,0.0
-57.28,5.65947110380674e+47,-4.458675012554257e-19,2.8158104072484773e-19,1.0,2.0997,3.8318304096803016e+74,9.608883952447042e+95,2.3714219875802357e+80,2.3714219875802357e+80,2.4679473696592184e-16
-57.26,5.4375600677252225e+47,-4.383651717739159e-19,3.2272249794727055e-19,1.0,2.0997,3.6086819785465017e+74,8.870117847035977e+95,1.1857109937901178e+80,1.1857109937901178e+80,1.336747734627148e-16
-57.24,5.224350287826827e+47,-4.3039022191748626e-19,4.852115229770446e-19,1.0,2.0997,3.3985287003797226e+74,8.188150778974874e+95,2.3714219875802357e+80,2.3714219875802357e+80,2.8961630673307267e-16
-57.22,5.019500582976384e+47,-4.173074413652455e-19,6.805859297385095e-19,1.0,2.0997,3.2006137963857847e+74,7.558615830750076e+95,1.1857109937901178e+80,1.1857109937901178e+80,1.5686879983586281e-16
-57.2,4.822683149942678e+47,-4.0324678280724507e-19,7.50423423462359e-19,1.0,2.0997,3.014224559136649e+74,6.977481829422308e+95,1.1857109937901178e+80,1.1857109937901178e+80,1.6993394218387914e-16
-57.18,4.633583038842755e+47,-3.8994707688277364e-19,6.396238038772153e-19,1.0,2.0997,2.8386897860534267e+74,6.441027533355379e+95,0.0,0.0,0.0
-57.16,4.451897649155421e+47,-3.7746140480387533e-19,5.324146189389361e-19,1.0,2.0997,2.6733773623529704e+74,5.945817803566669e+95,0.0,0.0,0.0
-57.14,4.277336245495617e+47,-3.65866836615693e-19,5.543703898672141e-19,1.0,2.0997,2.5176919847511e+74,5.488681607109162e+95,-1.1857109937901178e+80,1.1857109937901178e+80,-2.1602837961202505e-16
-57.12,4.109619492375612e+47,-3.537696580926099e-19,6.668981508721125e-19,1.0,2.0997,2.3710730177278483e+74,5.0666917116340747e+95,0.0,0.0,0.0
-57.1,3.948479007209051e+47,-3.3923536087022016e-19,7.428969397632664e-19,1.0,2.0997,2.2329924746347222e+74,4.6771459411111714e+95,0.0,0.0,0.0
-57.08,3.793656930841082e+47,-3.227266571709316e-19,8.811419149751672e-19,1.0,2.0997,2.102953116371502e+74,4.3175498726755734e+95,5.928554968950589e+79,5.928554968950589e+79,1.373129470135496e-16
-57.06,3.644905514919156e+47,-3.0310245570651446e-19,1.001048913941357e-18,1.0,2.0997,1.9804866607891452e+74,3.9856008638064235e+95,0.0,0.0,0.0
-57.04,3.501986725442364e+47,-2.823814905365543e-19,9.842060928262279e-19,1.0,2.0997,1.8651520963679113e+74,3.6791733075523594e+95,0.0,0.0,0.0
-57.02,3.3646718618566766e+47,-2.635727254640088e-19,9.679231833305481e-19,1.0,2.0997,1.7565340940996057e+74,3.396305021391022e+95,5.928554968950589e+79,5.928554968950589e+79,1.745589672190996e-16
-57.0,3.2327411910848594e+47,-2.435543664705778e-19,1.0021275945543103e-18,1.0,2.0997,1.6542415118545423e+74,3.1351846825610264e+95,0.0,0.0,0.0
-56.98,3.1059835959070157e+47,-2.2253124136145894e-19,9.920797754358952e-19,1.0,2.0997,1.557905985847392e+74,2.894140229413043e+95,0.0,0.0,0.0
-56.96,2.9841962371278417e+47,-2.0215133108117737e-19,1.0152699342717925e-18,1.0,2.0997,1.4671806041296748e+74,2.671628154506391e+95,0.0,0.0,0.0
-56.94,2.8671842289905143e+47,-1.821898283501447e-19,1.0067404525518578e-18,1.0,2.0997,1.3817386573320364e+74,2.466223620891579e+95,0.0,0.0,0.0
-56.92,2.7547603273182045e+47,-1.617269024997677e-19,9.986981194851563e-19,1.0,2.0997,1.3012724621576282e+74,2.27661133828989e+95,0.0,0.0,0.0
-56.9,2.6467446298831115e+47,-1.42232954110983e-19,1.0121922600884494e-18,1.0,2.0997,1.225492253389903e+74,2.1015771407445262e+95,5.928554968950589e+79,5.928554968950589e+79,2.8210027859602035e-16
-56.88,2.542964288524838e+47,-1.2190663321537941e-19,1.0681827769950285e-18,1.0,2.0997,1.154125140424882e+74,1.9400002118137905e+95,2.9642774844752946e+79,2.9642774844752946e+79,1.5279779179528348e-16
-56.86,2.4432532325561503e+47,-9.888319852025076e-20,1.1444377529294748e-18,1.0,2.0997,1.0869141245700613e+74,1.7908459075188235e+95,-2.9642774844752946e+79,2.9642774844752946e+79,-1.6552387182112358e-16
-56.84,2.347451903014743e+47,-7.714006661693664e-20,1.076188163718377e-18,1.0,2.0997,1.0236171735718825e+74,1.6531591310902617e+95,2.9642774844752946e+79,2.9642774844752946e+79,1.7930986973530778e-16
-56.82,2.2554069973345748e+47,-5.813936227287803e-20,9.327097940141255e-19,1.0,2.0997,9.640063500377487e+73,1.5260582170877288e+95,0.0,0.0,0.0
-56.8,2.166971224029298e+47,-3.949593664940853e-20,7.966303573148552e-19,1.0,2.0997,9.078669906155266e+73,1.40872928573131e+95,-2.9642774844752946e+79,2.9642774844752946e+79,-2.1042208141051433e-16
-56.78,2.082003066994349e+47,-2.6273817278283354e-20,7.295999565181802e-19,1.0,2.0997,8.549969329735892e+73,1.3004210312921627e+95,1.4821387422376473e+79,1.4821387422376473e+79,1.1397375977262694e-16
-56.76,2.0003665590509047e+47,-1.0093788173717856e-20,7.57928499368328e-19,1.0,2.0997,8.052057877978335e+73,1.2004399111707472e+95,-1.4821387422376473e+79,1.4821387422376473e+79,-1.2346630001598073e-16
-56.74,1.921931064369597e+47,4.826769070867732e-21,7.541050267726486e-19,1.0,2.0997,7.583142531847625e+73,1.1081457048566555e+95,2.9642774844752946e+79,2.9642774844752946e+79,2.6749889220197255e-16
-56.72,1.8465710694250807e+47,1.7609698042349947e-20,5.907046194377201e-19,1.0,2.0997,7.141534689608341e+73,1.022947414331306e+95,-2.9642774844752946e+79,2.9642774844752946e+79,-2.8977809053977846e-16
-56.7,1.7741659821478433e+47,2.5448865269439187e-20,3.6704122605374145e-19,1.0,2.0997,6.725644086034907e+73,9.442994796631865e+94,-1.4821387422376473e+79,1.4821387422376473e+79,-1.569564289886401e-16
-56.68,1.7045999389509465e+47,3.1547828710814325e-20,2.876761076801682e-19,1.0,2.0997,6.33397306573813e+73,8.716982855614711e+94,0.0,0.0,0.0
-56.66,1.637761619323754e+47,3.607240806673221e-20,1.7011972338417036e-19,1.0,2.0997,5.965111189990052e+73,8.046789365189895e+94,0.0,0.0,0.0
-56.64,1.5735440676952827e+47,3.7141762153226207e-20,-6.133251555431522e-21,1.0,2.0997,5.6177301576193107e+73,7.42812279893705e+94,0.0,0.0,0.0
-56.62,1.5118445222824065e+47,3.441008538477023e-20,-1.7084469781912966e-19,1.0,2.0997,5.290579021692355e+73,6.857021578665955e+94,-1.4821387422376473e+79,1.4821387422376473e+79,-2.16149056151286e-16
-56.6,1.452564250649237e+47,2.7934989046509463e-20,-2.775036086426077e-19,1.0,2.0997,4.982479684754842e+73,6.3298287067925376e+94,7.410693711188237e+78,7.410693711188237e+78,1.1707573860941643e-16
-56.58,1.3956083917139863e+47,2.448755485885835e-20,-2.0382640774359415e-19,1.0,2.0997,4.692322656406128e+73,5.843168349067499e+94,-7.410693711188237e+78,7.410693711188237e+78,-1.2682663357407622e-16
-56.56,1.3408858039511674e+47,2.0058461387440694e-20,-1.7548363799485832e-19,1.0,2.0997,4.41906305793711e+73,5.393924217713306e+94,-7.410693711188237e+78,7.410693711188237e+78,-1.373896519875453e-16
-56.54,1.2883089195455461e+47,1.4388716341573423e-20,-3.3620531575914445e-19,1.0,2.0997,4.1617168596375166e+73,4.979219616541837e+94,7.410693711188237e+78,7.410693711188237e+78,1.4883243323047285e-16
-56.52,1.2377936042651105e+47,9.312310406788653e-21,-2.4443199206700347e-19,1.0,2.0997,3.919357337226221e+73,4.596399020278839e+94,0.0,0.0,0.0
-56.5,1.1892590228282008e+47,5.962617804833112e-21,-1.2145591598706908e-19,1.0,2.0997,3.691111734642847e+73,4.2430110701348615e+94,-7.410693711188237e+78,7.410693711188237e+78,-1.7465647835212206e-16
-56.48,1.14262750954994e+47,3.830627588037529e-21,-1.107011210193893e-19,1.0,2.0997,3.4761581211832604e+73,3.916792876740894e+94,7.410693711188237e+78,7.410693711188237e+78,1.8920310428450748e-16
-56.46,1.0978244440605113e+47,2.8901079683917114e-21,-5.617833316669028e-20,1.0,2.0997,3.273722431661244e+73,3.615655529930312e+94,-7.410693711188237e+78,7.410693711188237e+78,-2.049612760353603e-16
-56.44,1.054778131896603e+47,4.011261335156599e-21,1.082201303946436e-19,1.0,2.0997,3.083075678937737e+73,3.337670722581864e+94,-7.410693711188237e+78,7.410693711188237e+78,-2.2203189970326599e-16
-56.42,1.0134196897750806e+47,7.261121845558062e-21,1.9371658645540758e-19,1.0,2.0997,2.903531328779732e+73,3.0810584028714617e+94,3.7053468555941183e+78,3.7053468555941183e+78,1.2026214277992383e-16
-56.4,9.73682935364915e+46,1.1755651265237758e-20,1.9484445614498055e-19,1.0,2.0997,2.734442827595492e+73,2.8441753758625114e+94,-3.7053468555941183e+78,3.7053468555941183e+78,-1.3027842400437252e-16
-56.38,9.35504281381452e+46,1.630757488907622e-20,2.2685775788325096e-19,1.0,2.0997,2.5752012741433298e+73,2.62550478144908e+94,7.410693711188237e+78,7.410693711188237e+78,2.822578638420187e-16
-56.36,8.988226338330767e+46,2.141723919407658e-20,3.0684198059898874e-19,1.0,2.0997,2.4252332268290818e+73,2.423646381271887e+94,0.0,0.0,0.0
-56.34,8.635792942579025e+46,2.6566207917394567e-20,2.5000966290472667e-19,1.0,2.0997,2.2839986386977723e+73,2.237307592412931e+94,0.0,0.0,0.0
-56.32,8.297178657936042e+46,3.157396664041074e-20,2.776656491347584e-19,1.0,2.0997,2.1509889126802616e+73,2.0652952104512798e+94,3.7053468555941183e+78,3.7053468555941183e+78,1.7941003479035214e-16
-56.3,7.971841629304944e+46,3.9043572186575514e-20,3.383673640443222e-19,1.0,2.0997,2.0257250700951548e+73,1.9065077688815792e+94,0.0,0.0,0.0
-56.28,7.659261248031101e+46,4.328824749439459e-20,2.6666084725902803e-19,1.0,2.0997,1.9077560258081327e+73,1.7599284859677282e+94,0.0,0.0,0.0
-56.26,7.358937318816879e+46,4.9687635529304604e-20,2.801457352407876e-19,1.0,2.0997,1.7966569638377322e+73,1.6246187538682725e+94,1.8526734277970591e+78,1.8526734277970591e+78,1.1403742714318546e-16
-56.24,7.070389259303225e+46,5.634765253778687e-20,3.4587543878180106e-19,1.0,2.0997,1.69202780755953e+73,1.4997121283421126e+94,-3.7053468555941183e+78,3.7053468555941183e+78,-2.4707054011027234e-16
-56.22,6.793155331034514e+46,6.450315162019699e-20,4.379612642392215e-19,1.0,2.0997,1.5934917789978763e+73,1.3844087805468791e+94,0.0,0.0,0.0
-56.2,6.526791900579318e+46,7.364607857466448e-20,4.613398752041808e-19,1.0,2.0997,1.500694042018309e+73,1.2779703754040333e+94,3.7053468555941183e+78,3.7053468555941183e+78,2.899399647212216e-16
-56.18,6.270872729621489e+46,8.14963431906612e-20,3.69028640743542e-19,1.0,2.0997,1.4133004245339903e+73,1.1797153437333138e+94,1.8526734277970591e+78,1.8526734277970591e+78,1.5704410709231852e-16
-56.16,6.02498829288859e+46,8.977005476778242e-20,3.6760975078490556e-19,1.0,2.0997,1.330996215125671e+73,1.0890145178833371e+94,0.0,0.0,0.0
-56.14,5.788745122823788e+46,9.597395168170665e-20,3.007628363754972e-19,1.0,2.0997,1.2534850297402607e+73,1.0052871029104859e+94,-1.8526734277970591e+78,1.8526734277970591e+78,-1.8429296689803722e-16
-56.12,5.561765179953579e+46,1.0080681768544436e-19,2.534460116156028e-19,1.0,2.0997,1.1804877443881386e+73,9.27996957508322e+93,0.0,0.0,0.0
-56.1,5.343685247944562e+46,1.0683266849308402e-19,2.6957959907433597e-19,1.0,2.0997,1.1117414899956462e+73,8.5664916087301e+93,1.8526734277970591e+78,1.8526734277970591e+78,2.1626980010217972e-16
-56.08,5.134156352379167e+46,1.0974561088961897e-19,1.935082687614102e-19,1.0,2.0997,1.046998705792005e+73,7.907868435202605e+93,0.0,0.0,0.0
-56.06,4.932843202322756e+46,1.1589289378278165e-19,2.4360602255006445e-19,1.0,2.0997,9.860262478235175e+72,7.299882617610547e+93,0.0,0.0,0.0
-56.04,4.739423653786001e+46,1.2118397950372642e-19,3.357564473700464e-19,1.0,2.0997,9.286045493833395e+72,6.738640971019875e+93,0.0,0.0,0.0
-56.02,4.5535881942263427e+46,1.2728445631747752e-19,2.0842022208366367e-19,1.0,2.0997,8.745268303342103e+72,6.220549632779258e+93,-9.263367138985296e+77,9.263367138985296e+77,-1.4891557315404857e-16
-56.0,4.3750394472613413e+46,1.2903846924031487e-19,1.2430799410475382e-19,1.0,2.0997,8.23598352476607e+72,5.7422910495278465e+93,9.263367138985296e+77,9.263367138985296e+77,1.6131831457318701e-16
-55.98,4.2034916968034874e+46,1.3206347102464132e-19,1.4832303483378853e-19,1.0,2.0997,7.756357182808858e+72,5.300802733528759e+93,0.0,0.0,0.0
-55.96,4.038670429853302e+46,1.352943081383926e-19,1.8692450335356793e-19,1.0,2.0997,7.304662104580805e+72,4.893257652291437e+93,0.0,0.0,0.0
-55.94,3.8803118972198026e+46,1.410391907379669e-19,3.02721280823571e-19,1.0,2.0997,6.879271699911062e+72,4.517046125911662e+93,9.263367138985296e+77,9.263367138985296e+77,2.0507577033244696e-16
-55.92,3.728162691465931e+46,1.4721004561997243e-19,3.2510305706123393e-19,1.0,2.0997,6.478654103866049e+72,4.169759116211548e+93,4.631683569492648e+77,4.631683569492648e+77,1.110779649473081e-16
-55.9,3.581979341402145e+46,1.5503763502605596e-19,3.9086230705827583e-19,1.0,2.0997,6.1013666603810744e+72,3.8491728006695236e+93,-9.263367138985296e+77,9.263367138985296e+77,-2.406586458621455e-16
-55.88,3.4415279224810023e+46,1.6300500256076695e-19,4.356558525142747e-19,1.0,2.0997,5.746050727140418e+72,3.5532343323649213e+93,0.0,0.0,0.0
-55.86,3.3065836824675615e+46,1.7161395202237118e-19,3.824500193768103e-19,1.0,2.0997,5.4114267829966626e+72,3.280048694748222e+93,-4.631683569492648e+77,4.631683569492648e+77,-1.412077685586975e-16
-55.84,3.176930681788257e+46,1.788923296044615e-19,3.8316159681576215e-19,1.0,2.0997,5.096289820314297e+72,3.0278665670662805e+93,0.0,0.0,0.0
-55.82,3.0523614479811283e+46,1.8750650740607717e-19,4.513953075077666e-19,1.0,2.0997,4.799505005638437e+72,2.795073122736435e+93,0.0,0.0,0.0
-55.8,2.932676643695943e+46,1.9836895121640743e-19,4.939847489907065e-19,1.0,2.0997,4.520003593070211e+72,2.580177688943911e+93,-4.631683569492648e+77,4.631683569492648e+77,-1.7951025579902739e-16
-55.78,2.8176847477117655e+46,2.1045466791656566e-19,6.477859574118672e-19,1.0,2.0997,4.256779075627007e+72,2.3818042012462546e+93,0.0,0.0,0.0
-55.76,2.7072017484620253e+46,2.251298090244945e-19,7.852855110013905e-19,1.0,2.0997,4.008883560729048e+72,2.198682392062754e+93,0.0,0.0,0.0
-55.74,2.601050849577039e+46,2.4107004067756464e-19,7.79393888583318e-19,1.0,2.0997,3.775424356763546e+72,2.029639656625631e+93,0.0,0.0,0.0
-55.72,2.499062186971781e+46,2.556116280941002e-19,7.076150016484366e-19,1.0,2.0997,3.555560758430025e+72,1.8735935443056548e+93,-2.315841784746324e+77,2.315841784746324e+77,-1.2360427862194435e-16
-55.7,2.4010725570274154e+46,2.6705001681951e-19,5.857806238385536e-19,1.0,2.0997,3.3485010192933975e+72,1.7295448272330511e+93,0.0,0.0,0.0
-55.68,2.3069251554303905e+46,2.7609292993013813e-19,4.2890848254871455e-19,1.0,2.0997,3.1534995006411313e+72,1.5965711018272594e+93,0.0,0.0,0.0
-55.66,2.216469326252337e+46,2.8280649417159004e-19,2.5730140190642117e-19,1.0,2.0997,2.9698539863794493e+72,1.4738208822652466e+93,2.315841784746324e+77,2.315841784746324e+77,1.5713183417423832e-16
-55.64,2.1295603208683275e+46,2.882043063555542e-19,2.4678219579259143e-19,1.0,2.0997,2.796903154296037e+72,1.3605081480650443e+93,0.0,0.0,0.0
-55.62,2.046059066328109e+46,2.963284570147659e-19,3.9541650267737154e-19,1.0,2.0997,2.6340241945858405e+72,1.255907310871036e+93,2.315841784746324e+77,2.315841784746324e+77,1.8439591558235048e-16
-55.6,1.9658319428099256e+46,3.050671779309319e-19,5.191434771909585e-19,1.0,2.0997,2.4806305670638252e+72,1.159348568211554e+93,-2.315841784746324e+77,2.315841784746324e+77,-1.9975371068244048e-16
-55.58,1.8887505698000585e+46,3.170877814064954e-19,5.538297741511371e-19,1.0,2.0997,2.3361698889856885e+72,1.0702136144760137e+93,2.315841784746324e+77,2.315841784746324e+77,2.1639061150237567e-16
-55.56,1.8146916006568435e+46,3.285256097350194e-19,5.836990154457984e-19,1.0,2.0997,2.200121945874168e+72,9.879316816483491e+92,0.0,0.0,0.0
-55.54,1.7435365252295093e+46,3.3970545836254185e-19,6.038925350728443e-19,1.0,2.0997,2.071996818184651e+72,9.119758844428176e+92,-2.315841784746324e+77,2.315841784746324e+77,-2.5393673497860253e-16
-55.519999999999996,1.6751714802168402e+46,3.519422102427012e-19,6.041806623244484e-19,1.0,2.0997,1.9513331170657106e+72,8.41859846439564e+92,-2.315841784746324e+77,2.315841784746324e+77,-2.7508638100992686e-16
-55.5,1.609487066961518e+46,3.643537609266396e-19,5.976801425878542e-19,1.0,2.0997,1.837696322860883e+72,7.77134585614917e+92,0.0,0.0,0.0
-55.48,1.5463781763888649e+46,3.7720459217391983e-19,6.589896767566132e-19,1.0,2.0997,1.7306772203685644e+72,7.173856393235254e+92,0.0,0.0,0.0
-55.46,1.4857438208100617e+46,3.918994310240322e-19,7.803556559688295e-19,1.0,2.0997,1.6298904252252815e+72,6.622304103225842e+92,0.0,0.0,0.0
-55.44,1.42748697232012e+46,4.0938105059181585e-19,8.372648921076753e-19,1.0,2.0997,1.5349729961057165e+72,6.113157168430989e+92,0.0,0.0,0.0
-55.42,1.3715144075327068e+46,4.2746302028021694e-19,8.646087549510798e-19,1.0,2.0997,1.4455831277419137e+72,5.643155310209376e+92,0.0,0.0,0.0
-55.4,1.317736558402672e+46,4.432038095188218e-19,8.014841020699751e-19,1.0,2.0997,1.3613989200551197e+72,5.209288912052757e+92,-5.78960446186581e+76,5.78960446186581e+76,-1.1114001468550484e-16
-55.38,1.266067368898226e+46,4.587194896545808e-19,7.609896489138082e-19,1.0,2.0997,1.282117218967843e+72,4.8087797477666294e+92,0.0,0.0,0.0
-55.36,1.2164241572927763e+46,4.7310230734234655e-19,6.988110540695772e-19,1.0,2.0997,1.2074525247215477e+72,4.4390631913363234e+92,0.0,0.0,0.0
-55.34,1.1687274838566733e+46,4.882713161090382e-19,8.207899960103439e-19,1.0,2.0997,1.1371359637695417e+72,4.097771794565852e+92,-5.78960446186581e+76,5.78960446186581e+76,-1.4128664923565375e-16
-55.32,1.1229010237365522e+46,5.075581665922884e-19,1.0068236236210406e-18,1.0,2.0997,1.0709143205412951e+72,3.7827201273257904e+92,5.78960446186581e+76,5.78960446186581e+76,1.5305399995211366e-16
-55.3,1.0788714448194047e+46,5.277204792115664e-19,1.0213720887302078e-18,1.0,2.0997,1.0085491255932346e+72,3.4918907833401295e+92,0.0,0.0,0.0
-55.28,1.0365682903855007e+46,5.481572148503731e-19,9.77882268718965e-19,1.0,2.0997,9.498157968611392e+71,3.223421461898159e+92,5.78960446186581e+76,5.78960446186581e+76,1.796105327925848e-16
-55.26,9.959238663625614e+45,5.671794753629853e-19,9.262773174642886e-19,1.0,2.0997,8.945028309218801e+71,2.9755930427716595e+92,0.0,0.0,0.0
-55.24,9.568731330009063e+45,5.834271266886921e-19,8.229503746732434e-19,1.0,2.0997,8.424110413529327e+71,2.74681857797691e+92,0.0,0.0,0.0
-55.22,9.193536007958615e+45,5.987169990246029e-19,7.220172992114281e-19,1.0,2.0997,7.933528414459641e+71,2.5356331298889485e+92,0.0,0.0,0.0
-55.2,8.833052304913316e+45,6.124737124814197e-19,6.440543243009614e-19,1.0,2.0997,7.471515686921163e+71,2.3406843906400334e+92,-2.894802230932905e+76,2.894802230932905e+76,-1.2367332573792037e-16
-55.18,8.486703370040748e+45,6.264319725947781e-19,7.143146724224942e-19,1.0,2.0997,7.036408486060491e+71,2.1607240227318292e+92,5.78960446186581e+76,5.78960446186581e+76,2.679474287764868e-16
-55.16,8.153934971153531e+45,6.385343690859797e-19,6.523601688647861e-19,1.0,2.0997,6.626639955982993e+71,1.9945996654140157e+92,0.0,0.0,0.0
-55.14,7.834214607819177e+45,6.499340453058164e-19,4.748136225527922e-19,1.0,2.0997,6.240734487377233e+71,1.8412475556410217e+92,0.0,0.0,0.0
-55.12,7.527030659245478e+45,6.596640125692091e-19,4.903381036469062e-19,1.0,2.0997,5.877302403727775e+71,1.6996857163566423e+92,0.0,0.0,0.0
-55.1,7.231891565578862e+45,6.709138482991754e-19,6.075875389381053e-19,1.0,2.0997,5.5350349569804165e+71,1.5690076684887206e+92,-2.894802230932905e+76,2.894802230932905e+76,-1.8449892177526443e-16
-55.08,6.948325041302889e+45,6.852087012423881e-19,6.470829274545696e-19,1.0,2.0997,5.212699614633162e+71,1.4483766263879036e+92,0.0,0.0,0.0
-55.06,6.675877319481498e+45,6.967110137503749e-19,6.488840824439211e-19,1.0,2.0997,4.909135621289782e+71,1.3370201395430243e+92,-2.894802230932905e+76,2.894802230932905e+76,-2.1651149038953968e-16
-55.04,6.414112425634303e+45,7.096159269961538e-19,5.747901560621991e-19,1.0,2.0997,4.623249818685782e+71,1.2342251462602908e+92,1.4474011154664524e+76,1.4474011154664524e+76,1.1727204877101117e-16
-55.019999999999996,6.162611480085091e+45,7.1900562774530185e-19,4.701386985565714e-19,1.0,2.0997,4.3540127091380675e+71,1.1393334076342967e+92,-1.4474011154664524e+76,1.4474011154664524e+76,-1.27039293833385e-16
-55.0,5.92097202766467e+45,7.286713193558095e-19,4.1740292876498133e-19,1.0,2.0997,4.1004547482412936e+71,1.0517372925716243e+92,-2.894802230932905e+76,2.894802230932905e+76,-2.752400481925258e-16
-54.98,5.688807393696497e+45,7.374695029442093e-19,4.1212335655900523e-19,1.0,2.0997,3.8616628534607715e+71,9.708758868772779e+91,0.0,0.0,0.0
-54.96,5.46574606523529e+45,7.44622575358975e-19,3.9696323879896253e-19,1.0,2.0997,3.6367771160490946e+71,8.962314014890517e+91,0.0,0.0,0.0
-54.94,5.251431096566399e+45,7.508101423163556e-19,2.8439711610302407e-19,1.0,2.0997,3.4249877044458363e+71,8.27325856859537e+91,1.4474011154664524e+76,1.4474011154664524e+76,1.7494933869958704e-16
-54.92,5.04551953801714e+45,7.565412292112362e-19,3.123902407287791e-19,1.0,2.0997,3.225531948009213e+71,7.637180222553809e+91,0.0,0.0,0.0
-54.9,4.847681887163547e+45,7.614266216641623e-19,2.29296161544781e-19,1.0,2.0997,3.037691590577982e+71,7.050005903740059e+91,0.0,0.0,0.0
-54.88,4.657601561556777e+45,7.652523773650657e-19,1.3328158865763763e-19,1.0,2.0997,2.860790203973543e+71,6.507975691864838e+91,0.0,0.0,0.0
-54.86,4.474974392123092e+45,7.677033774714894e-19,1.3542158319692934e-19,1.0,2.0997,2.6941907521274486e+71,6.007618743047232e+91,-7.237005577332262e+75,7.237005577332262e+75,-1.2046379583770742e-16
-54.84,4.2995081364289886e+45,7.709876212834443e-19,1.611357002116535e-19,1.0,2.0997,2.5372932970643696e+71,5.5457310645657224e+91,0.0,0.0,0.0
-54.82,4.130922011030433e+45,7.754178666962543e-19,2.578924526957651e-19,1.0,2.0997,2.389532838476261e+71,5.1193549983647144e+91,1.4474011154664524e+76,1.4474011154664524e+76,2.827311479529742e-16
-54.8,3.968946242159892e+45,7.837352939796044e-19,4.2811334282347944e-19,1.0,2.0997,2.2503772791117727e+71,4.725760281946538e+91,0.0,0.0,0.0
-54.78,3.813321634030553e+45,7.91148497095751e-19,4.392254102904093e-19,1.0,2.0997,2.1193255086513448e+71,4.362426565369635e+91,-7.237005577332262e+75,7.237005577332262e+75,-1.6589403784540406e-16
-54.76,3.663799154067613e+45,7.988350154600668e-19,3.5292212556097154e-19,1.0,2.0997,1.99590559916823e+71,4.0270272724039674e+91,0.0,0.0,0.0
-54.74,3.520139534403407e+45,8.075146901574966e-19,3.3373196692334876e-19,1.0,2.0997,1.8796731056788541e+71,3.7174147025009494e+91,7.237005577332262e+75,7.237005577332262e+75,1.946784568443077e-16
-54.72,3.3821128889973475e+45,8.132527190361473e-19,3.634979190208959e-19,1.0,2.0997,1.7702094656604982e+71,3.4316062781765955e+91,-7.237005577332262e+75,7.237005577332262e+75,-2.108926546543588e-16
-54.7,3.249498345769631e+45,8.184999182458662e-19,2.436835744280495e-19,1.0,2.0997,1.667120491774225e+71,3.1677718497478707e+91,0.0,0.0,0.0
-54.68,3.1220836931583866e+45,8.268544154437657e-19,3.84553562057506e-19,1.0,2.0997,1.5700349523644481e+71,2.924221976125653e+91,0.0,0.0,0.0
-54.66,2.9996650405362414e+45,8.363543634581652e-19,4.682598847822956e-19,1.0,2.0997,1.4786032346244693e+71,2.6993971066245874e+91,0.0,0.0,0.0
-54.64,2.882046491941669e+45,8.424317204370475e-19,3.6517097985740576e-19,1.0,2.0997,1.392496085612311e+71,2.4918575945139845e+91,-3.618502788666131e+75,3.618502788666131e+75,-1.4521306500951508e-16
-54.62,2.7690398326035396e+45,8.491762611696478e-19,2.766985893989939e-19,1.0,2.0997,1.31140342658453e+71,2.3002744783635115e+91,0.0,0.0,0.0
-54.6,2.660464227757619e+45,8.542316538359687e-19,2.5245743987272916e-19,1.0,2.0997,1.235033236378198e+71,2.1234209721533833e+91,0.0,0.0,0.0
-54.58,2.5561459332720454e+45,8.583219179968769e-19,2.049513774003419e-19,1.0,2.0997,1.163110499818756e+71,1.9601646096549645e+91,0.0,0.0,0.0
-54.56,2.4559180176199597e+45,8.600901504217776e-19,6.733089145865217e-20,1.0,2.0997,1.0953762173687507e+71,1.8094599927811058e+91,0.0,0.0,0.0
-54.54,2.3596200947531518e+45,8.631253277754791e-19,9.122354734155921e-20,1.0,2.0997,1.0315864724495577e+71,1.6703420974688622e+91,0.0,0.0,0.0
-54.519999999999996,2.267098067450418e+45,8.65372362927981e-19,1.7047819601555533e-19,1.0,2.0997,9.715115530782759e+70,1.5419200942312263e+91,-3.618502788666131e+75,3.618502788666131e+75,-2.3467511722585416e-16
-54.5,2.1782038807290206e+45,8.687122282463706e-19,1.4942803804756109e-19,1.0,2.0997,9.149351246564695e+70,1.4233716438068896e+91,0.0,0.0,0.0
-54.48,2.0927952849250364e+45,8.720202512055482e-19,1.1685444507607182e-19,1.0,2.0997,8.616534509319445e+70,1.3139376313813393e+91,-1.8092513943330656e+75,1.8092513943330656e+75,-1.3769690060790816e-16
-54.46,2.010735608063768e+45,8.717663598167754e-19,5.468982042064437e-20,1.0,2.0997,8.114746603281792e+70,1.2129173056606716e+91,0.0,0.0,0.0
-54.44,1.9318935371551813e+45,8.745927334202394e-19,1.1718780383969708e-19,1.0,2.0997,7.642180549994026e+70,1.1196637916705874e+91,0.0,0.0,0.0
-54.42,1.8561429080653392e+45,8.781061206526153e-19,1.9109466640007143e-19,1.0,2.0997,7.197134601231725e+70,1.0335799485483764e+91,0.0,0.0,0.0
-54.4,1.7833625036266486e+45,8.830784918359266e-19,3.131513777649007e-19,1.0,2.0997,6.778006110872037e+70,9.541145458024524e+90,1.8092513943330656e+75,1.8092513943330656e+75,1.896262248901577e-16
-54.38,1.7134358596647443e+45,8.909961655912e-19,3.3296692034200495e-19,1.0,2.0997,6.383285763636758e+70,8.807587335555183e+90,1.8092513943330656e+75,1.8092513943330656e+75,2.0541963711552791e-16
-54.36,1.646251078630758e+45,8.971981088794566e-19,3.7009820186826763e-19,1.0,2.0997,6.011552139926163e+70,8.130427841678802e+90,-9.046256971665328e+74,9.046256971665328e+74,-1.1126421816686858e-16
-54.34,1.5817006505415657e+45,9.082205498841456e-19,5.454013750242514e-19,1.0,2.0997,5.661466597175103e+70,7.505330843770837e+90,0.0,0.0,0.0
-54.32,1.5196812809406862e+45,9.207823898001024e-19,6.696759341721088e-19,1.0,2.0997,5.331768449291402e+70,6.928293586924575e+90,0.0,0.0,0.0
-54.3,1.460093725605277e+45,9.348912255321936e-19,7.386204112593442e-19,1.0,2.0997,5.021270426825976e+70,6.395621062655694e+90,9.046256971665328e+74,9.046256971665328e+74,1.4144454280580832e-16
-54.28,1.4028426317341312e+45,9.505455426128172e-19,7.815185652758726e-19,1.0,2.0997,4.72885440152027e+70,5.90390234823223e+90,0.0,0.0,0.0
-54.26,1.3478363853627968e+45,9.645149775652469e-19,7.019462264319367e-19,1.0,2.0997,4.453467359835549e+70,5.4499887651235485e+90,9.046256971665328e+74,9.046256971665328e+74,1.6598670862508194e-16
-54.24,1.2949869647618264e+45,9.788180238328573e-19,6.8246145802827165e-19,1.0,2.0997,4.194117610968192e+70,5.030973716709143e+90,9.046256971665328e+74,9.046256971665328e+74,1.7981125485947991e-16
-54.22,1.2442097995830766e+45,9.918582303342726e-19,6.966995178561744e-19,1.0,2.0997,3.949871215690934e+70,4.64417407613568e+90,-9.046256971665328e+74,9.046256971665328e+74,-1.947872070116831e-16
-54.2,1.1954236355292582e+45,1.0069548807851388e-18,6.896214265354186e-19,1.0,2.0997,3.719848623163119e+70,4.287113005145966e+90,0.0,0.0,0.0
-54.18,1.14855040432958e+45,1.018754603805683e-18,5.796114292953839e-19,1.0,2.0997,3.503221503597117e+70,3.957504093856925e+90,0.0,0.0,0.0
-54.16,1.1035150988139844e+45,1.028696501749563e-18,4.386494877666618e-19,1.0,2.0997,3.2992097653774417e+70,3.653236719931313e+90,0.0,0.0,0.0
-54.14,1.060245652885617e+45,1.0358566761988223e-18,3.116314870487548e-19,1.0,2.0997,3.1070787458873664e+70,3.3723625333885447e+90,0.0,0.0,0.0
-54.12,1.0186728261996543e+45,1.0388747702689714e-18,1.3488676560900037e-19,1.0,2.0997,2.926136565930058e+70,3.1130829805127734e+90,-4.523128485832664e+74,4.523128485832664e+74,-1.4529418310229668e-16
-54.1,9.787300933640856e+44,1.0420428300562789e-18,9.913234274924684e-20,1.0,2.0997,2.7557316382170083e+70,2.873737786969415e+90,4.523128485832664e+74,4.523128485832664e+74,1.57395309563113e-16
-54.08,9.40353537484775e+44,1.0439602791667243e-18,1.4272074319036982e-19,1.0,2.0997,2.5952503209487924e+70,2.65279432638039e+90,4.523128485832664e+74,4.523128485832664e+74,1.7050430336241913e-16
-54.06,9.034817478849072e+44,1.0474637439021297e-18,2.0805333249588427e-19,1.0,2.0997,2.444114708042706e+70,2.4488378062835013e+90,-4.523128485832664e+74,4.523128485832664e+74,-1.8470510681543367e-16
-54.04,8.680557218346952e+44,1.0531538722420393e-18,2.8917312054562043e-19,1.0,2.0997,2.301780548046236e+70,2.2605622086298616e+90,-4.523128485832664e+74,4.523128485832664e+74,-2.0008865354668366e-16
-54.019999999999996,8.340187701345168e+44,1.05947832501789e-18,3.449960843472571e-19,1.0,2.0997,2.1677352842440547e+70,2.0867619268100755e+90,4.523128485832664e+74,4.523128485832664e+74,2.167534507756203e-16
-54.0,8.01316426400059e+44,1.0680583490659046e-18,4.511768782961685e-19,1.0,2.0997,2.0414962089002162e+70,1.926324045655684e+90,-4.523128485832664e+74,4.523128485832664e+74,-2.348062100991465e-16
-53.98,7.698963599044518e+44,1.0751833537077978e-18,3.476131016678037e-19,1.0,2.0997,1.92260872498892e+70,1.7782212149823754e+90,0.0,0.0,0.0
-53.96,7.397082918380193e+44,1.0788107519571627e-18,1.1077285410363494e-19,1.0,2.0997,1.8106447091541932e+70,1.641505071041761e+90,-4.523128485832664e+74,4.523128485832664e+74,-2.7554764012773447e-16
-53.94,7.107039148513692e+44,1.0782463412682663e-18,-1.3663366787948949e-19,1.0,2.0997,1.7052009700033825e+70,1.5153001637551867e+90,0.0,0.0,0.0
-53.92,6.828368157534129e+44,1.073765259176467e-18,-1.8543147846693695e-19,1.0,2.0997,1.6058977961826402e+70,1.398798350844781e+90,2.261564242916332e+74,2.261564242916332e+74,1.616790755830172e-16
-53.9,6.560624012402757e+44,1.070052450208099e-18,-1.6904749819931602e-19,1.0,2.0997,1.5123775890059136e+70,1.2912536229634694e+90,2.261564242916332e+74,2.261564242916332e+74,1.751448516927269e-16
-53.88,6.30337826536576e+44,1.0667633868438555e-18,-1.801427565251822e-19,1.0,2.0997,1.4243035747134623e+70,1.1919773266885635e+90,0.0,0.0,0.0
-53.86,6.056219268345674e+44,1.0643429371956498e-18,-1.3073248850470633e-19,1.0,2.0997,1.3413585917223606e+70,1.1003337547884426e+90,-2.261564242916332e+74,2.261564242916332e+74,-2.0553438745966264e-16
-53.84,5.81875151421738e+44,1.0624169171677815e-18,-8.515277279971338e-20,1.0,2.0997,1.2632439485026667e+70,1.0157360755262115e+90,0.0,0.0,0.0
-53.82,5.5905950039116124e+44,1.0588177716648945e-18,-1.889338598389958e-19,1.0,2.0997,1.189678347964736e+70,9.376425749328446e+89,-2.261564242916332e+74,2.261564242916332e+74,-2.4119683804655615e-16
-53.8,5.3713846383359845e+44,1.0521379093738231e-18,-3.9474677977702937e-19,1.0,2.0997,1.1203968744862546e+70,8.65553187988554e+89,-2.261564242916332e+74,2.261564242916332e+74,-2.6128541541992894e-16
-53.78,5.160769634138277e+44,1.0431532589724695e-18,-4.2624798926956264e-19,1.0,2.0997,1.0551500399298254e+70,7.990062964993117e+89,0.0,0.0,0.0
-53.76,4.958412962378024e+44,1.034715133353621e-18,-4.833029137694226e-19,1.0,2.0997,9.937028852159112e+69,7.375757731643524e+89,0.0,0.0,0.0
-53.74,4.763990809208829e+44,1.0229149411677977e-18,-5.269768999758798e-19,1.0,2.0997,9.358341342166825e+69,6.808682529067859e+89,0.0,0.0,0.0
-53.72,4.577192057706545e+44,1.0130062164310609e-18,-5.644214445246708e-19,1.0,2.0997,8.813353969227913e+69,6.285206139939562e+89,0.0,0.0,0.0
-53.7,4.397717790016374e+44,9.991620371980865e-19,-6.523918408710717e-19,1.0,2.0997,8.300104190143029e+69,5.801976528187951e+89,-1.130782121458166e+74,1.130782121458166e+74,-1.9489601792845015e-16
-53.68,4.22528080902e+44,9.870076137541075e-19,-5.858095231758874e-19,1.0,2.0997,7.816743751330479e+69,5.355899374521813e+89,-1.130782121458166e+74,1.130782121458166e+74,-2.1112833576323956e-16
-53.66,4.059605178759375e+44,9.752644815610823e-19,-6.147707427648665e-19,1.0,2.0997,7.361532033119323e+69,4.944118262222982e+89,-5.65391060729083e+73,5.65391060729083e+73,-1.1435629787602835e-16
-53.64,3.9004257828801175e+44,9.617907192009954e-19,-7.001465449112231e-19,1.0,2.0997,6.932829781636306e+69,4.563996386326794e+89,-1.130782121458166e+74,1.130782121458166e+74,-2.4776139719256976e-16
-53.62,3.747487900388626e+44,9.472985124398896e-19,-7.070676090064063e-19,1.0,2.0997,6.529093205721504e+69,4.213099669067746e+89,0.0,0.0,0.0
-53.6,3.600546798044534e+44,9.332616640172078e-19,-7.445106652301137e-19,1.0,2.0997,6.14886841761456e+69,3.889181173472624e+89,0.0,0.0,0.0
-53.58,3.459367338734879e+44,9.160992359190436e-19,-8.580973672543681e-19,1.0,2.0997,5.79078619738568e+69,3.5901667152916924e+89,-5.65391060729083e+73,5.65391060729083e+73,-1.5748323283175063e-16
-53.56,3.323723605204976e+44,8.996635930212752e-19,-7.868904437411577e-19,1.0,2.0997,5.453557062267018e+69,3.314141581139029e+89,0.0,0.0,0.0
-53.54,3.193398538542207e+44,8.849217190841062e-19,-7.38023658689609e-19,1.0,2.0997,5.135966623120972e+69,3.059338267789051e+89,0.0,0.0,0.0
-53.519999999999996,3.068183590835796e+44,8.708963974645302e-19,-6.954054974847684e-19,1.0,2.0997,4.83687121132778e+69,2.824125164122212e+89,0.0,0.0,0.0
-53.5,2.947878391455509e+44,8.586441432812871e-19,-5.668590284171589e-19,1.0,2.0997,4.5551937603431765e+69,2.606996103243096e+89,0.0,0.0,0.0
-53.48,2.8322904264157738e+44,8.474040675810575e-19,-5.620536962585722e-19,1.0,2.0997,4.2899199270954616e+69,2.4065607178699338e+89,-2.826955303645415e+73,2.826955303645415e+73,-1.1746868810139874e-16
-53.46,2.721234730312527e+44,8.354639166520249e-19,-5.926554615915493e-19,1.0,2.0997,4.040094439254823e+69,2.2215355372377276e+89,-2.826955303645415e+73,2.826955303645415e+73,-1.2725231067698653e-16
-53.44,2.61453359033878e+44,8.246050593655104e-19,-5.444950001267985e-19,1.0,2.0997,3.804817655221126e+69,2.0507357685029378e+89,-2.826955303645415e+73,2.826955303645415e+73,-1.3785078248813725e-16
-53.42,2.5120162619065268e+44,8.138476068065419e-19,-5.258785019137658e-19,1.0,2.0997,3.5832423244424304e+69,1.893067710024852e+89,2.826955303645415e+73,2.826955303645415e+73,1.4933196993827035e-16
-53.4,2.413518695418672e+44,8.026123856666278e-19,-5.786171240778098e-19,1.0,2.0997,3.374570536397857e+69,1.7475217479406346e+89,-2.826955303645415e+73,2.826955303645415e+73,-1.61769391824556e-16
-53.38,2.318883273754971e+44,7.892911194434068e-19,-6.664192812206627e-19,1.0,2.0997,3.178050847257959e+69,1.6131658911901715e+89,-2.826955303645415e+73,2.826955303645415e+73,-1.752426901091819e-16
-53.36,2.227958560050728e+44,7.762636364931808e-19,-6.731121159094091e-19,1.0,2.0997,2.9929755738748264e+69,1.489139803590994e+89,0.0,0.0,0.0
-53.34,2.1405990553657735e+44,7.628317612181887e-19,-7.082489426845573e-19,1.0,2.0997,2.8186782453593488e+69,1.3746492947498527e+89,0.0,0.0,0.0
-53.32,2.0566649658548617e+44,7.488053111201777e-19,-6.683483654459237e-19,1.0,2.0997,2.6545312030649095e+69,1.2689612345324337e+89,1.4134776518227075e+73,1.4134776518227075e+73,1.1138856045066836e-16
-53.3,1.9760219790679118e+44,7.3591839209578905e-19,-6.28951641160814e-19,1.0,2.0997,2.4999433403391823e+69,1.1713988585278403e+89,-2.826955303645415e+73,2.826955303645415e+73,-2.4133157404628184e-16
-53.28,1.898541049021338e+44,7.239108303029003e-19,-7.069672645148563e-19,1.0,2.0997,2.3543579739016404e+69,1.0813374344457128e+89,2.826955303645415e+73,2.826955303645415e+73,2.6143137318597455e-16
-53.26,1.8240981896968634e+44,7.06807766834121e-19,-6.651346430955552e-19,1.0,2.0997,2.2172508391818303e+69,9.982002616966122e+88,0.0,0.0,0.0
-53.24,1.7525742766376314e+44,6.948575530300288e-19,-6.71230993965169e-19,1.0,2.0997,2.0881282024013555e+69,9.21454978539575e+88,1.4134776518227075e+73,1.4134776518227075e+73,1.533962792260285e-16
-53.22,1.6838548563234479e+44,6.8153224430649815e-19,-6.781354359892909e-19,1.0,2.0997,1.966525082598624e+69,8.506101531492177e+88,1.4134776518227075e+73,1.4134776518227075e+73,1.6617220551501563e-16
-53.2,1.6178299630209341e+44,6.662405162214807e-19,-7.451602897035925e-19,1.0,2.0997,1.8520035771952676e+69,7.852121367744951e+88,0.0,0.0,0.0
-53.18,1.5543939428146974e+44,6.510942512652921e-19,-7.664903318901859e-19,1.0,2.0997,1.7441512850736076e+69,7.248421588377063e+88,0.0,0.0,0.0
-53.16,1.4934452845386921e+44,6.357879355527209e-19,-7.523670766880898e-19,1.0,2.0997,1.6425798214877105e+69,6.691136453732566e+88,0.0,0.0,0.0
-53.14,1.434886457336623e+44,6.189970780753552e-19,-8.779135128690634e-19,1.0,2.0997,1.5469234194583125e+69,6.176697436344134e+88,0.0,0.0,0.0
-53.12,1.3786237545917094e+44,6.003270550272483e-19,-9.20683310166877e-19,1.0,2.0997,1.4568376126166642e+69,5.7018103701736266e+88,-1.4134776518227075e+73,1.4134776518227075e+73,-2.4789980024882264e-16
-53.1,1.3245671439762492e+44,5.832955404604683e-19,-9.143993450236826e-19,1.0,2.0997,1.3719979947539592e+69,5.2634343567041925e+88,7.067388259113537e+72,7.067388259113537e+72,1.3427332384437538e-16
-53.08,1.272630123380527e+44,5.62145263416891e-19,-1.0966884181755901e-18,1.0,2.0997,1.292099051607984e+69,4.858762292806606e+88,7.067388259113537e+72,7.067388259113537e+72,1.4545655525434533e-16
-53.06,1.2227295824911381e+44,5.377460690018392e-19,-1.2510844667928446e-18,1.0,2.0997,1.2168530606822403e+69,4.485202895696859e+88,7.067388259113537e+72,7.067388259113537e+72,1.575712052155778e-16
-53.04,1.1747856697966076e+44,5.102014593855264e-19,-1.3329876996292592e-18,1.0,2.0997,1.1459890551339728e+69,4.1403641098783915e+88,7.067388259113537e+72,7.067388259113537e+72,1.7069484884799458e-16
-53.019999999999996,1.128721664808062e+44,4.8237950049983325e-19,-1.43169849351628e-18,1.0,2.0997,1.0792518480008974e+69,3.8220377898212495e+88,0.0,0.0,0.0
-53.0,1.084463855290023e+44,4.537966381283994e-19,-1.4362867566962153e-18,1.0,2.0997,1.0164011132525013e+69,3.5281855602915e+88,0.0,0.0,0.0
-52.98,1.0419414193050608e+44,4.252593874923774e-19,-1.3955303660786746e-18,1.0,2.0997,9.572105203567508e+68,3.256925763790334e+88,-7.067388259113537e+72,7.067388259113537e+72,-2.169956815622557e-16
-52.96,1.0010863118836932e+44,3.9479647819300443e-19,-1.5040967080341799e-18,1.0,2.0997,9.014669192457094e+68,3.0065214115226846e+88,7.067388259113537e+72,7.067388259113537e+72,2.3506861557770123e-16
-52.94,9.618331561377952e+43,3.651451277434549e-19,-1.5423179560294297e-18,1.0,2.0997,8.489695727450631e+68,2.775369060737977e+88,3.533694129556769e+72,3.533694129556769e+72,1.2732339563579161e-16
-52.92,9.241191386437486e+43,3.35946916860806e-19,-1.4487566419503287e-18,1.0,2.0997,7.995294337034716e+68,2.561988547222991e+88,0.0,0.0,0.0
-52.9,8.878839089274496e+43,3.0734101934184914e-19,-1.4127246152618146e-18,1.0,2.0997,7.529684642186267e+68,2.365013507196863e+88,0.0,0.0,0.0
-52.88,8.530694828907835e+43,2.785224024716762e-19,-1.4107388536307794e-18,1.0,2.0997,7.091189945085216e+68,2.183182627918646e+88,0.0,0.0,0.0
-52.86,8.196201500245931e+43,2.4926842460491573e-19,-1.4625720810488519e-18,1.0,2.0997,6.678231191190288e+68,2.0153315709790094e+88,0.0,0.0,0.0
-52.84,7.874823842600781e+43,2.1963902409096295e-19,-1.4614230930459141e-18,1.0,2.0997,6.289321282939266e+68,1.860385516559812e+88,-3.533694129556769e+72,3.533694129556769e+72,-1.899441861970204e-16
-52.82,7.5660475831557e+43,1.907507036389452e-19,-1.42900869635828e-18,1.0,2.0997,5.923059724588774e+68,1.717352280917286e+88,0.0,0.0,0.0
-52.8,7.269378614019911e+43,1.6227344240354991e-19,-1.4588644006436945e-18,1.0,2.0997,5.578127578918824e+68,1.585315963019101e+88,1.7668470647783843e+72,1.7668470647783843e+72,1.1145078369195076e-16
-52.78,6.984342201550137e+43,1.3061183033248743e-19,-1.5559780637822707e-18,1.0,2.0997,5.253282717634059e+68,1.4634310796506265e+88,-1.7668470647783843e+72,1.7668470647783843e+72,-1.2073319265572754e-16
-52.76,6.710482226675217e+43,1.0012819260584552e-19,-1.50605798324282e-18,1.0,2.0997,4.947355348358822e+68,1.3509171514357193e+88,0.0,0.0,0.0
-52.74,6.447360455008966e+43,7.416935045350171e-20,-1.261732861842708e-18,1.0,2.0997,4.659243802122673e+68,1.2470537051044026e+88,-1.7668470647783843e+72,1.7668470647783843e+72,-1.4168171407104435e-16
-52.72,6.194555835580893e+43,5.120784139829134e-20,-1.068606087148738e-18,1.0,2.0997,4.387910566161352e+68,1.151175660003879e+88,0.0,0.0,0.0
-52.7,5.951663827065564e+43,2.924535309620839e-20,-1.1039637610380685e-18,1.0,2.0997,4.1323785477504495e+68,1.0626690693120215e+88,0.0,0.0,0.0
-52.68,5.718295750429458e+43,7.914416530181424e-21,-1.0897728952031125e-18,1.0,2.0997,3.8917275556156377e+68,9.809671886813878e+87,1.7668470647783843e+72,1.7668470647783843e+72,1.8011275862889694e-16
-52.66,5.494078166962197e+43,-1.2527619545158691e-20,-9.785911943347597e-19,1.0,2.0997,3.6650909862513213e+68,9.055468471407209e+87,0.0,0.0,0.0
-52.64,5.278652280694675e+43,-3.155489345593996e-20,-9.05510539487615e-19,1.0,2.0997,3.4516527032108997e+68,8.359250970144929e+87,1.7668470647783843e+72,1.7668470647783843e+72,2.1136428025533383e-16
-52.62,5.071673364248737e+43,-4.79873842874017e-20,-7.9755897071966295e-19,1.0,2.0997,3.2506440981341246e+68,7.716561214089031e+87,0.0,0.0,0.0
-52.6,4.87281020720036e+43,-6.337920552351499e-20,-7.642210630062984e-19,1.0,2.0997,3.061341322927755e+68,7.123283794618803e+87,8.834235323891922e+71,8.834235323891922e+71,1.240191403094965e-16
-52.58,4.681744586071719e+43,-7.845752581363433e-20,-7.406956210066168e-19,1.0,2.0997,2.8830626831292376e+68,6.575619710763557e+87,-8.834235323891922e+71,8.834235323891922e+71,-1.3434833084144545e-16
-52.56,4.498170755106309e+43,-9.337782735849857e-20,-7.800798926008865e-19,1.0,2.0997,2.7151661830713526e+68,6.070062042628099e+87,-8.834235323891922e+71,8.834235323891922e+71,-1.455378093642523e-16
-52.54,4.3217949570099457e+43,-1.120321839689174e-19,-9.376561102557815e-19,1.0,2.0997,2.557047214003911e+68,5.60337349513098e+87,0.0,0.0,0.0
-52.519999999999996,4.1523349528768985e+43,-1.3014487844803502e-19,-8.794225086741783e-19,1.0,2.0997,2.408136376849291e+68,5.172565668264958e+87,0.0,0.0,0.0
-52.5,3.9895195705472156e+43,-1.4730281738066384e-19,-8.232556700558512e-19,1.0,2.0997,2.2678974317507297e+68,4.774879921133772e+87,0.0,0.0,0.0
-52.48,3.8330882706732533e+43,-1.6351442181105426e-19,-8.344532523521046e-19,1.0,2.0997,2.1358253670296364e+68,4.407769707231861e+87,8.834235323891922e+71,8.834235323891922e+71,2.0042415803614976e-16
-52.46,3.6827907298015323e+43,-1.8144229782470515e-19,-8.630229668516047e-19,1.0,2.0997,2.011444580598068e+68,4.068884267853631e+87,-8.834235323891922e+71,8.834235323891922e+71,-2.1711689845019976e-16
-52.44,3.5383864398013673e+43,-1.9971736795899948e-19,-9.06979120332857e-19,1.0,2.0997,1.8943071672775e+68,3.7560535792110583e+87,0.0,0.0,0.0
-52.42,3.399644323000968e+43,-2.177086779191433e-19,-9.292232635885382e-19,1.0,2.0997,1.7839913058563902e+68,3.4672744568738134e+87,4.417117661945961e+71,4.417117661945961e+71,1.2739452030366672e-16
-52.4,3.2663423624134596e+43,-2.3461945845614487e-19,-8.639704015322474e-19,1.0,2.0997,1.6800997400781941e+68,3.2006977285490218e+87,0.0,0.0,0.0
-52.38,3.138267246462727e+43,-2.500974928871588e-19,-7.282966589538498e-19,1.0,2.0997,1.5822583480897994e+68,2.954616393066224e+87,0.0,0.0,0.0
-52.36,3.0152140276390105e+43,-2.663200561767627e-19,-7.703114481663739e-19,1.0,2.0997,1.490114795198528e+68,2.727454689741319e+87,0.0,0.0,0.0
-52.34,2.8969857945395254e+43,-2.814476394181114e-19,-7.489440312801756e-19,1.0,2.0997,1.4033372650871667e+68,2.5177580081291412e+87,4.417117661945961e+71,4.417117661945961e+71,1.7543853093443906e-16
-52.32,2.783393356767861e+43,-2.965352001543858e-19,-7.590657743375273e-19,1.0,2.0997,1.3216132649162078e+68,2.324183573549838e+87,0.0,0.0,0.0
-52.3,2.6742549421892785e+43,-3.117372887320499e-19,-8.243556905855882e-19,1.0,2.0997,1.2446485000125305e+68,2.145491848747134e+87,0.0,0.0,0.0
-52.28,2.569395906056386e+43,-3.2684930414525255e-19,-7.412399107254321e-19,1.0,2.0997,1.1721658140906661e+68,1.9805385966177946e+87,4.417117661945961e+71,4.417117661945961e+71,2.230260833840431e-16
-52.26,2.4686484515401746e+43,-3.409637164439824e-19,-6.351777525844367e-19,1.0,2.0997,1.1039041911904947e+68,1.8282675531875107e+87,0.0,0.0,0.0
-52.24,2.3718513612195546e+43,-3.5714328091279843e-19,-7.979915529711364e-19,1.0,2.0997,1.0396178157382113e+68,1.6877036639157162e+87,0.0,0.0,0.0
-52.22,2.2788497390987957e+43,-3.740827691004801e-19,-9.24448054416518e-19,1.0,2.0997,9.790751873445697e+67,1.557946840017195e+87,0.0,0.0,0.0
-52.2,2.1894947627411676e+43,-3.914634287306454e-19,-8.942308229580936e-19,1.0,2.0997,9.220582871534938e+67,1.4381661948213004e+87,0.0,0.0,0.0
-52.18,2.103643445121022e+43,-4.1061498349199664e-19,-9.521708174285198e-19,1.0,2.0997,8.683617927385746e+67,1.327594723260193e+87,0.0,0.0,0.0
-52.16,2.0211584058142754e+43,-4.3090158120723467e-19,-9.817808832858954e-19,1.0,2.0997,8.177923387208239e+67,1.225524390418111e+87,0.0,0.0,0.0
-52.14,1.9419076511603166e+43,-4.50794928832103e-19,-1.0188779868901733e-18,1.0,2.0997,7.701678204442088e+67,1.1313015976904935e+87,-2.2085588309729804e+71,2.2085588309729804e+71,-1.9522281551459522e-16
-52.12,1.8657643630439143e+43,-4.720589049721582e-19,-1.0203954579433386e-18,1.0,2.0997,7.253167382022155e+67,1.044322997521399e+87,-2.2085588309729804e+71,2.2085588309729804e+71,-2.114823513620579e-16
-52.1,1.7926066959593682e+43,-4.915076877972497e-19,-9.812104603773228e-19,1.0,2.0997,6.830775796538759e+67,9.640316299195089e+86,0.0,0.0,0.0
-52.08,1.7223175820314897e+43,-5.106651071694372e-19,-9.688460981089755e-19,1.0,2.0997,6.432982382045886e+67,8.899133560124392e+86,0.0,0.0,0.0
-52.06,1.6547845436822337e+43,-5.307445106637545e-19,-1.0105671480780993e-18,1.0,2.0997,6.058354652583119e+67,8.214935658028856e+86,0.0,0.0,0.0
-52.04,1.5898995136423764e+43,-5.516628639774045e-19,-1.0055532308472526e-18,1.0,2.0997,5.705543543677891e+67,7.583341390440795e+86,0.0,0.0,0.0
-52.019999999999996,1.5275586620210009e+43,-5.7064975637037185e-19,-9.623273819199707e-19,1.0,2.0997,5.373278554256418e+67,7.00030639774617e+86,1.1042794154864902e+71,1.1042794154864902e+71,1.5774729743858434e-16
-52.0,1.4676622301554422e+43,-5.897346497336816e-19,-8.986647932322248e-19,1.0,2.0997,5.06036317146753e+67,6.462097265474539e+86,0.0,0.0,0.0
-51.980000000000004,1.4101143709761066e+43,-6.056855739662843e-19,-8.616239782922629e-19,1.0,2.0997,4.7656705619440174e+67,5.965267617700022e+86,1.1042794154864902e+71,1.1042794154864902e+71,1.8511816841375137e-16
-51.96,1.354822995630756e+43,-6.222890388846332e-19,-8.102787824789483e-19,1.0,2.0997,4.488139513985382e+67,5.506636048469686e+86,1.1042794154864902e+71,1.1042794154864902e+71,2.0053611783429436e-16
-51.94,1.3016996261227363e+43,-6.392974853599219e-19,-7.9443534435709695e-19,1.0,2.0997,4.22677061604947e+67,5.083265749944214e+86,0.0,0.0,0.0
-51.92,1.2506592537272626e+43,-6.56888616913061e-19,-8.976402154471158e-19,1.0,2.0997,3.980622657791428e+67,4.6924457068009e+86,0.0,0.0,0.0
-51.9,1.2016202029592722e+43,-6.750263624339974e-19,-9.583488485712146e-19,1.0,2.0997,3.7488092406898276e+67,4.3316733364796474e+86,5.521397077432451e+70,5.521397077432451e+70,1.2746568470280106e-16
-51.879999999999995,1.1545040008753327e+43,-6.942161996823457e-19,-9.101678238796573e-19,1.0,2.0997,3.530495586054569e+67,3.99863846411145e+86,5.521397077432451e+70,5.521397077432451e+70,1.3808192781087994e-16
-51.86,1.1092352515001329e+43,-7.122362753151009e-19,-8.531723079842771e-19,1.0,2.0997,3.3248955289219226e+67,3.6912085295116895e+86,0.0,0.0,0.0
-51.84,1.0657415151768074e+43,-7.297393143583338e-19,-8.811291757054303e-19,1.0,2.0997,3.13126868701159e+67,3.407414931514071e+86,5.521397077432451e+70,5.521397077432451e+70,1.6204064337356881e-16
-51.82,1.0239531926480655e+43,-7.469646567757755e-19,-8.697784003188892e-19,1.0,2.0997,2.9489177945504266e+67,3.145440422202499e+86,0.0,0.0,0.0
-51.8,9.838034136825595e+42,-7.642760523258169e-19,-8.228059889184787e-19,1.0,2.0997,2.7771861913629886e+67,2.903607470320372e+86,-5.521397077432451e+70,5.521397077432451e+70,-1.901564565413948e-16
-51.78,9.45227930068215e+42,-7.801528926775988e-19,-8.222201812505085e-19,1.0,2.0997,2.6154554581856493e+67,2.6803675193431266e+86,5.521397077432451e+70,5.521397077432451e+70,2.0599403020618493e-16
-51.76,9.081650128013459e+42,-7.973020471829976e-19,-8.077649144803526e-19,1.0,2.0997,2.46314318968858e+67,2.4742910714294063e+86,-2.7606985387162255e+70,2.7606985387162255e+70,-1.1157533447030387e-16
-51.74,8.725553533071744e+42,-8.121691440888898e-19,-7.645753140388735e-19,1.0,2.0997,2.319700897188279e+67,2.284058533755024e+86,0.0,0.0,0.0
-51.72,8.383419685333521e+42,-8.288941346606068e-19,-8.070545090341148e-19,1.0,2.0997,2.184612033495478e+67,2.108451768613128e+86,2.7606985387162255e+70,2.7606985387162255e+70,1.309348679354484e-16
-51.7,8.054701097650204e+42,-8.457256155959404e-19,-8.38652384706418e-19,1.0,2.0997,2.0573901327874596e+67,1.946346293174622e+86,2.7606985387162255e+70,2.7606985387162255e+70,1.418400491421976e-16
-51.68,7.738871750150893e+42,-8.6083444199778195e-19,-7.900510892033572e-19,1.0,2.0997,1.937577058805358e+67,1.7967040789585065e+86,0.0,0.0,0.0
-51.66,7.435426248499188e+42,-8.758493936354318e-19,-7.455610484922569e-19,1.0,2.0997,1.8247413550693643e+67,1.6585669049061215e+86,-2.7606985387162255e+70,2.7606985387162255e+70,-1.6645083961038564e-16
-51.64,7.143879015154055e+42,-8.90346576598117e-19,-6.733668266222683e-19,1.0,2.0997,1.7184766911688348e+67,1.531050221494754e+86,2.7606985387162255e+70,2.7606985387162255e+70,1.803140419535666e-16
-51.62,6.863763512341872e+42,-9.042799938850018e-19,-6.714118420180012e-19,1.0,2.0997,1.618400399533971e+67,1.413337486600669e+86,0.0,0.0,0.0
-51.6,6.59463149549718e+42,-9.167579197093909e-19,-6.535372463385467e-19,1.0,2.0997,1.5241520974197115e+67,1.304674936842101e+86,2.7606985387162255e+70,2.7606985387162255e+70,2.1160048842498303e-16
-51.58,6.336052295974942e+42,-9.301040304652665e-19,-6.688706473630771e-19,1.0,2.0997,1.435392389137926e+67,1.2043667609198802e+86,-2.7606985387162255e+70,2.7606985387162255e+70,-2.292240726244918e-16
-51.56,6.087612131889603e+42,-9.44203572747552e-19,-6.540254170627086e-19,1.0,2.0997,1.351801643866856e+67,1.1117706440498844e+86,0.0,0.0,0.0
-51.54,5.848913445975054e+42,-9.561153945040062e-19,-5.777296680737626e-19,1.0,2.0997,1.2730788446346877e+67,1.0262936549552335e+86,-1.3803492693581128e+70,1.3803492693581128e+70,-1.3449847055892819e-16
-51.519999999999996,5.619574269408819e+42,-9.67517351613996e-19,-5.265500468171211e-19,1.0,2.0997,1.198940504333358e+67,9.473884490820499e+85,0.0,0.0,0.0
-51.5,5.3992276105801684e+42,-9.7659216348471e-19,-5.164795961428495e-19,1.0,2.0997,1.1291196448587662e+67,8.74549763725537e+85,0.0,0.0,0.0
-51.480000000000004,5.187520867825099e+42,-9.874197820894141e-19,-4.967399890243398e-19,1.0,2.0997,1.0633648357012262e+67,8.073111826236261e+85,0.0,0.0,0.0
-51.46,4.984115265188619e+42,-9.963559701595577e-19,-4.886469515604793e-19,1.0,2.0997,1.0014392885240544e+67,7.452421493005866e+85,-1.3803492693581128e+70,1.3803492693581128e+70,-1.8522157806742108e-16
-51.44,4.7886853103110765e+42,-1.0066854485490168e-18,-5.073147371308741e-19,1.0,2.0997,9.431200044697956e+66,6.879452100356727e+85,0.0,0.0,0.0
-51.42,4.6009182735707844e+42,-1.0171117734843568e-18,-4.86938457734445e-19,1.0,2.0997,8.881969711234697e+66,6.35053468802327e+85,0.0,0.0,0.0
-51.4,4.4205136876497216e+42,-1.0255580258167166e-18,-4.175406579557925e-19,1.0,2.0997,8.36472406241035e+66,5.862282378809562e+85,0.0,0.0,0.0
-51.379999999999995,4.2471828667221175e+42,-1.0324220673702228e-18,-3.2505562803012755e-19,1.0,2.0997,7.877600455196808e+66,5.411568691013371e+85,-6.901746346790564e+69,6.901746346790564e+69,-1.275368888553855e-16
-51.36,4.080648444495332e+42,-1.0408406708217477e-18,-4.3145732930071637e-19,1.0,2.0997,7.41884471845147e+66,4.995507518268652e+85,-6.901746346790564e+69,6.901746346790564e+69,-1.3815906234853548e-16
-51.34,3.920643930364501e+42,-1.050314149303525e-18,-5.176016297352185e-19,1.0,2.0997,6.986804836006597e+66,4.6114346486112014e+85,-6.901746346790564e+69,6.901746346790564e+69,-1.4966592552426438e-16
-51.32,3.766913282970846e+42,-1.0610885423794641e-18,-5.454644245580097e-19,1.0,2.0997,6.579924997625911e+66,4.256890704426659e+85,6.901746346790564e+69,6.901746346790564e+69,1.6213116159204109e-16
-51.3,3.619210500480973e+42,-1.0719568133115252e-18,-5.222697632942579e-19,1.0,2.0997,6.196739996408316e+66,3.92960539403752e+85,6.901746346790564e+69,6.901746346790564e+69,1.7563459061977929e-16
-51.28,3.4772992269313405e+42,-1.0832303704671378e-18,-6.106513822972979e-19,1.0,2.0997,5.835869952460489e+66,3.627482974085189e+85,0.0,0.0,0.0
-51.26,3.340952374008149e+42,-1.0976131148702306e-18,-7.072333916092965e-19,1.0,2.0997,5.496015343837271e+66,3.348588829617206e+85,6.901746346790564e+69,6.901746346790564e+69,2.061091014145065e-16
-51.24,3.209951757657938e+42,-1.111177932786742e-18,-6.899969742822192e-19,1.0,2.0997,5.17595232686077e+66,3.091137085947385e+85,6.901746346790564e+69,6.901746346790564e+69,2.232753240924378e-16
-51.22,3.084087748946165e+42,-1.1273314406167599e-18,-7.732750508718034e-19,1.0,2.0997,4.874528328960329e+66,2.8534791729599465e+85,0.0,0.0,0.0
-51.2,2.9631589386065604e+42,-1.145998242062471e-18,-9.52661479981688e-19,1.0,2.0997,4.590657898166652e+66,2.6340932686331873e+85,0.0,0.0,0.0
-51.18,2.8469718147429727e+42,-1.1662151670767326e-18,-1.0371361629743358e-18,1.0,2.0997,4.323318794311631e+66,2.4315745541822682e+85,0.0,0.0,0.0
-51.16,2.7353404531693554e+42,-1.1864081915902978e-18,-1.0885470842700032e-18,1.0,2.0997,4.0715483078609014e+66,2.24462621842342e+85,3.450873173395282e+69,3.450873173395282e+69,1.537393239494059e-16
-51.14,2.6280862198912673e+42,-1.2084118232771336e-18,-1.084832440709725e-18,1.0,2.0997,3.834439793118459e+66,2.0720511537547113e+85,-3.450873173395282e+69,3.450873173395282e+69,-1.6654382142747982e-16
-51.12,2.525037485253264e+42,-1.2293409717925936e-18,-1.0024932949204076e-18,1.0,2.0997,3.6111394033229774e+66,1.9127442905802383e+85,0.0,0.0,0.0
-51.1,2.4260293492950953e+42,-1.2472246891476433e-18,-8.477480379914931e-19,1.0,2.0997,3.400843015878255e+66,1.7656855210923554e+85,-3.450873173395282e+69,3.450873173395282e+69,-1.954409849416657e-16
-51.08,2.330903377876296e+42,-1.2636037273648655e-18,-8.395068748350771e-19,1.0,2.0997,3.2027933366418275e+66,1.629933167098538e+85,0.0,0.0,0.0
-51.06,2.2395073491480398e+42,-1.2828037952193625e-18,-9.348803743111681e-19,1.0,2.0997,3.0162771728492234e+66,1.504617950066424e+85,-1.725436586697641e+69,1.725436586697641e+69,-1.146760602331953e-16
-51.04,2.151695009965438e+42,-1.3008512079317838e-18,-9.590555184625728e-19,1.0,2.0997,2.8406228648491587e+66,1.3889374247730496e+85,3.450873173395282e+69,3.450873173395282e+69,2.4845418604507317e-16
-51.019999999999996,2.0673258418515326e+42,-1.3220622079025736e-18,-1.0438277756667161e-18,1.0,2.0997,2.6751978674034144e+66,1.2821508409161443e+85,-1.725436586697641e+69,1.725436586697641e+69,-1.345736033261697e-16
-51.0,1.9862648361376542e+42,-1.3431652511169963e-18,-1.1046240715780062e-18,1.0,2.0997,2.5194064718407475e+66,1.1835743997830827e+85,-1.725436586697641e+69,1.725436586697641e+69,-1.457818441336571e-16
-50.980000000000004,1.9083822779206933e+42,-1.3659379389899087e-18,-1.0943358910458963e-18,1.0,2.0997,2.3726876608622337e+66,1.0925768756045321e+85,1.725436586697641e+69,1.725436586697641e+69,1.579235864517947e-16
-50.96,1.8335535384916442e+42,-1.3852516961870153e-18,-9.266947501515587e-19,1.0,2.0997,2.2345130882730185e+66,1.0085755735545688e+85,0.0,0.0,0.0
-50.94,1.7616588759031334e+42,-1.401691103612931e-18,-7.741531770806777e-19,1.0,2.0997,2.1043851763653337e+66,9.310325985144876e+84,-1.725436586697641e+69,1.725436586697641e+69,-1.8532504548720072e-16
-50.92,1.6925832433566972e+42,-1.4162096852921756e-18,-6.977612669956004e-19,1.0,2.0997,1.9818353241013012e+66,8.59451410707563e+84,0.0,0.0,0.0
-50.9,1.6262161051032914e+42,-1.4279183728840045e-18,-6.245402962585189e-19,1.0,2.0997,1.866422219643046e+66,7.933736461491956e+84,1.725436586697641e+69,1.725436586697641e+69,2.1748095554628099e-16
-50.879999999999995,1.562451259562657e+42,-1.4414602694199782e-18,-5.710703816183887e-19,1.0,2.0997,1.7577302511534073e+66,7.3237618155268e+84,0.0,0.0,0.0
-50.86,1.501186669378058e+42,-1.4494929698176758e-18,-4.788651685838788e-19,1.0,2.0997,1.6553680101444091e+66,6.760684248955161e+84,-1.725436586697641e+69,1.725436586697641e+69,-2.552162655672465e-16
-50.84,1.4423242981346998e+42,-1.4586633950273888e-18,-3.8566097237760555e-19,1.0,2.0997,1.5589668819839763e+66,6.240898142969265e+84,-1.725436586697641e+69,1.725436586697641e+69,-2.7647247994929156e-16
-50.82,1.385769953480598e+42,-1.467239240537359e-18,-4.2586403820041435e-19,1.0,2.0997,1.4681797184849265e+66,5.761075091908856e+84,0.0,0.0,0.0
-50.8,1.3314331363987563e+42,-1.475988411336562e-18,-4.890288434830982e-19,1.0,2.0997,1.382679587796768e+66,5.318142590101888e+84,0.0,0.0,0.0
-50.78,1.2792268963893899e+42,-1.4859693853103047e-18,-5.021883102250587e-19,1.0,2.0997,1.3021585970979186e+66,4.909264357338093e+84,-8.627182933488205e+68,8.627182933488205e+68,-1.7573270261139584e-16
-50.76,1.2290676923305214e+42,-1.4977731373454594e-18,-5.405284533412558e-19,1.0,2.0997,1.226326783848638e+66,4.531822176992019e+84,0.0,0.0,0.0
-50.74,1.1808752587944912e+42,-1.5092452874339441e-18,-6.253734003151595e-19,1.0,2.0997,1.1549110716130818e+66,4.183399130498869e+84,0.0,0.0,0.0
-50.72,1.1345724776060066e+42,-1.5210146118582485e-18,-5.995236967090049e-19,1.0,2.0997,1.0876542866889763e+66,3.861764120823097e+84,0.0,0.0,0.0
-50.7,1.0900852544367456e+42,-1.5313526756216022e-18,-4.61960047028956e-19,1.0,2.0997,1.0243142320045793e+66,3.5648575858212725e+84,8.627182933488205e+68,8.627182933488205e+68,2.420063838679455e-16
-50.68,1.0473424002384918e+42,-1.541101885057888e-18,-4.75021724283774e-19,1.0,2.0997,9.64662814947471e+65,3.290778310011975e+84,0.0,0.0,0.0
-50.66,1.0062755173255822e+42,-1.5495668562959884e-18,-4.721367064490779e-19,1.0,2.0997,9.084852259850713e+65,3.0377712503066044e+84,0.0,0.0,0.0
-50.64,9.668188899239677e+41,-1.5590034352833768e-18,-4.521796528427694e-19,1.0,2.0997,8.555791651180338e+65,2.8042162977414397e+84,0.0,0.0,0.0
-50.62,9.289093790119148e+41,-1.5685163571275528e-18,-4.2658509011917727e-19,1.0,2.0997,8.0575411338176125e+65,2.588617903248904e+84,-4.3135914667441024e+68,4.3135914667441024e+68,-1.666368551855502e-16
-50.6,8.924863212841975e+41,-1.5766457649274225e-18,-4.864364539527583e-19,1.0,2.0997,7.588306467725842e+65,2.3895955010381995e+84,-4.3135914667441024e+68,4.3135914667441024e+68,-1.8051555022052857e-16
-50.58,8.57491432077759e+41,-1.587989918506317e-18,-5.56742106187835e-19,1.0,2.0997,7.146397901272149e+65,2.205874668260298e+84,0.0,0.0,0.0
-50.56,8.238687121039191e+41,-1.6006087971093952e-18,-5.816422630003645e-19,1.0,2.0997,6.730224086299003e+65,2.0362789643513108e+84,0.0,0.0,0.0
-50.54,7.915643578374663e+41,-1.6095956062907755e-18,-5.056209477482296e-19,1.0,2.0997,6.338286347550843e+65,1.8797223977959211e+84,0.0,0.0,0.0
-50.519999999999996,7.605266754196234e+41,-1.6202358028005428e-18,-4.891619708747236e-19,1.0,2.0997,5.969173285824617e+65,1.7352024720744753e+84,2.1567957333720512e+68,2.1567957333720512e+68,1.242964880515385e-16
-50.5,7.307059979368068e+41,-1.63068557119493e-18,-5.6613913069493265e-19,1.0,2.0997,5.621555695408165e+65,1.6017937662624738e+84,4.3135914667441024e+68,4.3135914667441024e+68,2.6929755612728894e-16
-50.480000000000004,7.020546059429488e+41,-1.6423794423410883e-18,-5.268431566989306e-19,1.0,2.0997,5.294181777503936e+65,1.478642009177127e+84,4.3135914667441024e+68,4.3135914667441024e+68,2.917265599091588e-16
-50.46,6.745266510982267e+41,-1.6532304506561833e-18,-5.648501081816986e-19,1.0,2.0997,4.985872632401212e+65,1.3649586091253668e+84,0.0,0.0,0.0
-50.44,6.4807808280195605e+41,-1.6651164693547872e-18,-6.161544505061927e-19,1.0,2.0997,4.6955180141637865e+65,1.260015604224777e+84,0.0,0.0,0.0
-50.42,6.226665777022092e+41,-1.6784788131402683e-18,-6.214288406520489e-19,1.0,2.0997,4.422072332545386e+65,1.163141000962144e+84,-2.1567957333720512e+68,2.1567957333720512e+68,-1.8542857070535396e-16
-50.4,5.9825147196939825e+41,-1.6898833925823296e-18,-6.076764860159273e-19,1.0,2.0997,4.1645508877354066e+65,1.0737144711406553e+84,-2.1567957333720512e+68,2.1567957333720512e+68,-2.0087237262256415e-16
-50.379999999999995,5.747936962255264e+41,-1.7018049150087508e-18,-6.228563258524892e-19,1.0,2.0997,3.9220263243759956e+65,9.911633796618083e+83,-2.1567957333720512e+68,2.1567957333720512e+68,-2.1760244351521185e-16
-50.36,5.522557130248187e+41,-1.7145965800889388e-18,-5.985179204702544e-19,1.0,2.0997,3.693625292081096e+65,9.149591177056529e+83,0.0,0.0,0.0
-50.34,5.306014567857862e+41,-1.7256216697221665e-18,-5.024275638821123e-19,1.0,2.0997,3.4785253004318294e+65,8.446137178295957e+83,-2.1567957333720512e+68,2.1567957333720512e+68,-2.553588330194743e-16
-50.32,5.097962760786179e+41,-1.7336790424677131e-18,-3.978331632552389e-19,1.0,2.0997,3.275951757122183e+65,7.796767293108794e+83,0.0,0.0,0.0
-50.3,4.898068781755153e+41,-1.7412407362381672e-18,-3.055448092031436e-19,1.0,2.0997,3.085175178590578e+65,7.197323337241322e+83,1.0783978666860256e+68,1.0783978666860256e+68,1.4983318327607148e-16
-50.28,4.706012757752074e+41,-1.744556064283227e-18,-2.0469094084073756e-19,1.0,2.0997,2.9055085630911324e+65,6.643966822837583e+83,1.0783978666860256e+68,1.0783978666860256e+68,1.6231234975153755e-16
-50.26,4.521487358164264e+41,-1.74773301892605e-18,-1.1948751720800808e-19,1.0,2.0997,2.736304916744555e+65,6.133154379011776e+83,0.0,0.0,0.0
-50.24,4.344197302984997e+41,-1.749887586455255e-18,-5.78451808177174e-20,1.0,2.0997,2.576954923662216e+65,5.661615062178637e+83,-1.0783978666860256e+68,1.0783978666860256e+68,-1.9047530692965356e-16
-50.22,4.173858890301965e+41,-1.7504887696402443e-18,-6.41871023809209e-20,1.0,2.0997,2.426884751750375e+65,5.226329410845825e+83,1.0783978666860256e+68,1.0783978666860256e+68,2.0633943670831465e-16
-50.2,4.0101995423141946e+41,-1.7520627744609552e-18,-8.991423198487093e-20,1.0,2.0997,2.2855539862949765e+65,4.824510110753093e+83,-5.391989333430128e+67,5.391989333430128e+67,-1.1176242166872468e-16
-50.18,3.852957369148934e+41,-1.7551024534123836e-18,-1.5659594360865955e-19,1.0,2.0997,2.152453683884643e+65,4.453584146543723e+83,-1.0783978666860256e+68,1.0783978666860256e+68,-2.4214157209153304e-16
-50.16,3.701880749782392e+41,-1.7587816879305842e-18,-1.7163285492209884e-19,1.0,2.0997,2.027104539665314e+65,4.1111763256828336e+83,-1.0783978666860256e+68,1.0783978666860256e+68,-2.623088335932447e-16
-50.14,3.5567279293922344e+41,-1.759213192371881e-18,-5.474553480008058e-20,1.0,2.0997,1.909055161324468e+65,3.7950940691156314e+83,0.0,0.0,0.0
-50.12,3.4172666324981474e+41,-1.758031551898718e-18,1.7624969033928634e-19,1.0,2.0997,1.797880443591285e+65,3.5033133712755683e+83,0.0,0.0,0.0
-50.1,3.2832736912718695e+41,-1.751579394877381e-18,3.0305055402848245e-19,1.0,2.0997,1.693180037399033e+65,3.2339658395394024e+83,0.0,0.0,0.0
-50.08,3.154534688420658e+41,-1.745311930767252e-18,3.0223290516740087e-19,1.0,2.0997,1.5945769081952574e+65,2.985326730134765e+83,0.0,0.0,0.0
-50.06,3.0308436140742565e+41,-1.741081005672196e-18,2.331448636298153e-19,1.0,2.0997,1.5017159782107165e+65,2.7558039038924104e+83,0.0,0.0,0.0
-50.04,2.912002536124787e+41,-1.7370275711904078e-18,2.064726541115369e-19,1.0,2.0997,1.414262847795626e+65,2.5439276311191573e+83,0.0,0.0,0.0
-50.019999999999996,2.797821283493459e+41,-1.7324809721394376e-18,1.953029366376478e-19,1.0,2.0997,1.331902591219776e+65,2.3483411803106964e+83,-5.391989333430128e+67,5.391989333430128e+67,-2.2960843077822034e-16
-50.0,2.6881171418161353e+41,-1.7292799323444386e-18,1.291486255242183e-19,1.0,2.0997,1.2543386225997417e+65,2.1677921304377246e+83,0.0,0.0,0.0
-49.980000000000004,2.5827145610612914e+41,-1.7284831670602462e-18,2.82033527330095e-20,1.0,2.0997,1.181291627869352e+65,2.0011243511754056e+83,0.0,0.0,0.0
-49.96,2.481444874612601e+41,-1.7258224046408564e-18,1.5578457492809413e-19,1.0,2.0997,1.1124985589473559e+65,1.8472705997223443e+83,2.695994666715064e+67,2.695994666715064e+67,1.4594476126671899e-16
-49.94,2.384146029366433e+41,-1.7219349749433607e-18,2.4234514366799194e-19,1.0,2.0997,1.0477116864802028e+65,1.7052456868031187e+83,0.0,0.0,0.0
-49.92,2.290662326412232e+41,-1.7170446780173186e-18,2.8094551556718357e-19,1.0,2.0997,9.866977077487926e+64,1.5741401680932893e+83,2.695994666715064e+67,2.695994666715064e+67,1.7126776391079865e-16
-49.9,2.2008441718809504e+41,-1.7103414355815376e-18,3.056523957264015e-19,1.0,2.0997,9.292369065266869e+64,1.453114520670704e+83,0.0,0.0,0.0
-49.879999999999995,2.1145478375631445e+41,-1.7039233882987754e-18,3.001602238376557e-19,1.0,2.0997,8.751223618643735e+64,1.341393767202891e+83,2.695994666715064e+67,2.695994666715064e+67,2.0098458279978603e-16
-49.86,2.0316352309130675e+41,-1.7000424542573117e-18,2.0377661147855852e-19,1.0,2.0997,8.241592029503459e+64,1.238262513446158e+83,0.0,0.0,0.0
-49.84,1.951973674071082e+41,-1.6952894990882625e-18,2.0193023773290576e-19,1.0,2.0997,7.76163907365719e+64,1.143060367279968e+83,-1.347997333357532e+67,1.347997333357532e+67,-1.1792879640864752e-16
-49.82,1.875435691550843e+41,-1.6908280255721235e-18,2.232716107718183e-19,1.0,2.0997,7.309636402052026e+64,1.0551777099428368e+83,-1.347997333357532e+67,1.347997333357532e+67,-1.2775074005596255e-16
-49.8,1.8018988062513727e+41,-1.6878854645752897e-18,1.874432533096534e-19,1.0,2.0997,6.883956316848763e+64,9.740517923910367e+82,-1.347997333357532e+67,1.347997333357532e+67,-1.3839072458853127e-16
-49.78,1.7312453434675107e+41,-1.683653031903709e-18,1.913187855975904e-19,1.0,2.0997,6.483065909951586e+64,8.991631317833819e+82,-1.347997333357532e+67,1.347997333357532e+67,-1.4991688223292046e-16
-49.76,1.6633622425852106e+41,-1.6798385847320377e-18,1.9969419571951933e-19,1.0,2.0997,6.105521542881485e+64,8.300321850174302e+82,1.347997333357532e+67,1.347997333357532e+67,1.624030197490745e-16
-49.74,1.5981408761606077e+41,-1.6756507474136731e-18,1.8755247836929112e-19,1.0,2.0997,5.749963648120352e+64,7.662162780166185e+82,0.0,0.0,0.0
-49.72,1.5354768760927431e+41,-1.6730162803417018e-18,1.8916965275750025e-19,1.0,2.0997,5.415111833198434e+64,7.073067711046588e+82,0.0,0.0,0.0
-49.7,1.4752699666125196e+41,-1.6674669373366858e-18,2.648652659398291e-19,1.0,2.0997,5.0997602698988037e+64,6.529264423166714e+82,0.0,0.0,0.0
-49.68,1.4174238038199005e+41,-1.6623434251241605e-18,2.384115310540799e-19,1.0,2.0997,4.802773351972581e+64,6.027270718905828e+82,-6.73998666678766e+66,6.73998666678766e+66,-1.1182485375422487e-16
-49.66,1.3618458215132663e+41,-1.6579044404295356e-18,2.173517444622456e-19,1.0,2.0997,4.5230816057313065e+64,5.5638721247194296e+82,0.0,0.0,0.0
-49.64,1.3084470830636763e+41,-1.652086133251075e-18,2.768843636153373e-19,1.0,2.0997,4.25967783878515e+64,5.1361013075335295e+82,0.0,0.0,0.0
-49.62,1.257142139097235e+41,-1.647322748525259e-18,2.626569272210933e-19,1.0,2.0997,4.011613513062535e+64,4.7412190736819156e+82,0.0,0.0,0.0
-49.6,1.207848890757994e+41,-1.643246153671782e-18,1.3320362986932618e-19,1.0,2.0997,3.777995329049706e+64,4.37669682871595e+82,0.0,0.0,0.0
-49.58,1.1604884583321216e+41,-1.6400524562764082e-18,1.8264525503812039e-19,1.0,2.0997,3.5579820089459583e+64,4.040200385766192e+82,6.73998666678766e+66,6.73998666678766e+66,1.6682307864067673e-16
-49.56,1.114985055023672e+41,-1.6336575034118224e-18,3.069138180123177e-19,1.0,2.0997,3.350781267156131e+64,3.729575018778423e+82,0.0,0.0,0.0
-49.54,1.0712658656794094e+41,-1.6271960891646595e-18,3.5026818786815933e-19,1.0,2.0997,3.1556469572061246e+64,3.442831664909563e+82,0.0,0.0,0.0
-49.519999999999996,1.0292609302691414e+41,-1.6185000301550516e-18,4.381534169044456e-19,1.0,2.0997,2.971876384809773e+64,3.178134187735495e+82,6.73998666678766e+66,6.73998666678766e+66,2.1207369697596307e-16
-49.5,9.889030319346947e+40,-1.6084973252162695e-18,5.277489062563817e-19,1.0,2.0997,2.7988077774104124e+64,2.9337876197088952e+82,3.36999333339383e+66,3.36999333339383e+66,1.1486834666403755e-16
-49.480000000000004,9.501275894285749e+40,-1.5980236354703781e-18,6.041661301837514e-19,1.0,2.0997,2.635817901084879e+64,2.7082273085800635e+82,6.73998666678766e+66,6.73998666678766e+66,2.488707888527077e-16
-49.46,9.128725537702235e+40,-1.5840015089409667e-18,6.493955670079011e-19,1.0,2.0997,2.482319816228209e+64,2.5000088982809085e+82,0.0,0.0,0.0
-49.44,8.770783089544365e+40,-1.5689120077994034e-18,7.857863312225018e-19,1.0,2.0997,2.337760763937092e+64,2.307799080115122e+82,0.0,0.0,0.0
-49.42,8.426875765530079e+40,-1.552512244303134e-18,8.195099249298224e-19,1.0,2.0997,2.201620175480767e+64,2.1303670550303446e+82,0.0,0.0,0.0
-49.4,8.096453240569897e+40,-1.5343285947993717e-18,9.451384892082788e-19,1.0,2.0997,2.0734077976913116e+64,1.966576652302044e+82,-3.36999333339383e+66,3.36999333339383e+66,-1.7136343653063146e-16
-49.379999999999995,7.778986768130113e+40,-1.5143054732421487e-18,1.0327256043698293e-18,1.0,2.0997,1.952661927522698e+64,1.8153790541623016e+82,-3.36999333339383e+66,3.36999333339383e+66,-1.8563579466597395e-16
-49.36,7.473968334125134e+40,-1.4940886753621497e-18,9.550762172117971e-19,1.0,2.0997,1.8389477494211295e+64,1.675806079785157e+82,0.0,0.0,0.0
-49.34,7.180909843986368e+40,-1.4766054109967492e-18,8.728843504085206e-19,1.0,2.0997,1.7318557695194392e+64,1.5469639856238097e+82,0.0,0.0,0.0
-49.32,6.899342341607016e+40,-1.4605452115066773e-18,8.282543927788579e-19,1.0,2.0997,1.6310003410166612e+64,1.4280277424007417e+82,0.0,0.0,0.0
-49.3,6.62881525891244e+40,-1.4429022416018343e-18,8.045362915202225e-19,1.0,2.0997,1.5360182754332594e+64,1.318235752103712e+82,0.0,0.0,0.0
-49.28,6.368895694854897e+40,-1.4268598664762422e-18,7.615251903741006e-19,1.0,2.0997,1.4465675347403236e+64,1.216884971158237e+82,1.684996666696915e+66,1.684996666696915e+66,1.3846803162447858e-16
-49.26,6.119167722679243e+40,-1.4126595272343193e-18,7.5728268125490405e-19,1.0,2.0997,1.3623259996528342e+64,1.1233264085483843e+82,1.684996666696915e+66,1.684996666696915e+66,1.5000062794520672e-16
-49.24,5.879231724352036e+40,-1.3973958478216736e-18,7.50943169835761e-19,1.0,2.0997,1.2829903096527437e+64,1.0369609700588223e+82,1.684996666696915e+66,1.684996666696915e+66,1.6249374039616286e-16
-49.22,5.648703751086703e+40,-1.3824359903984423e-18,7.118346808724961e-19,1.0,2.0997,1.2082747705632242e+64,9.572356220262298e+81,-1.684996666696915e+66,1.684996666696915e+66,-1.7602736754929743e-16
-49.2,5.427214908944261e+40,-1.36629578350163e-18,8.3442524355046965e-19,1.0,2.0997,1.1379103257411198e+64,8.83639850036006e+81,-1.684996666696915e+66,1.684996666696915e+66,-1.906881708230175e-16
-49.18,5.214410768523651e+40,-1.3486935267921416e-18,9.21014697940551e-19,1.0,2.0997,1.0716435871822532e+64,8.157023898868625e+81,0.0,0.0,0.0
-49.16,5.009950797799642e+40,-1.3308844327616861e-18,8.524897451897096e-19,1.0,2.0997,1.0092359230512437e+64,7.5298820989119804e+81,8.424983333484575e+65,8.424983333484575e+65,1.1188732071517998e-16
-49.14,4.813507817198691e+40,-1.3165591164832205e-18,7.114246430789193e-19,1.0,2.0997,9.504625983488481e+63,6.9509572518698705e+81,8.424983333484575e+65,8.424983333484575e+65,1.2120608756755303e-16
-49.12,4.624767476041624e+40,-1.3040766563165516e-18,5.506983625832274e-19,1.0,2.0997,8.951119656232486e+63,6.4165422622357256e+81,-8.424983333484575e+65,8.424983333484575e+65,-1.3130098718541043e-16
-49.1,4.443427749515972e+40,-1.2904752532823261e-18,6.585699058735236e-19,1.0,2.0997,8.429847028108807e+63,5.9232150495505746e+81,-8.424983333484575e+65,8.424983333484575e+65,-1.4223666139090836e-16
-49.08,4.269198455371295e+40,-1.2773785016232084e-18,6.931638922061688e-19,1.0,2.0997,7.938930954613438e+63,5.467816635403395e+81,0.0,0.0,0.0
-49.06,4.1018007895661837e+40,-1.2651427587472278e-18,5.592811442923812e-19,1.0,2.0997,7.476603607629062e+63,5.04743091518573e+81,0.0,0.0,0.0
-49.04,3.9409668801218255e+40,-1.2559163203307335e-18,4.65823676672096e-19,1.0,2.0997,7.04120010933308e+63,4.659365985065146e+81,0.0,0.0,0.0
-49.019999999999996,3.786439358470106e+40,-1.2460962460472385e-18,5.334875740575976e-19,1.0,2.0997,6.631152536839413e+63,4.3011369046114524e+81,8.424983333484575e+65,8.424983333484575e+65,1.958780555078763e-16
-49.0,3.637970947608804e+40,-1.2327659674779987e-18,6.162786037852715e-19,1.0,2.0997,6.244984275982564e+63,3.970449784693711e+81,-8.424983333484575e+65,8.424983333484575e+65,-2.1219216437299677e-16
-48.980000000000004,3.495324066405537e+40,-1.2242132352170995e-18,4.524821309012094e-19,1.0,2.0997,5.8813047039116724e+63,3.6651870987581214e+81,0.0,0.0,0.0
-48.96,3.3582704494173723e+40,-1.2159735792746807e-18,3.3459901572549864e-19,1.0,2.0997,5.5388041813462115e+63,3.3833941234289882e+81,0.0,0.0,0.0
-48.94,3.2265907816175174e+40,-1.206845359113377e-18,4.584517694936933e-19,1.0,2.0997,5.2162493364599895e+63,3.1232664216057428e+81,-4.2124916667422875e+65,4.2124916667422875e+65,-1.3487455433201722e-16
-48.92,3.1000743474443754e+40,-1.1980077660801488e-18,4.731617239649955e-19,1.0,2.0997,4.912478623410378e+63,2.883138287904801e+81,0.0,0.0,0.0
-48.9,2.9785186936115673e+40,-1.1877804335521527e-18,4.876953425642316e-19,1.0,2.0997,4.626398139518656e+63,2.661472082458067e+81,0.0,0.0,0.0
-48.879999999999995,2.8617293051397507e+40,-1.1767346624354922e-18,5.838188683073856e-19,1.0,2.0997,4.356977686038813e+63,2.4568483847686916e+81,4.2124916667422875e+65,4.2124916667422875e+65,1.7145916259455652e-16
-48.86,2.74951929409101e+40,-1.1627545798238995e-18,6.968879907490123e-19,1.0,2.0997,4.1032470583293124e+63,2.267956904573618e+81,0.0,0.0,0.0
-48.84,2.641709100508214e+40,-1.1507911286916926e-18,6.45718365784195e-19,1.0,2.0997,3.864292552068547e+63,2.0935880915123756e+81,0.0,0.0,0.0
-48.82,2.53812620508086e+40,-1.1374894377520977e-18,6.359634885038189e-19,1.0,2.0997,3.639253672931913e+63,1.9326253898754497e+81,4.2124916667422875e+65,4.2124916667422875e+65,2.1796731476314536e-16
-48.8,2.4386048530774385e+40,-1.1229038083872392e-18,7.658105444918557e-19,1.0,2.0997,3.4273200378833814e+63,1.7840380888358502e+81,2.1062458333711437e+65,2.1062458333711437e+65,1.180605866293777e-16
-48.78,2.342985789102424e+40,-1.1068364259095514e-18,7.743857787229527e-19,1.0,2.0997,3.227728456921277e+63,1.6468747223807727e+81,-2.1062458333711437e+65,2.1062458333711437e+65,-1.2789350669772198e-16
-48.76,2.2511160022535675e+40,-1.091388247281477e-18,7.729099035816957e-19,1.0,2.0997,3.0397601847690664e+63,1.5202569766806249e+81,0.0,0.0,0.0
-48.74,2.162848481272042e+40,-1.0761056039547585e-18,8.120510652406934e-19,1.0,2.0997,2.862738332617003e+63,1.4033740658822338e+81,0.0,0.0,0.0
-48.72,2.0780419792928063e+40,-1.0576186046266385e-18,9.47606230175139e-19,1.0,2.0997,2.6960254305907954e+63,1.2954775403109493e+81,-2.1062458333711437e+65,2.1062458333711437e+65,-1.6258451172110544e-16
-48.7,1.996560787819735e+40,-1.0372731658132792e-18,9.658756143444559e-19,1.0,2.0997,2.53902113217168e+63,1.1958764938378084e+81,0.0,0.0,0.0
-48.68,1.918274519562832e+40,-1.017656329334881e-18,9.532916654087743e-19,1.0,2.0997,2.3911600523001398e+63,1.103933139721204e+81,0.0,0.0,0.0
-48.66,1.8430578997909537e+40,-9.997354566148213e-19,9.05837193639468e-19,1.0,2.0997,2.251909731379724e+63,1.0190587265945525e+81,-2.1062458333711437e+65,2.1062458333711437e+65,-2.0668542238087761e-16
-48.64,1.7707905658654236e+40,-9.817036181167962e-19,9.3701379612902e-19,1.0,2.0997,2.120768717846712e+63,9.40709768447396e+80,2.1062458333711437e+65,2.1062458333711437e+65,2.238996451421375e-16
-48.62,1.7013568746340546e+40,-9.61642265772764e-19,9.67058959663488e-19,1.0,2.0997,1.9972647624029126e+63,8.683845644593674e+80,1.0531229166855719e+65,1.0531229166855719e+65,1.2127379501974652e-16
-48.6,1.6346457173776158e+40,-9.42861946462901e-19,9.116710433558655e-19,1.0,2.0997,1.8809531174086837e+63,8.016199864022941e+80,0.0,0.0,0.0
-48.58,1.5705503420119767e+40,-9.249890520163422e-19,8.4616982174612675e-19,1.0,2.0997,1.771414935310223e+63,7.39988513038181e+80,0.0,0.0,0.0
-48.56,1.5089681822621885e+40,-9.102073489287848e-19,7.543320993012075e-19,1.0,2.0997,1.668255760336601e+63,6.83095492523896e+80,-1.0531229166855719e+65,1.0531229166855719e+65,-1.5416920887510197e-16
-48.54,1.4498006935343795e+40,-8.929867938059496e-19,8.2593460020108135e-19,1.0,2.0997,1.5711041080326314e+63,6.305766152918304e+80,-1.0531229166855719e+65,1.0531229166855719e+65,-1.6700951020807953e-16
-48.519999999999996,1.3929531952235371e+40,-8.754295458062028e-19,9.0390693194344e-19,1.0,2.0997,1.479610127513645e+63,5.820955812250384e+80,0.0,0.0,0.0
-48.5,1.3383347192042693e+40,-8.574309472967862e-19,9.30133534071738e-19,1.0,2.0997,1.3934443416244154e+63,5.373419461882712e+80,0.0,0.0,0.0
-48.480000000000004,1.285857864262362e+40,-8.38960147165187e-19,9.694954895964554e-19,1.0,2.0997,1.3122964604655251e+63,4.96029134125609e+80,0.0,0.0,0.0
-48.46,1.2354386562342315e+40,-8.166196505386371e-19,1.0344049456496859e-18,1.0,2.0997,1.235874264014573e+63,4.5789260199535307e+80,0.0,0.0,0.0
-48.44,1.1869964136303796e+40,-7.946436296383417e-19,1.1615156752917014e-18,1.0,2.0997,1.1639025498184582e+63,4.22688145791415e+80,-5.2656145834278593e+64,5.2656145834278593e+64,-1.2457445603469314e-16
-48.42,1.1404536185277606e+40,-7.723913082492685e-19,1.1051739054434363e-18,1.0,2.0997,1.0961221419672956e+63,3.9019033680391887e+80,5.2656145834278593e+64,5.2656145834278593e+64,1.3494989718502362e-16
-48.4,1.0957357925245177e+40,-7.514134936415493e-19,9.895921251899711e-19,1.0,2.0997,1.0322889577811956e+63,3.601910781057999e+80,0.0,0.0,0.0
-48.379999999999995,1.0527713775587512e+40,-7.327625366985497e-19,9.599358249911159e-19,1.0,2.0997,9.721731288489756e+62,3.324982720220852e+80,0.0,0.0,0.0
-48.36,1.0114916214002994e+40,-7.158785694554125e-19,8.073620862706956e-19,1.0,2.0997,9.155581732535932e+62,3.06934590048902e+80,-5.2656145834278593e+64,5.2656145834278593e+64,-1.7155494213242375e-16
-48.34,9.718304676324754e+39,-7.005913210716011e-19,7.181502051829947e-19,1.0,2.0997,8.622402160034395e+62,2.8333633734562676e+80,-5.2656145834278593e+64,5.2656145834278593e+64,-1.858432502077776e-16
-48.32,9.337244499477401e+39,-6.8695481334336125e-19,7.099151731549109e-19,1.0,2.0997,8.120272548620592e+62,2.61552404529063e+80,0.0,0.0,0.0
-48.3,8.971125905880952e+39,-6.739085337321033e-19,6.807235545671368e-19,1.0,2.0997,7.647384689328415e+62,2.41443300057505e+80,0.0,0.0,0.0
-48.28,8.619363027676306e+39,-6.580729975906464e-19,7.580159664617185e-19,1.0,2.0997,7.202035675084888e+62,2.2288025700861975e+80,0.0,0.0,0.0
-48.26,8.281392969211337e+39,-6.413974353867085e-19,8.450973838243748e-19,1.0,2.0997,6.782621768403424e+62,2.0574440853150887e+80,-2.6328072917139297e+64,2.6328072917139297e+64,-1.279649498377851e-16
-48.24,7.956674906288615e+39,-6.237952260581904e-19,8.298840297112004e-19,1.0,2.0997,6.387632626198809e+62,1.8992602669308887e+80,-2.6328072917139297e+64,2.6328072917139297e+64,-1.3862277527494518e-16
-48.22,7.644689220730355e+39,-6.090588797491858e-19,7.935654380501311e-19,1.0,2.0997,6.015645860919637e+62,1.7532381984465266e+80,0.0,0.0,0.0
-48.2,7.344936668879388e+39,-5.946291523565495e-19,6.7691666225199075e-19,1.0,2.0997,5.665321918417145e+62,1.6184428400954712e+80,0.0,0.0,0.0
-48.18,7.056937582701916e+39,-5.8252824012158875e-19,5.716539009811646e-19,1.0,2.0997,5.33539925410258e+62,1.4940110413845228e+80,0.0,0.0,0.0
-48.16,6.780231102217082e+39,-5.686375675599304e-19,7.13754718494625e-19,1.0,2.0997,5.024689790025654e+62,1.3791460139841564e+80,-2.6328072917139297e+64,2.6328072917139297e+64,-1.9090127260043513e-16
-48.14,6.514374438022342e+39,-5.521807328826107e-19,8.670245028808553e-19,1.0,2.0997,4.73207463650917e+62,1.2731122295627668e+80,2.6328072917139297e+64,2.6328072917139297e+64,2.0680087981073996e-16
-48.12,6.258942162735677e+39,-5.338847321880892e-19,9.533552105701275e-19,1.0,2.0997,4.456500062937776e+62,1.1752307098941104e+80,1.3164036458569648e+64,1.3164036458569648e+64,1.1201235934139042e-16
-48.1,6.013525530221687e+39,-5.118018167810976e-19,1.0549186070550938e-18,1.0,2.0997,4.196973703190879e+62,1.0848746790788407e+80,0.0,0.0,0.0
-48.08,5.777731821509835e+39,-4.92467760434536e-19,9.49071680622014e-19,1.0,2.0997,3.9525609820509065e+62,1.001465550038621e+80,0.0,0.0,0.0
-48.06,5.55118371636101e+39,-4.764444242463974e-19,8.20667319174728e-19,1.0,2.0997,3.722381749724463e+62,9.244692195837491e+79,-1.3164036458569648e+64,1.3164036458569648e+64,-1.423956166382357e-16
-48.04,5.3335186894739713e+39,-4.603928719138884e-19,7.392364988899276e-19,1.0,2.0997,3.505607112351771e+62,8.533926483290444e+79,1.3164036458569648e+64,1.3164036458569648e+64,1.5425532999780378e-16
-48.019999999999996,5.124388430368098e+39,-4.449410325286872e-19,7.7267063231709515e-19,1.0,2.0997,3.3014564470935826e+62,7.877807035587127e+79,-1.3164036458569648e+64,1.3164036458569648e+64,-1.6710280410655606e-16
-48.0,4.923458286012058e+39,-4.2908901319261306e-19,7.816551908313719e-19,1.0,2.0997,3.109194591045792e+62,7.272132448230238e+79,0.0,0.0,0.0
-47.980000000000004,4.7304067253074213e+39,-4.134041903485672e-19,7.670223609044998e-19,1.0,2.0997,2.9281291938589023e+62,6.713024336050105e+79,0.0,0.0,0.0
-47.96,4.5449248245704673e+39,-3.9882096960395577e-19,7.722696972162255e-19,1.0,2.0997,2.757608224528945e+62,6.196902498299067e+79,1.3164036458569648e+64,1.3164036458569648e+64,2.124292977367794e-16
-47.94,4.3667157731885027e+39,-3.8252881262670725e-19,7.897344311450937e-19,1.0,2.0997,2.5970176233815843e+62,5.720461993143979e+79,0.0,0.0,0.0
-47.92,4.195494398659418e+39,-3.6757254203273094e-19,7.305264898569636e-19,1.0,2.0997,2.4457790907940262e+62,5.2806519747547654e+79,6.582018229284824e+63,6.582018229284824e+63,1.246440451056329e-16
-47.9,4.030986710254671e+39,-3.5349522469191374e-19,6.768426514359196e-19,1.0,2.0997,2.303348004691739e+62,4.874656157474932e+79,0.0,0.0,0.0
-47.879999999999995,3.8729294605760293e+39,-3.3996681667546836e-19,6.633271409105212e-19,1.0,2.0997,2.16921145932072e+62,4.49987478197932e+79,0.0,0.0,0.0
-47.86,3.721069724303382e+39,-3.263682650814826e-19,7.175981947973132e-19,1.0,2.0997,2.042886418232781e+62,4.153907967938175e+79,0.0,0.0,0.0
-47.84,3.5751644934601654e+39,-3.130074039709126e-19,6.137647743803188e-19,1.0,2.0997,1.9239179748326416e+62,3.8345403465894836e+79,6.582018229284824e+63,6.582018229284824e+63,1.7165077517410922e-16
-47.82,3.4349802885488706e+39,-3.0078336861923703e-19,5.858328275651234e-19,1.0,2.0997,1.811877714222611e+62,3.539726874815784e+79,6.582018229284824e+63,6.582018229284824e+63,1.8594706490249665e-16
-47.8,3.300292784934134e+39,-2.8848314791830167e-19,6.185592982322684e-19,1.0,2.0997,1.7063621704464998e+62,3.26757973988649e+79,0.0,0.0,0.0
-47.78,3.1708864538753503e+39,-2.7806489766301243e-19,5.069572539084195e-19,1.0,2.0997,1.606991373576396e+62,3.016356271011059e+79,-6.582018229284824e+63,6.582018229284824e+63,-2.182109020920988e-16
-47.76,3.046554217634578e+39,-2.690263416368331e-19,4.2838151575966407e-19,1.0,2.0997,1.5134074814100823e+62,2.7844477802961107e+79,-3.291009114642412e+63,3.291009114642412e+63,-1.181925241310301e-16
-47.74,2.9270971181082945e+39,-2.618144609122217e-19,3.4767212071492775e-19,1.0,2.0997,1.4252734908530756e+62,2.5703692616513648e+79,3.291009114642412e+63,3.291009114642412e+63,1.2803643288700329e-16
-47.72,2.812323998451632e+39,-2.571195454537502e-19,2.2655329972653945e-19,1.0,2.0997,1.3422720243432374e+62,2.3727498816800926e+79,-3.291009114642412e+63,3.291009114642412e+63,-1.387002119377252e-16
-47.7,2.7020511971869844e+39,-2.5385796300187215e-19,6.988792459739554e-20,1.0,2.0997,1.2641041869488276e+62,2.1903242016658844e+79,3.291009114642412e+63,3.291009114642412e+63,1.5025214587591117e-16
-47.68,2.5961022543061298e+39,-2.535762142476157e-19,5.806168625529724e-20,1.0,2.0997,1.190488490023722e+62,2.0219240744440106e+79,3.291009114642412e+63,3.291009114642412e+63,1.6276620651778798e-16
-47.66,2.4943076288968528e+39,-2.5020175143418845e-19,1.5092402260782463e-19,1.0,2.0997,1.1211598375446044e+62,1.866471164271912e+79,0.0,0.0,0.0
-47.64,2.3965044278411874e+39,-2.4665001613885854e-19,2.083884433857647e-19,1.0,2.0997,1.055868571478614e+62,1.7229700417987252e+79,0.0,0.0,0.0
-47.62,2.3025361451515794e+39,-2.410538507336541e-19,2.4419557753053658e-19,1.0,2.0997,9.943795727447934e+61,1.5905018099188485e+79,0.0,0.0,0.0
-47.6,2.2122524115281557e+39,-2.3587840434718317e-19,2.8851306387392903e-19,1.0,2.0997,9.364714145317294e+61,1.468218219693642e+79,0.0,0.0,0.0
-47.58,2.125508753735498e+39,-2.3021704038608323e-19,3.1382154805314115e-19,1.0,2.0997,8.819355649214537e+61,1.3553362386618689e+79,0.0,0.0,0.0
-47.56,2.042166363414899e+39,-2.232646177915279e-19,3.1415452201000267e-19,1.0,2.0997,8.305756359496118e+61,1.2511330367589699e+79,1.645504557321206e+63,1.645504557321206e+63,1.3152114994771827e-16
-47.54,1.9620918749611278e+39,-2.181887812131447e-19,3.1221502830208717e-19,1.0,2.0997,7.822066763965252e+61,1.1549413577365422e+79,1.645504557321206e+63,1.645504557321206e+63,1.4247516086410404e-16
-47.519999999999996,1.8851571521092203e+39,-2.0979777638545175e-19,3.343256340498363e-19,1.0,2.0997,7.366545057630573e+61,1.0661452464445639e+79,-1.645504557321206e+63,1.645504557321206e+63,-1.5434149922899524e-16
-47.5,1.8112390828890232e+39,-2.041735440304869e-19,3.321419951108478e-19,1.0,2.0997,6.937550870326793e+61,9.84176104615401e+78,-1.645504557321206e+63,1.645504557321206e+63,-1.6719615012033246e-16
-47.480000000000004,1.7402193826197265e+39,-1.9636599244204385e-19,3.701959214292864e-19,1.0,2.0997,6.533539359610297e+61,9.085090498936147e+78,0.0,0.0,0.0
-47.46,1.671984404629199e+39,-1.8939938394871761e-19,3.4736040407464345e-19,1.0,2.0997,6.153055647657707e+61,8.38659554796977e+78,0.0,0.0,0.0
-47.44,1.606424958395109e+39,-1.8427823942324205e-19,1.8530765335439315e-19,1.0,2.0997,5.794729582134275e+61,7.741803440864184e+78,-1.645504557321206e+63,1.645504557321206e+63,-2.1254796377748457e-16
-47.42,1.543436134816743e+39,-1.8240558588985083e-19,1.3893860942617217e-19,1.0,2.0997,5.457270802165522e+61,7.1465853067741435e+78,0.0,0.0,0.0
-47.4,1.4829171383379988e+39,-1.791240592169008e-19,1.1941096922764055e-19,1.0,2.0997,5.1394640916443393e+61,6.59712971752968e+78,-1.645504557321206e+63,1.645504557321206e+63,-2.4942734610005083e-16
-47.379999999999995,1.424771125653125e+39,-1.7748432063179372e-19,1.0756193747828463e-19,1.0,2.0997,4.840165003140415e+61,6.0899182814846204e+78,-8.22752278660603e+62,8.22752278660603e+62,-1.3510070917733723e-16
-47.36,1.3689050507367013e+39,-1.7623897712338692e-19,4.62756413281065e-20,1.0,2.0997,4.5582957366533265e+61,5.621703113797353e+78,-8.22752278660603e+62,8.22752278660603e+62,-1.4635285108552266e-16
-47.34,1.3152295159501083e+39,-1.7377142507628512e-19,8.359586932608728e-20,1.0,2.0997,4.292841258368502e+61,5.189486038879068e+78,0.0,0.0,0.0
-47.32,1.263658628986278e+39,-1.7197818270461527e-19,9.800034031011645e-20,1.0,2.0997,4.0428456454386216e+61,4.79049939183444e+78,0.0,0.0,0.0
-47.3,1.2141098654237122e+39,-1.6928996912534241e-19,1.6521490843319385e-19,1.0,2.0997,3.8074086436294975e+61,4.422188295957554e+78,-8.22752278660603e+62,8.22752278660603e+62,-1.8605093758958745e-16
-47.28,1.1665039366697604e+39,-1.6697568416676522e-19,1.3082751027170307e-19,1.0,2.0997,3.585682425432465e+61,4.082194302798145e+78,8.22752278660603e+62,8.22752278660603e+62,2.0154657461959768e-16
-47.26,1.1207646630819092e+39,-1.6665484681079335e-19,-4.777290811992638e-20,1.0,2.0997,3.376868536968635e+61,3.768340290039317e+78,0.0,0.0,0.0
-47.24,1.0768188520642187e+39,-1.68107104963973e-19,-1.1858826488214052e-19,1.0,2.0997,3.1802150226935836e+61,3.4786165204827046e+78,0.0,0.0,0.0
-47.22,1.0345961809434226e+39,-1.7169447416108292e-19,-1.1789352066867768e-19,1.0,2.0997,2.9950137175446367e+61,3.211167772868146e+78,0.0,0.0,0.0
-47.2,9.940290844377744e+38,-1.7067332001275445e-19,2.1712587793412736e-21,1.0,2.0997,2.820597696781926e+61,2.9642814621246e+78,0.0,0.0,0.0
-47.18,9.550526465380607e+38,-1.7172296531986983e-19,-4.832169996113167e-20,1.0,2.0997,2.656338874338555e+61,2.7363766729780618e+78,0.0,0.0,0.0
-47.16,9.176044966282395e+38,-1.737722668313327e-19,-6.673252298328712e-20,1.0,2.0997,2.5016457410331516e+61,2.5259940366970944e+78,-4.113761393303015e+62,4.113761393303015e+62,-1.6285713004619885e-16
-47.14,8.816247096791032e+38,-1.7507476012832295e-19,-9.062493861718873e-20,1.0,2.0997,2.3559612344971696e+61,2.3317863861502887e+78,0.0,0.0,0.0
-47.12,8.4705571035541e+38,-1.775974547511054e-19,-1.3072969965008124e-19,1.0,2.0997,2.21876073314873e+61,2.1525101293371244e+78,0.0,0.0,0.0
-47.1,8.138421808831535e+38,-1.7725468464702364e-19,-1.0957194481644185e-20,1.0,2.0997,2.0895501669889138e+61,1.9870172861539427e+78,0.0,0.0,0.0
-47.08,7.819309725292238e+38,-1.7544810863687137e-19,1.6806903653448403e-19,1.0,2.0997,1.9678642384151992e+61,1.8342481374014931e+78,0.0,0.0,0.0
-47.06,7.512710205521895e+38,-1.7151495128972823e-19,2.54369176666233e-19,1.0,2.0997,1.8532647466482084e+61,1.6932244389645854e+78,0.0,0.0,0.0
-47.04,7.218132624877272e+38,-1.6565580040914539e-19,2.9872465372308925e-19,1.0,2.0997,1.7453390097352768e+61,1.5630431577095295e+78,2.0568806966515076e+62,2.0568806966515076e+62,1.315946195411292e-16
-47.019999999999996,6.935105596382877e+38,-1.5908308112802667e-19,2.89122836323781e-19,1.0,2.0997,1.6436983784497338e+61,1.4428706889894331e+78,-2.0568806966515076e+62,2.0568806966515076e+62,-1.4255474952451343e-16
-47.0,6.663176216410896e+38,-1.5271524696174313e-19,3.6318406885988526e-19,1.0,2.0997,1.5479768367338962e+61,1.3319375187283146e+78,0.0,0.0,0.0
-46.980000000000004,6.401909339938575e+38,-1.4664546449115679e-19,2.6886025993681246e-19,1.0,2.0997,1.4578296836459152e+61,1.2295332959037827e+78,2.0568806966515076e+62,2.0568806966515076e+62,1.6728954827852573e-16
-46.96,6.150886884223564e+38,-1.4135539489621548e-19,2.329999955276243e-19,1.0,2.0997,1.3729322920640648e+61,1.135002283875404e+78,-2.0568806966515076e+62,2.0568806966515076e+62,-1.8122260420731486e-16
-46.94,5.909707159782502e+38,-1.3780443109763703e-19,1.6561083631082811e-19,1.0,2.0997,1.2929789396784647e+61,1.047739161431537e+78,0.0,0.0,0.0
-46.92,5.6779842276019446e+38,-1.3482054998274491e-19,1.02822237911162e-19,1.0,2.0997,1.2176817080605429e+61,9.671851466668934e+77,2.0568806966515076e+62,2.0568806966515076e+62,2.126666961067294e-16
-46.9,5.455347281553375e+38,-1.3386634991107455e-19,6.26128415461425e-20,1.0,2.0997,1.146769445845706e+61,8.928244188705538e+77,2.0568806966515076e+62,2.0568806966515076e+62,2.303790816175833e-16
-46.879999999999995,5.241440055024785e+38,-1.3385755359867192e-19,3.296345331088088e-20,1.0,2.0997,1.0799867922955461e+61,8.241808155125467e+77,0.0,0.0,0.0
-46.86,5.035920250817826e+38,-1.3134004554813006e-19,8.563425334561495e-20,1.0,2.0997,1.0170932577233616e+61,7.608147831779122e+77,2.0568806966515076e+62,2.0568806966515076e+62,2.7035235672734256e-16
-46.84,4.838458993399124e+38,-1.2959539498686555e-19,1.9161248392656931e-19,1.0,2.0997,9.578623574715507e+60,7.023205629241459e+77,0.0,0.0,0.0
-46.82,4.6487403026294295e+38,-1.2592548340106957e-19,1.3887358427043107e-19,1.0,2.0997,9.020807963221018e+60,6.483235920387348e+77,0.0,0.0,0.0
-46.8,4.466460588128103e+38,-1.2308259427873987e-19,1.1725758818355668e-19,1.0,2.0997,8.495477004035658e+60,5.984781055590492e+77,1.0284403483257538e+62,1.0284403483257538e+62,1.7184260188851336e-16
-46.78,4.2913281634635895e+38,-1.2051283905441015e-19,1.4182496304423646e-19,1.0,2.0997,8.000738938281562e+60,5.524649221960736e+77,-1.0284403483257538e+62,1.0284403483257538e+62,-1.8615486830144e-16
-46.76,4.123062779392726e+38,-1.145555131226199e-19,3.004548305742963e-19,1.0,2.0997,7.534812174540055e+60,5.099894004844101e+77,-1.0284403483257538e+62,1.0284403483257538e+62,-2.0165916141568752e-16
-46.74,3.961395175402587e+38,-1.0582839205135552e-19,5.389014113262057e-19,1.0,2.0997,7.096018873200617e+60,4.70779552071087e+77,-1.0284403483257538e+62,1.0284403483257538e+62,-2.1845476163978782e-16
-46.72,3.806066648835747e+38,-9.345137019792656e-20,6.358516409883593e-19,1.0,2.0997,6.68277890442479e+60,4.3458430006139326e+77,-5.142201741628769e+61,5.142201741628769e+61,-1.1832460907820038e-16
-46.7,3.656828640911289e+38,-8.30822441998889e-20,4.19456741274088e-19,1.0,2.0997,6.293604157972433e+60,4.0117187126967317e+77,-5.142201741628769e+61,5.142201741628769e+61,-1.2817951880210743e-16
-46.68,3.513442338977288e+38,-7.873840400975926e-20,2.2544045347960996e-19,1.0,2.0997,5.9270931843966154e+60,3.7032831207954587e+77,1.0284403483257538e+62,1.0284403483257538e+62,2.777104301182477e-16
-46.66,3.375678294359994e+38,-7.470194083761912e-20,2.206577942899786e-19,1.0,2.0997,5.581926148313646e+60,3.418561184103959e+77,0.0,0.0,0.0
-46.64,3.2433160551968353e+38,-7.06218377614574e-20,1.5879248726504702e-19,1.0,2.0997,5.2568600755684594e+60,3.1557297101692685e+77,-5.142201741628769e+61,5.142201741628769e+61,-1.6294810436578705e-16
-46.62,3.1161438136662736e+38,-6.947585365205375e-20,5.456383120915308e-20,1.0,2.0997,4.950724377185236e+60,2.913105680235176e+77,0.0,0.0,0.0
-46.6,2.993958067050424e+38,-6.963636576571158e-20,-3.5412173115953393e-20,1.0,2.0997,4.662416633984147e+60,2.6891354721768933e+77,0.0,0.0,0.0
-46.58,2.8765632920869326e+38,-7.047024865682784e-20,-1.9799159820197905e-20,1.0,2.0997,4.3908986266795124e+60,2.4823849120146036e+77,0.0,0.0,0.0
-46.56,2.7637716320903864e+38,-6.980839974556192e-20,6.429160704390685e-20,1.0,2.0997,4.1351925971705396e+60,2.2915300903042676e+77,0.0,0.0,0.0
-46.54,2.655402596341207e+38,-6.647434537141287e-20,1.6071015966208321e-19,1.0,2.0997,3.894377727555343e+60,2.1153488845966868e+77,2.5711008708143844e+61,2.5711008708143844e+61,1.2154500326335487e-16
-46.519999999999996,2.551282771262275e+38,-6.369189300655358e-20,8.496352194452668e-20,1.0,2.0997,3.6675868241920354e+60,1.9527131336819144e+77,0.0,0.0,0.0
-46.5,2.4512455429200856e+38,-6.520415754834039e-20,-1.3908400136134548e-20,1.0,2.0997,3.4540031948649405e+60,1.8025814135056757e+77,0.0,0.0,0.0
-46.480000000000004,2.35513083040684e+38,-6.480706281371235e-20,-5.692948444874747e-20,1.0,2.0997,3.2528577078104785e+60,1.6639923684998434e+77,2.5711008708143844e+61,2.5711008708143844e+61,1.5451398212434926e-16
-46.46,2.262784829676919e+38,-6.649558287859627e-20,-7.429877482719389e-20,1.0,2.0997,3.0634260220120565e+60,1.5360585556248006e+77,2.5711008708143844e+61,2.5711008708143844e+61,1.6738299861026939e-16
-46.44,2.174059767427658e+38,-6.900350958219627e-20,-1.3382683593400542e-19,1.0,2.0997,2.8850259787900284e+60,1.4179607617042811e+77,-2.5711008708143844e+61,2.5711008708143844e+61,-1.8132383774316268e-16
-46.42,2.088813664630467e+38,-7.258569011386355e-20,-2.497424459091889e-19,1.0,2.0997,2.7170151452936254e+60,1.308942757664088e+77,0.0,0.0,0.0
-46.4,2.0069101093340023e+38,-7.888219140480234e-20,-3.5349489654744537e-19,1.0,2.0997,2.558788501048785e+60,1.2083064560841053e+77,-2.5711008708143844e+61,2.5711008708143844e+61,-2.127854947615558e-16
-46.379999999999995,1.928218038376132e+38,-8.717043750382946e-20,-4.0989334920224586e-19,1.0,2.0997,2.409776259230942e+60,1.1154074410557295e+77,1.2855504354071922e+61,1.2855504354071922e+61,1.1525388733200693e-16
-46.36,1.8526115276548113e+38,-9.649552586909653e-20,-3.9818410443675515e-19,1.0,2.0997,2.269441814817019e+60,1.0296508417198481e+77,0.0,0.0,0.0
-46.34,1.779969590622609e+38,-1.0449909822679342e-19,-3.877521996626057e-19,1.0,2.0997,2.1372798122277968e+60,9.504875230623656e+76,-1.2855504354071922e+61,1.2855504354071922e+61,-1.3525168970817113e-16
-46.32,1.710175984682476e+38,-1.134664114849904e-19,-5.002498890075087e-19,1.0,2.0997,2.012814325501737e+60,8.774105695754031e+76,-2.5711008708143844e+61,2.5711008708143844e+61,-2.930328126840998e-16
-46.3,1.6431190251748383e+38,-1.2239745932029067e-19,-4.443427705076317e-19,1.0,2.0997,1.8955971444477792e+60,8.099520392674531e+76,1.2855504354071922e+61,1.2855504354071922e+61,1.5871932819255392e-16
-46.28,1.5786914066582574e+38,-1.293743671678834e-19,-3.163106227929316e-19,1.0,2.0997,1.7852061606045435e+60,7.476799672369882e+76,1.2855504354071922e+61,1.2855504354071922e+61,1.7193859562104837e-16
-46.26,1.5167900311977698e+38,-1.3484385885849432e-19,-2.5366269584928756e-19,1.0,2.0997,1.681243847193461e+60,6.901955996222795e+76,-1.2855504354071922e+61,1.2855504354071922e+61,-1.862588570704783e-16
-46.24,1.4573158433863517e+38,-1.3789626554638532e-19,-1.2894786704806938e-19,1.0,2.0997,1.5833358275935342e+60,6.371308402154621e+76,0.0,0.0,0.0
-46.22,1.4001736718349591e+38,-1.384630441818886e-19,-4.4308048770825986e-21,1.0,2.0997,1.4911295271808518e+60,5.881458933899375e+76,0.0,0.0,0.0
-46.2,1.34527207687817e+38,-1.39178182786966e-19,-8.828149529862082e-21,1.0,2.0997,1.404292903679213e+60,5.4292708824843144e+76,6.427752177035961e+60,6.427752177035961e+60,1.1839070689533847e-16
-46.18,1.2925232042510498e+38,-1.4009761077296318e-19,5.100465630587769e-22,1.0,2.0997,1.3225132514490838e+60,5.0118487005822036e+76,-6.427752177035961e+60,6.427752177035961e+60,-1.2825112171261832e-16
-46.16,1.241842644503722e+38,-1.3887648210462508e-19,-4.2547427505267935e-21,1.0,2.0997,1.2454960754099318e+60,4.626519461123994e+76,0.0,0.0,0.0
-46.14,1.1931492979281785e+38,-1.391541868244869e-19,-6.57522934572589e-21,1.0,2.0997,1.1729640305394774e+60,4.270815741439516e+76,0.0,0.0,0.0
-46.12,1.1463652447813957e+38,-1.3738870914549934e-19,1.0756021828920602e-19,1.0,2.0997,1.1046559231320774e+60,3.942459823328128e+76,0.0,0.0,0.0
-46.1,1.1014156205972417e+38,-1.3283962786367144e-19,2.7393498192249734e-19,1.0,2.0997,1.0403257702195857e+60,3.639349107886821e+76,6.427752177035961e+60,6.427752177035961e+60,1.7661818051767553e-16
-46.08,1.0582284963872252e+38,-1.2870362654267164e-19,2.2352089704993546e-19,1.0,2.0997,9.797419137665203e+59,3.3595426516979026e+76,0.0,0.0,0.0
-46.06,1.0167347635388965e+38,-1.253909307794581e-19,1.136121088014983e-19,1.0,2.0997,9.22686186451264e+59,3.1012487381654875e+76,0.0,0.0,0.0
-46.04,9.768680232272003e+37,-1.2360691810493597e-19,1.130677547069847e-19,1.0,2.0997,8.689531260279018e+59,2.8628134044114534e+76,3.2138760885179806e+60,3.2138760885179806e+60,1.1226285595720479e-16
-46.019999999999996,9.385644801622945e+37,-1.2180785405556877e-19,6.912828834251402e-20,1.0,2.0997,8.1834923544024e+59,2.6427098502669542e+76,3.2138760885179806e+60,3.2138760885179806e+60,1.2161290003869813e-16
-46.0,9.017628405034299e+37,-1.2057114691804602e-19,3.06891469829707e-20,1.0,2.0997,7.706922860234025e+59,2.439528661538443e+76,0.0,0.0,0.0
-45.980000000000004,8.664042137757031e+37,-1.2249596211478848e-19,-1.0152729218148288e-19,1.0,2.0997,7.258106612838063e+59,2.251968784944883e+76,0.0,0.0,0.0
-45.96,8.324320186327622e+37,-1.252803686312674e-19,-1.7593813824408127e-19,1.0,2.0997,6.835427388944175e+59,2.0788291969350458e+76,3.2138760885179806e+60,3.2138760885179806e+60,1.5460029584231396e-16
-45.94,7.997918923146028e+37,-1.2852433349435293e-19,-1.9137139577938357e-19,1.0,2.0997,6.4373630867979945e+59,1.9190012130365194e+76,0.0,0.0,0.0
-45.92,7.684316036555286e+37,-1.3375055804588538e-19,-2.5895976327169657e-19,1.0,2.0997,6.062480244950759e+59,1.7714613884898224e+76,0.0,0.0,0.0
-45.9,7.38300969503111e+37,-1.39745879510675e-19,-3.095620405627921e-19,1.0,2.0997,5.709428880249761e+59,1.635264964707701e+76,0.0,0.0,0.0
-45.879999999999995,7.093517744145061e+37,-1.4633380606585332e-19,-3.0191081643684615e-19,1.0,2.0997,5.376937626440844e+59,1.5095398195950253e+76,-3.2138760885179806e+60,3.2138760885179806e+60,-2.1290435977900799e-16
-45.86,6.81537693501424e+37,-1.530170623266225e-19,-3.6580586882509827e-19,1.0,2.0997,5.063809155876646e+59,1.393480882989723e+76,0.0,0.0,0.0
-45.84,6.5481421830040635e+37,-1.6049020355654122e-19,-3.6622073804615666e-19,1.0,2.0997,4.768915867843942e+59,1.2863449814651168e+76,-1.6069380442589903e+60,1.6069380442589903e+60,-1.2492279034110472e-16
-45.82,6.291385855498104e+37,-1.6735312880652194e-19,-3.1241269270382124e-19,1.0,2.0997,4.491195827982563e+59,1.1874460794828485e+76,-3.2138760885179806e+60,3.2138760885179806e+60,-2.706544864687813e-16
-45.8,6.044697087594845e+37,-1.7316022172872374e-19,-3.037745823698826e-19,1.0,2.0997,4.229648944175392e+59,1.0961508864233281e+76,0.0,0.0,0.0
-45.78,5.807681124635979e+37,-1.791471110545739e-19,-3.03456724279881e-19,1.0,2.0997,3.983333365136553e+59,1.0118748013635909e+76,1.6069380442589903e+60,1.6069380442589903e+60,1.588079910769098e-16
-45.76,5.579958690514501e+37,-1.8830710065216497e-19,-4.625317864967287e-19,1.0,2.0997,3.7513620887283933e+59,9.340781696354491e+75,0.0,0.0,0.0
-45.74,5.361165380752601e+37,-1.9817615320163083e-19,-5.393489229521179e-19,1.0,2.0997,3.53289976779692e+59,8.622628271934057e+75,-1.6069380442589903e+60,1.6069380442589903e+60,-1.8636290392912345e-16
-45.72,5.150951079376111e+37,-2.104541602570436e-19,-5.942714018244658e-19,1.0,2.0997,3.3271597020191596e+59,7.959689106637779e+75,0.0,0.0,0.0
-45.7,4.948979398654867e+37,-2.233437939800326e-19,-6.524057046623938e-19,1.0,2.0997,3.1334010049324637e+59,7.347719126493088e+75,0.0,0.0,0.0
-45.68,4.754927140809983e+37,-2.3669285274273587e-19,-7.114336945342776e-19,1.0,2.0997,2.9509259359425473e+59,6.782799634323418e+75,8.034690221294951e+59,8.034690221294951e+59,1.184568416356649e-16
-45.66,4.5684837808289545e+37,-2.5279463127174275e-19,-8.518098678916611e-19,1.0,2.0997,2.779077387704589e+59,6.261313216709165e+75,0.0,0.0,0.0
-45.64,4.389350969559171e+37,-2.687862225144301e-19,-8.116483885853909e-19,1.0,2.0997,2.617236519826213e+59,5.77992058019101e+75,1.6069380442589903e+60,1.6069380442589903e+60,2.7802078280561515e-16
-45.62,4.217242056285435e+37,-2.842355761083285e-19,-6.717462135754053e-19,1.0,2.0997,2.46482053037372e+59,5.335539168390782e+75,0.0,0.0,0.0
-45.6,4.051881630028106e+37,-2.980055432207101e-19,-6.730906912080674e-19,1.0,2.0997,2.321280557156348e+59,4.925323423127767e+75,-8.034690221294951e+59,8.034690221294951e+59,-1.6313020549202064e-16
-45.58,3.8930050788262808e+37,-3.1385297486886944e-19,-8.403319167957633e-19,1.0,2.0997,2.186099701228528e+59,4.5466465631301644e+75,8.034690221294951e+59,8.034690221294951e+59,1.7671684195666667e-16
-45.56,3.7403581663026782e+37,-3.3248146413899684e-19,-9.968502983528293e-19,1.0,2.0997,2.0587911654961453e+59,4.19708376366814e+75,0.0,0.0,0.0
-45.54,3.59369662483074e+37,-3.5408046762361454e-19,-1.058751705775401e-18,1.0,2.0997,1.938896501720845e+59,3.874396629395955e+75,8.034690221294951e+59,8.034690221294951e+59,2.0737913512348924e-16
-45.519999999999996,3.4527857646547015e+37,-3.741094520331158e-19,-1.001567093333635e-18,1.0,2.0997,1.8259839596112585e+59,3.5765188609806454e+75,0.0,0.0,0.0
-45.5,3.3174000983357423e+37,-3.918344990145897e-19,-8.851405635915001e-19,1.0,2.0997,1.7196469320556127e+59,3.3015430237313985e+75,-8.034690221294951e+59,8.034690221294951e+59,-2.433616694842934e-16
-45.480000000000004,3.187322979923885e+37,-4.102857028628754e-19,-8.685282859383475e-19,1.0,2.0997,1.6195024908969347e+59,3.0477083335052628e+75,-4.017345110647476e+59,4.017345110647476e+59,-1.318152746600592e-16
-45.46,3.0623462582783618e+37,-4.305828926521841e-19,-9.866942654840255e-19,1.0,2.0997,1.5251900079780771e+59,2.8133893816774452e+75,-4.017345110647476e+59,4.017345110647476e+59,-1.4279378236126662e-16
-45.44,2.9422699439814647e+37,-4.495671428226455e-19,-9.792503147766088e-19,1.0,2.0997,1.4363698564908272e+59,2.5970857269770075e+75,0.0,0.0,0.0
-45.42,2.826901889312711e+37,-4.694850584066203e-19,-9.871351263179614e-19,1.0,2.0997,1.352722187952555e+59,2.3974122875399328e+75,0.0,0.0,0.0
-45.4,2.7160574807713855e+37,-4.890298781928226e-19,-1.01861128854274e-18,1.0,2.0997,1.2739457804061996e+59,2.213090471656262e+75,-4.017345110647476e+59,4.017345110647476e+59,-1.8152647449794142e-16
-45.379999999999995,2.6095593436557955e+37,-5.100937689989705e-19,-1.0327933650023813e-18,1.0,2.0997,1.1997569536958636e+59,2.0429399904183795e+75,4.017345110647476e+59,4.017345110647476e+59,1.9664528226425053e-16
-45.36,2.5072370582257764e+37,-5.30470798769415e-19,-9.185708054592392e-19,1.0,2.0997,1.1298885479118415e+59,1.8858712998421935e+75,0.0,0.0,0.0
-45.34,2.4089268869946834e+37,-5.475841849564635e-19,-8.930773072183543e-19,1.0,2.0997,1.0640889613264072e+59,1.7408786240657688e+75,-2.008672555323738e+59,2.008672555323738e+59,-1.1538268823317183e-16
-45.32,2.3144715127145593e+37,-5.665725148101769e-19,-9.620962805759863e-19,1.0,2.0997,1.0021212443557093e+59,1.607033514950166e+75,0.0,0.0,0.0
-45.3,2.2237197866350364e+37,-5.866309504653253e-19,-9.600002184808897e-19,1.0,2.0997,9.437622462854924e+58,1.4834789068416519e+75,-4.017345110647476e+59,4.017345110647476e+59,-2.708056779317787e-16
-45.28,2.1365264866330176e+37,-6.0601008051082045e-19,-1.0126871076248093e-18,1.0,2.0997,8.88801811687503e+58,1.3694236284253277e+75,2.008672555323738e+59,2.008672555323738e+59,1.4668014437822057e-16
-45.26,2.0527520848262077e+37,-6.269431436004904e-19,-1.0722078631665127e-18,1.0,2.0997,8.370420236327146e+58,1.2641373365275028e+75,-2.008672555323738e+59,2.008672555323738e+59,-1.5889670348962411e-16
-45.24,1.97226252429895e+37,-6.483807083647889e-19,-1.0277368740798676e-18,1.0,2.0997,7.882964909768773e+58,1.16694583942622e+75,2.008672555323738e+59,2.008672555323738e+59,1.721307439864895e-16
-45.22,1.8949290045823218e+37,-6.675491931234489e-19,-9.576937328777556e-19,1.0,2.0997,7.423896771509371e+58,1.0772267797222045e+75,0.0,0.0,0.0
-45.2,1.8206277755461334e+37,-6.857736191104746e-19,-9.032162538490508e-19,1.0,2.0997,6.991562680398315e+58,9.944056491270186e+74,0.0,0.0,0.0
-45.18,1.7492399393721004e+37,-7.044778111763051e-19,-9.052442775732478e-19,1.0,2.0997,6.584405766730157e+58,9.179521096483527e+74,0.0,0.0,0.0
-45.16,1.6806512602921537e+37,-7.225224744892326e-19,-8.778252049067923e-19,1.0,2.0997,6.20095982583405e+58,8.473765976164813e+74,0.0,0.0,0.0
-45.14,1.6147519817867564e+37,-7.394578931443374e-19,-7.949037133790773e-19,1.0,2.0997,5.83984403815142e+58,7.82227188805277e+74,0.0,0.0,0.0
-45.12,1.5514366509509904e+37,-7.537182304484457e-19,-7.493819858522301e-19,1.0,2.0997,5.49975799679426e+58,7.220867045742074e+74,1.004336277661869e+59,1.004336277661869e+59,1.3908804459349452e-16
-45.1,1.4906039497475726e+37,-7.678049011170113e-19,-7.128858197200556e-19,1.0,2.0997,5.179477024677324e+58,6.665700405009191e+74,0.0,0.0,0.0
-45.08,1.4321565328761989e+37,-7.806428018025193e-19,-6.080571957192619e-19,1.0,2.0997,4.8778477643555605e+58,6.153217003979925e+74,-1.004336277661869e+59,1.004336277661869e+59,-1.6322133235545896e-16
-45.06,1.3760008720004698e+37,-7.923238740398059e-19,-4.597217199997343e-19,1.0,2.0997,4.5937840246932746e+58,5.68013519923816e+74,-1.004336277661869e+59,1.004336277661869e+59,-1.7681555850934217e-16
-45.04,1.322047106082431e+37,-8.0151904440660295e-19,-4.548977416117317e-19,1.0,2.0997,4.3262628694020245e+58,5.243425652102791e+74,1.004336277661869e+59,1.004336277661869e+59,1.915420078968977e-16
-45.019999999999996,1.2702088975858827e+37,-8.10064844172662e-19,-4.596064333249942e-19,1.0,2.0997,4.074320933365242e+58,4.840291930519031e+74,-1.004336277661869e+59,1.004336277661869e+59,-2.074949800712067e-16
-45.0,1.2204032943178408e+37,-8.195441483423679e-19,-3.8912028484659177e-19,1.0,2.0997,3.837050953483249e+58,4.4681526023455146e+74,-5.021681388309345e+58,5.021681388309345e+58,-1.1238831425930393e-16
-44.980000000000004,1.1725505966872953e+37,-8.256248037851195e-19,-3.779708342382786e-19,1.0,2.0997,3.613598501546141e+58,4.1246247053751957e+74,1.004336277661869e+59,1.004336277661869e+59,2.4349761478978227e-16
-44.96,1.1265742301689013e+37,-8.32643029455758e-19,-3.5127126171746307e-19,1.0,2.0997,3.4031589073693336e+58,3.8075084882419576e+74,0.0,0.0,0.0
-44.94,1.0824006227674322e+37,-8.428814127652409e-19,-4.942504051246368e-19,1.0,2.0997,3.2049743611117545e+58,3.5147733245019746e+74,-5.021681388309345e+58,5.021681388309345e+58,-1.4287354900819644e-16
-44.92,1.0399590872868548e+37,-8.535426949588748e-19,-4.98050418796335e-19,1.0,2.0997,3.01833118434188e+58,3.244544709691524e+74,-5.021681388309345e+58,5.021681388309345e+58,-1.5477306795340112e-16
-44.9,9.99181708215693e+36,-8.626405471211133e-19,-4.541011596524959e-19,1.0,2.0997,2.842557260024517e+58,2.9950922580984903e+74,0.0,0.0,0.0
-44.879999999999995,9.600032330478098e+36,-8.704354756400823e-19,-3.350127023781362e-19,1.0,2.0997,2.6770196121735034e+58,2.764818622386742e+74,0.0,0.0,0.0
-44.86,9.223609678644296e+36,-8.767189809569512e-19,-3.1920994685519755e-19,1.0,2.0997,2.52112212645446e+58,2.5522492651194215e+74,0.0,0.0,0.0
-44.84,8.861946770104664e+36,-8.816599569169515e-19,-2.4902796962202025e-19,1.0,2.0997,2.374303403529376e+58,2.356023016685054e+74,5.021681388309345e+58,5.021681388309345e+58,2.1314228905008301e-16
-44.82,8.514464867046549e+36,-8.856021863163344e-19,-1.4267291561581126e-19,1.0,2.0997,2.2360347374123318e+58,2.1748833591650998e+74,5.021681388309345e+58,5.021681388309345e+58,2.308942853025957e-16
-44.8,8.180607924291763e+36,-8.874664644800947e-19,-9.921868634511e-20,1.0,2.0997,2.105818211557238e+58,2.0076703803295552e+74,0.0,0.0,0.0
-44.78,7.859841699505397e+36,-8.890486438984514e-19,-7.980505874431548e-20,1.0,2.0997,1.983184905820471e+58,1.853313346238516e+74,2.5108406941546723e+58,2.5108406941546723e+58,1.3547847692623986e-16
-44.76,7.551652898293786e+36,-8.914720590913799e-19,-1.5323688772372468e-19,1.0,2.0997,1.8676932078413337e+58,1.7108238448892677e+74,5.021681388309345e+58,5.021681388309345e+58,2.935241640049954e-16
-44.74,7.255548352824759e+36,-8.954213303196947e-19,-2.354194982313405e-19,1.0,2.0997,1.7589272227611591e+58,1.5792894570053423e+74,-2.5108406941546723e+58,2.5108406941546723e+58,-1.5898546545835508e-16
-44.72,6.971054232653019e+36,-8.99842824298899e-19,-1.7310863501290096e-19,1.0,2.0997,1.6564952755522972e+58,1.4578679134376872e+74,-2.5108406941546723e+58,2.5108406941546723e+58,-1.7222689867932204e-16
-44.7,6.697715286491177e+36,-9.029814808147727e-19,-1.5415291466818436e-19,1.0,2.0997,1.5600285005650614e+58,1.3457817017669275e+74,0.0,0.0,0.0
-44.68,6.435094113709759e+36,-9.05076003128367e-19,-1.2469084887343336e-19,1.0,2.0997,1.469179513212745e+58,1.2423130875690597e+74,-2.5108406941546723e+58,2.5108406941546723e+58,-2.0211013787738876e-16
-44.66,6.182770464403578e+36,-9.09260825063219e-19,-1.6079693595457475e-19,1.0,2.0997,1.383621159012331e+58,1.1467995184650366e+74,2.5108406941546723e+58,2.5108406941546723e+58,2.1894329860858074e-16
-44.64,5.94034056690191e+36,-9.137736804641081e-19,-2.923376271130754e-19,1.0,2.0997,1.3030453354745796e+58,1.0586293815234149e+74,2.5108406941546723e+58,2.5108406941546723e+58,2.3717844393676846e-16
-44.62,5.707416481647444e+36,-9.228032226716823e-19,-5.418905122318314e-19,1.0,2.0997,1.2271618826023108e+58,9.772380868494265e+73,1.2554203470773362e+58,1.2554203470773362e+58,1.2846617052398734e-16
-44.6,5.483625480410817e+36,-9.359351979101958e-19,-5.84549177121242e-19,1.0,2.0997,1.155697538001364e+58,9.021044522823227e+73,1.2554203470773362e+58,1.2554203470773362e+58,1.3916574116235923e-16
-44.58,5.268609449845265e+36,-9.44129280005994e-19,-4.30969265046296e-19,1.0,2.0997,1.0883949528403166e+58,8.327473660499647e+73,-1.2554203470773362e+58,1.2554203470773362e+58,-1.5075644766458632e-16
-44.56,5.062024318429502e+36,-9.535235729641693e-19,-4.300018724526885e-19,1.0,2.0997,1.0250117651171088e+58,7.687227060111499e+73,-1.2554203470773362e+58,1.2554203470773362e+58,-1.6331251012366048e-16
-44.54,4.863539505879272e+36,-9.594909702685088e-19,-3.4854765001284815e-19,1.0,2.0997,9.653197268938793e+57,7.096204957574517e+73,0.0,0.0,0.0
-44.519999999999996,4.672837394148884e+36,-9.674565651202489e-19,-2.833776558739987e-19,1.0,2.0997,9.091038823578865e+57,6.550622793646839e+73,0.0,0.0,0.0
-44.5,4.4896128191743455e+36,-9.724578590484236e-19,-3.0829154180797566e-19,1.0,2.0997,8.561617937484028e+57,6.046986979828383e+73,0.0,0.0,0.0
-44.480000000000004,4.313572582545634e+36,-9.792134238061341e-19,-2.971470881948919e-19,1.0,2.0997,8.063028123621164e+57,5.582072527466823e+73,-1.2554203470773362e+58,1.2554203470773362e+58,-2.249021919546884e-16
-44.46,4.1444349823268324e+36,-9.857540036599432e-19,-3.60980488640896e-19,1.0,2.0997,7.593473920118749e+57,5.152902396820323e+73,-6.277101735386681e+57,6.277101735386681e+57,-1.2181681801813405e-16
-44.44,3.9819293622730416e+36,-9.934973042785396e-19,-4.455759604111838e-19,1.0,2.0997,7.151264424664773e+57,4.756728433839656e+73,1.2554203470773362e+58,1.2554203470773362e+58,2.6392516716872014e-16
-44.42,3.8257956787225136e+36,-1.0024156714779487e-18,-4.356746632475784e-19,1.0,2.0997,6.734807205432035e+57,4.391013772599557e+73,0.0,0.0,0.0
-44.4,3.6757840844711627e+36,-1.0109904090506054e-18,-3.6131659082317803e-19,1.0,2.0997,6.342602566603524e+57,4.05341659069545e+73,0.0,0.0,0.0
-44.379999999999995,3.5316545289640623e+36,-1.0184908441602317e-18,-4.0974253862938606e-19,1.0,2.0997,5.9732381478476135e+57,3.741775113585711e+73,6.277101735386681e+57,6.277101735386681e+57,1.6775732225583663e-16
-44.36,3.3931763741631707e+36,-1.0251934825165802e-18,-2.4242548006624025e-19,1.0,2.0997,5.625383838295336e+57,3.4540937718537354e+73,6.277101735386681e+57,6.277101735386681e+57,1.8172933770752546e-16
-44.34,3.2601280254771723e+36,-1.0254698590384355e-18,1.8421161252344844e-20,1.0,2.0997,5.2977869867047165e+57,3.188530422750505e+73,6.277101735386681e+57,6.277101735386681e+57,1.9686504135569438e-16
-44.32,3.1322965771629636e+36,-1.0215909089420569e-18,2.346306493033043e-19,1.0,2.0997,4.989267890562659e+57,2.9433845541920444e+73,0.0,0.0,0.0
-44.3,3.0094774716311264e+36,-1.0163764216490293e-18,2.267048066804185e-19,1.0,2.0997,4.6987155478824665e+57,2.7170863956765827e+73,3.1385508676933404e+57,3.1385508676933404e+57,1.1551163307458275e-16
-44.28,2.8914741721100444e+36,-1.0101939464398517e-18,2.371987901946316e-19,1.0,2.0997,4.425083656396704e+57,2.50818686639384e+73,-6.277101735386681e+57,6.277101735386681e+57,-2.50264516551417e-16
-44.26,2.7780978481450206e+36,-1.0038272087261678e-18,4.760269915720072e-19,1.0,2.0997,4.167386845737715e+57,2.3153482961603976e+73,3.1385508676933404e+57,3.1385508676933404e+57,1.3555415713903953e-16
-44.24,2.6691670734295515e+36,-9.924986383375525e-19,6.22842978565217e-19,1.0,2.0997,3.924697129041303e+57,2.1373358597641426e+73,0.0,0.0,0.0
-44.22,2.5645075354842108e+36,-9.809037574568653e-19,5.723045640893386e-19,1.0,2.0997,3.696140561191014e+57,1.9730096698665896e+73,3.1385508676933404e+57,3.1385508676933404e+57,1.5907427701079443e-16
-44.2,2.463951756719801e+36,-9.67590524331151e-19,5.832367723567662e-19,1.0,2.0997,3.48089409167197e+57,1.8213174778327776e+73,0.0,0.0,0.0
-44.18,2.3673388264371842e+36,-9.566643414222726e-19,5.771342757488863e-19,1.0,2.0997,3.278182600699519e+57,1.6812879357470952e+73,0.0,0.0,0.0
-44.16,2.274514143336087e+36,-9.45306949863419e-19,5.680957890666262e-19,1.0,2.0997,3.0872761079517754e+57,1.552024376470768e+73,0.0,0.0,0.0
-44.14,2.1853291681199233e+36,-9.327618825204004e-19,6.573731036305193e-19,1.0,2.0997,2.9074871438510745e+57,1.4326990719107146e+73,-3.1385508676933404e+57,3.1385508676933404e+57,-2.190656034632326e-16
-44.12,2.099641185801141e+36,-9.187783324812004e-19,6.60295839215637e-19,1.0,2.0997,2.7381682739310223e+57,1.3225479327337263e+73,-3.1385508676933404e+57,3.1385508676933404e+57,-2.373109352041334e-16
-44.1,2.0173130773270132e+36,-9.059265487930138e-19,7.037189199236591e-19,1.0,2.0997,2.578709767373904e+57,1.220865615586375e+73,0.0,0.0,0.0
-44.08,1.9382131001596565e+36,-8.913756932727184e-19,7.284548557365759e-19,1.0,2.0997,2.428537401320026e+57,1.1270010064891514e+73,3.1385508676933404e+57,3.1385508676933404e+57,2.7848696226728265e-16
-44.06,1.8622146774600964e+36,-8.789828529137969e-19,6.251892624877323e-19,1.0,2.0997,2.2871103930460525e+57,1.0403530514843432e+73,0.0,0.0,0.0
-44.04,1.7891961955380997e+36,-8.674598286406808e-19,5.202724275004278e-19,1.0,2.0997,2.153919452562698e+57,9.603669078384026e+72,1.5692754338466702e+57,1.5692754338466702e+57,1.6340373882507059e-16
-44.019999999999996,1.7190408092445102e+36,-8.573556458856919e-19,4.920886092325251e-19,1.0,2.0997,2.0284849486207453e+57,8.86530391154406e+72,0.0,0.0,0.0
-44.0,1.6516362549940018e+36,-8.457487090421193e-19,5.499269452040375e-19,1.0,2.0997,1.9103551815204805e+57,8.183706956431834e+72,-1.5692754338466702e+57,1.5692754338466702e+57,-1.9175606387192625e-16
-43.980000000000004,1.586874671119343e+36,-8.363882142915963e-19,5.002997256675477e-19,1.0,2.0997,1.7991047565048838e+57,7.55451366552037e+72,-1.5692754338466702e+57,1.5692754338466702e+57,-2.0772686414070774e-16
-43.96,1.5246524252697716e+36,-8.286393765176828e-19,3.3667326894709567e-19,1.0,2.0997,1.6943330518790216e+57,6.973695053642988e+72,-1.5692754338466702e+57,1.5692754338466702e+57,-2.250278255323046e-16
-43.94,1.4648699485771642e+36,-8.237348029735762e-19,1.629324771040919e-19,1.0,2.0997,1.5956627763392195e+57,6.437531898733389e+72,0.0,0.0,0.0
-43.92,1.4074315763245573e+36,-8.20526555530957e-19,2.2500454438490314e-19,1.0,2.0997,1.5027386103168493e+57,5.942590926106283e+72,0.0,0.0,0.0
-43.9,1.352245394862133e+36,-8.157521238162988e-19,2.071081856245455e-19,1.0,2.0997,1.4152259264440866e+57,5.485702823777538e+72,0.0,0.0,0.0
-43.879999999999995,1.2992230945258926e+36,-8.147314713181244e-19,7.681565485490448e-20,1.0,2.0997,1.3328095845339484e+57,5.063941948048308e+72,0.0,0.0,0.0
-43.86,1.2482798283232881e+36,-8.126678783036287e-19,5.468971468249702e-20,1.0,2.0997,1.2551927967352273e+57,4.674607589396451e+72,7.846377169233351e+56,7.846377169233351e+56,1.6785103389280233e-16
-43.84,1.1993340761598999e+36,-8.125675683049005e-19,1.914304395763855e-20,1.0,2.0997,1.182096058775691e+57,4.31520667871496e+72,0.0,0.0,0.0
-43.82,1.1523075143899326e+36,-8.133212395989379e-19,-7.976134557976325e-20,1.0,2.0997,1.1132561434446648e+57,3.983437823158513e+72,7.846377169233351e+56,7.846377169233351e+56,1.9697501298041766e-16
-43.8,1.107124890481704e+36,-8.142561803976199e-19,-4.474890179853485e-20,1.0,2.0997,1.0484251526909319e+57,3.677176569372374e+72,7.846377169233351e+56,7.846377169233351e+56,2.1338048421679623e-16
-43.78,1.0637139025975021e+36,-8.118360105510141e-19,2.3358766765311767e-19,1.0,2.0997,9.873696249219961e+56,3.3944617997376237e+72,0.0,0.0,0.0
-43.76,1.0220050838951767e+36,-8.062727913451217e-19,2.8990780790723393e-19,1.0,2.0997,9.29869694289916e+56,3.1334831745227606e+72,3.9231885846166755e+56,3.9231885846166755e+56,1.2520215894295294e-16
-43.739999999999995,9.819316913664637e+35,-7.995535409559619e-19,2.8870124059162462e-19,1.0,2.0997,8.75718298937044e+56,2.8925695395294114e+72,0.0,0.0,0.0
-43.72,9.434295990338842e+35,-7.918334000658038e-19,3.803565597200236e-19,1.0,2.0997,8.247204353496583e+56,2.6701782249997063e+72,-7.846377169233351e+56,7.846377169233351e+56,-2.9385218918239856e-16
-43.7,9.06437195335474e+35,-7.848646205365327e-19,3.9897925586581087e-19,1.0,2.0997,7.7669245613449e+56,2.4648851672629203e+72,0.0,0.0,0.0
-43.68,8.708952845331696e+35,-7.786814538102178e-19,3.177431182396593e-19,1.0,2.0997,7.3146140868988e+56,2.27537578986633e+72,3.9231885846166755e+56,3.9231885846166755e+56,1.7241936923514274e-16
-43.66,8.367469919870216e+35,-7.739413082569322e-19,2.4262904341908166e-19,1.0,2.0997,6.888644123897008e+56,2.1004365857979858e+72,0.0,0.0,0.0
-43.64,8.039376731436105e+35,-7.679567202006894e-19,2.2540086405674273e-19,1.0,2.0997,6.48748072036991e+56,1.9389473468986872e+72,0.0,0.0,0.0
-43.620000000000005,7.724148260930794e+35,-7.636355878623229e-19,2.1824426596796494e-19,1.0,2.0997,6.10967925475596e+56,1.7898739907052055e+72,0.0,0.0,0.0
-43.6,7.421280075549043e+35,-7.572800896191027e-19,3.744650274387174e-19,1.0,2.0997,5.753879233704594e+56,1.6522619387922356e+72,0.0,0.0,0.0
-43.58,7.130287521579031e+35,-7.469116391733076e-19,5.950029570185837e-19,1.0,2.0997,5.418799392829889e+56,1.525230004211569e+72,-3.9231885846166755e+56,3.9231885846166755e+56,-2.5721947337671685e-16
-43.56,6.850704948852782e+35,-7.318087142121151e-19,7.3828493367522195e-19,1.0,2.0997,5.10323308277504e+56,1.4079647488870788e+72,3.9231885846166755e+56,3.9231885846166755e+56,2.786425290631562e-16
-43.54,6.582084965606267e+35,-7.162664694610788e-19,8.246177847987102e-19,1.0,2.0997,4.806043923971332e+56,1.299715274833801e+72,0.0,0.0,0.0
-43.519999999999996,6.3239977225577444e+35,-6.982185483222481e-19,8.872869713118426e-19,1.0,2.0997,4.526161714444264e+56,1.1997884158474657e+72,0.0,0.0,0.0
-43.5,6.0760302250568725e+35,-6.801531766407266e-19,9.476095296978542e-19,1.0,2.0997,4.262578575930475e+56,1.1075442988741398e+72,-1.9615942923083377e+56,1.9615942923083377e+56,-1.7711203915747396e-16
-43.480000000000004,5.837785672205004e+35,-6.616797109073138e-19,9.587981152591222e-19,1.0,2.0997,4.014345324427366e+56,1.0223922466380605e+72,-1.9615942923083377e+56,1.9615942923083377e+56,-1.9186318154882933e-16
-43.46,5.6088828218892785e+35,-6.418635439843628e-19,1.032724865655019e-18,1.0,2.0997,3.7805680521054394e+56,9.437869952905387e+71,-1.9615942923083377e+56,1.9615942923083377e+56,-2.0784290333482215e-16
-43.44,5.388955380714066e+35,-6.179487858459101e-19,1.1629090017767409e-18,1.0,2.0997,3.560404908274583e+56,8.712252028598122e+71,0.0,0.0,0.0
-43.42,5.177651417853203e+35,-5.949077938765621e-19,1.1295754851440845e-18,1.0,2.0997,3.353063067812275e+56,8.042422261439183e+71,0.0,0.0,0.0
-43.4,4.974632801885379e+35,-5.734147107771251e-19,1.0376188398922608e-18,1.0,2.0997,3.1577958761367897e+56,7.424091454078191e+71,-9.807971461541689e+55,9.807971461541689e+55,-1.3211005713236445e-16
-43.379999999999995,4.779574659712174e+35,-5.528183358532951e-19,1.0935043822945814e-18,1.0,2.0997,2.973900160444221e+56,6.85330017832882e+71,0.0,0.0,0.0
-43.36,4.5921648566915525e+35,-5.298591273792949e-19,1.1688926787985825e-18,1.0,2.0997,2.800713697526868e+56,6.326393421309881e+71,0.0,0.0,0.0
-43.34,4.412103497155721e+35,-5.066866377868009e-19,1.1366771613032364e-18,1.0,2.0997,2.637612829054476e+56,5.839997180884119e+71,0.0,0.0,0.0
-43.32,4.239102444514222e+35,-4.835752277865048e-19,1.1474806536647695e-18,1.0,2.0997,2.484010215730314e+56,5.390996860525932e+71,0.0,0.0,0.0
-43.3,4.072884860174036e+35,-4.608618022299644e-19,1.0955022627724299e-18,1.0,2.0997,2.339352722235696e+56,4.976517325270461e+71,0.0,0.0,0.0
-43.28,3.9131847605386316e+35,-4.402059109995908e-19,9.997971210301907e-19,1.0,2.0997,2.203119425345401e+56,4.593904491033534e+71,0.0,0.0,0.0
-43.26,3.759746591377306e+35,-4.2354475230415174e-19,8.71893692502257e-19,1.0,2.0997,2.0748197380408046e+56,4.2407083294119803e+71,0.0,0.0,0.0
-43.239999999999995,3.6123248188842384e+35,-4.0491380750437236e-19,8.805708140739777e-19,1.0,2.0997,1.9539916428673317e+56,3.914667179138112e+71,-4.9039857307708443e+55,4.9039857307708443e+55,-1.252720986577088e-16
-43.22,3.470683536771833e+35,-3.8788853929780477e-19,8.482678940055678e-19,1.0,2.0997,1.8402000281725202e+56,3.61369326372571e+71,-4.9039857307708443e+55,4.9039857307708443e+55,-1.357056444163953e-16
-43.2,3.3345960887702376e+35,-3.7119231763158458e-19,8.084900939923906e-19,1.0,2.0997,1.7330351212336603e+56,3.3358593225725277e+71,4.9039857307708443e+55,4.9039857307708443e+55,1.470081696067751e-16
-43.18,3.2038447059290672e+35,-3.5684450819428407e-19,7.265282748651886e-19,1.0,2.0997,1.63211101263369e+56,3.0793862699129115e+71,4.9039857307708443e+55,4.9039857307708443e+55,1.5925204897758837e-16
-43.16,3.078220158140709e+35,-3.40484094382549e-19,7.8640742491050915e-19,1.0,2.0997,1.5370642665706793e+56,2.8426318025951417e+71,0.0,0.0,0.0
-43.14,2.9575214193274107e+35,-3.244698449529739e-19,7.809380923243082e-19,1.0,2.0997,1.4475526120959892e+56,2.6240798837341255e+71,-4.9039857307708443e+55,4.9039857307708443e+55,-1.8688401070291955e-16
-43.120000000000005,2.8415553457565885e+35,-3.1063627365157357e-19,6.960542708319078e-19,1.0,2.0997,1.363253710569237e+56,2.4223310348993523e+71,0.0,0.0,0.0
-43.1,2.7301363669697418e+35,-2.9875508294854566e-19,6.253102951345571e-19,1.0,2.0997,1.2838639948912309e+56,2.2360933746752205e+71,0.0,0.0,0.0
-43.08,2.6230861888302028e+35,-2.853838370277239e-19,6.481670708833361e-19,1.0,2.0997,1.2090975763343475e+56,2.0641743462095263e+71,0.0,0.0,0.0
-43.06,2.520233508214396e+35,-2.7220688956050117e-19,7.000355929599614e-19,1.0,2.0997,1.1386852150343597e+56,1.905473080777991e+71,0.0,0.0,0.0
-43.04,2.421413738890186e+35,-2.5778800202636297e-19,6.379123525751534e-19,1.0,2.0997,1.0723733504361113e+56,1.758973348465844e+71,-2.4519928653854222e+55,2.4519928653854222e+55,-1.3939909138043623e-16
-43.019999999999996,2.3264687481440175e+35,-2.486315569482314e-19,5.060550886084349e-19,1.0,2.0997,1.0099231882016402e+56,1.6237370508272362e+71,2.4519928653854222e+55,2.4519928653854222e+55,1.5100923293806822e-16
-43.0,2.2352466037347155e+35,-2.3728972500953973e-19,4.820071089933565e-19,1.0,2.0997,9.511098402926329e+55,1.4988982138522732e+71,-2.4519928653854222e+55,2.4519928653854222e+55,-1.635863491413221e-16
-42.980000000000004,2.14760133076943e+35,-2.290648431284645e-19,4.40753311321522e-19,1.0,2.0997,8.957215151305787e+55,1.383657442776787e+71,0.0,0.0,0.0
-42.96,2.0633926781127305e+35,-2.20027001974097e-19,4.908293017213742e-19,1.0,2.0997,8.435587549183242e+55,1.2772768032267672e+71,0.0,0.0,0.0
-42.94,1.982485893954928e+35,-2.0700596870186698e-19,6.276526574741095e-19,1.0,2.0997,7.944337173765632e+55,1.1790750959190805e+71,0.0,0.0,0.0
-42.92,1.904751510180363e+35,-1.9561974513169556e-19,6.140308686110215e-19,1.0,2.0997,7.481694993087383e+55,1.0884234946603111e+71,0.0,0.0,0.0
-42.9,1.83006513519072e+35,-1.8367936534158393e-19,5.15996203489061e-19,1.0,2.0997,7.045994995584531e+55,1.0047415197121876e+71,-1.2259964326927111e+55,1.2259964326927111e+55,-1.2202107792299674e-16
-42.879999999999995,1.7583072548521015e+35,-1.780607681537388e-19,2.494945717195515e-19,1.0,2.0997,6.635668190653602e+55,9.274933207396591e+70,1.2259964326927111e+55,1.2259964326927111e+55,1.321838556977424e-16
-42.86,1.689363041246825e+35,-1.7464249060869814e-19,1.2338166561857926e-19,1.0,2.0997,6.249236958590712e+55,8.561842455392159e+70,-1.2259964326927111e+55,1.2259964326927111e+55,-1.4319306143277496e-16
-42.84,1.623122168924213e+35,-1.6907924520552695e-19,3.399191144568255e-19,1.0,2.0997,5.885309729564784e+55,7.903576725759717e+70,0.0,0.0,0.0
-42.82,1.5594786383563873e+35,-1.6146450133613298e-19,3.7158335937703953e-19,1.0,2.0997,5.542575972462407e+55,7.29592087046967e+70,-1.2259964326927111e+55,1.2259964326927111e+55,-1.6803861424195892e-16
-42.8,1.4983306063164526e+35,-1.5567530390725838e-19,2.8852814023953023e-19,1.0,2.0997,5.219801475561161e+55,6.73498381747388e+70,0.0,0.0,0.0
-42.78,1.4395802229075564e+35,-1.5221163159175627e-19,2.0248658300930653e-19,1.0,2.0997,4.91582390203436e+55,6.217173654559704e+70,1.2259964326927111e+55,1.2259964326927111e+55,1.9719514055933735e-16
-42.76,1.3831334749821189e+35,-1.483651348318933e-19,2.0025655236201109e-19,1.0,2.0997,4.629548604281679e+55,5.73917462884833e+70,0.0,0.0,0.0
-42.739999999999995,1.3289000357008655e+35,-1.4372850372935626e-19,2.2561120419754083e-19,1.0,2.0997,4.3599446820168114e+55,5.297925914657281e+70,0.0,0.0,0.0
-42.72,1.2767931199905472e+35,-1.386770697209646e-19,2.316643777976768e-19,1.0,2.0997,4.1060412699127956e+55,4.8906020137655823e+70,1.2259964326927111e+55,1.2259964326927111e+55,2.506841548835698e-16
-42.7,1.2267293456692723e+35,-1.3182256275438355e-19,3.221475404543045e-19,1.0,2.0997,3.8669240414372013e+55,4.5145946625784796e+70,0.0,0.0,0.0
-42.68,1.1786286000172693e+35,-1.2692983207898998e-19,2.7778826046543036e-19,1.0,2.0997,3.6417319162897123e+55,4.167496130336001e+70,-6.129982163463556e+54,6.129982163463556e+54,-1.4709029047063147e-16
-42.66,1.132413911579473e+35,-1.2092406183869581e-19,3.2666427870749564e-19,1.0,2.0997,3.4296539595834454e+55,3.8470838014161635e+70,6.129982163463556e+54,6.129982163463556e+54,1.5934100944739025e-16
-42.64,1.088011326994739e+35,-1.1334277790025423e-19,4.048848480834721e-19,1.0,2.0997,3.229926461602514e+55,3.551305943006556e+70,0.0,0.0,0.0
-42.620000000000005,1.0453497926546585e+35,-1.0724701014522002e-19,2.5450694506943143e-19,1.0,2.0997,3.04183018762255e+55,3.27826856700941e+70,-6.129982163463556e+54,6.129982163463556e+54,-1.8698840678131525e-16
-42.599999999999994,1.0043610410026462e+35,-1.0332960805674672e-19,1.9462773754355872e-19,1.0,2.0997,2.864687787888751e+55,3.026223302051755e+70,-6.129982163463556e+54,6.129982163463556e+54,-2.025621228713516e-16
-42.58,9.649794812913835e+34,-9.93192395650071e-20,1.9921957310388326e-19,1.0,2.0997,2.697861358425575e+55,2.7935561979401605e+70,-6.129982163463556e+54,6.129982163463556e+54,-2.194329281073177e-16
-42.56,9.271420946234557e+34,-9.338156946848707e-20,2.8485041313861843e-19,1.0,2.0997,2.5407501438926595e+55,2.5787773908683038e+70,6.129982163463556e+54,6.129982163463556e+54,2.377088532407023e-16
-42.54,8.907883331077746e+34,-8.811945614881306e-20,3.627273366009005e-19,1.0,2.0997,2.3927883742171779e+55,2.3805115632027803e+70,-3.064991081731778e+54,3.064991081731778e+54,-1.2875346329375035e-16
-42.519999999999996,8.558600229700462e+34,-8.077301597360221e-20,3.6019823790755417e-19,1.0,2.0997,2.2534432272104163e+55,2.197489136754862e+70,0.0,0.0,0.0
-42.5,8.223012714622917e+34,-7.601889877430957e-20,1.8344409779820365e-19,1.0,2.0997,2.1222129098324273e+55,2.0285381431455025e+70,0.0,0.0,0.0
-42.480000000000004,7.90058377422504e+34,-7.18060584385129e-20,2.0154415918724506e-19,1.0,2.0997,1.998624851194831e+55,1.8725767192064367e+70,3.064991081731778e+54,3.064991081731778e+54,1.636777308131151e-16
-42.46,7.590797453413573e+34,-6.628690663239629e-20,3.172813784530298e-19,1.0,2.0997,1.8822340007953574e+55,1.7286061793624975e+70,0.0,0.0,0.0
-42.44,7.293158027984064e+34,-5.938748512027737e-20,3.295149859694487e-19,1.0,2.0997,1.77262122585545e+55,1.59570462063445e+70,3.064991081731778e+54,3.064991081731778e+54,1.9207759644846658e-16
-42.42,7.0071892113561285e+34,-5.312814472827641e-20,3.912567995877223e-19,1.0,2.0997,1.669391801989317e+55,1.47302101931237e+70,3.064991081731778e+54,3.064991081731778e+54,2.0807517622271007e-16
-42.4,6.732433392413023e+34,-4.448847904447984e-20,4.538371735704258e-19,1.0,2.0997,1.5721739917698117e+55,1.359769781498336e+70,3.064991081731778e+54,3.064991081731778e+54,2.2540514750625264e-16
-42.379999999999995,6.46845090322684e+34,-3.318523985754459e-20,5.762577097895788e-19,1.0,2.0997,1.4806177060723798e+55,1.2552257126236821e+70,-1.532495540865889e+54,1.532495540865889e+54,-1.2208924064044653e-16
-42.36,6.214819315495704e+34,-2.1536607508991138e-20,6.16477746803876e-19,1.0,2.0997,1.3943932433758516e+55,1.1587193737277533e+70,1.532495540865889e+54,1.532495540865889e+54,1.3225769548804956e-16
-42.34,5.97113276456819e+34,-9.222874419227568e-21,6.36993914243237e-19,1.0,2.0997,1.3131901024809024e+55,1.0696327947629913e+70,0.0,0.0,0.0
-42.32,5.7370012999734965e+34,5.218716293963826e-21,7.434846726742866e-19,1.0,2.0997,1.236715864370376e+55,9.873955174769264e+69,0.0,0.0,0.0
-42.3,5.51205026141765e+34,2.0833533514112047e-20,7.999844644605041e-19,1.0,2.0997,1.1646951391849889e+55,9.114809425318305e+69,-1.532495540865889e+54,1.532495540865889e+54,-1.6813248301265162e-16
-42.28,5.295919679246923e+34,3.5321833884509497e-20,7.61189529474765e-19,1.0,2.0997,1.0968685745224059e+55,8.41402957471044e+69,-1.532495540865889e+54,1.532495540865889e+54,-1.8213574450368223e-16
-42.26,5.088263698419371e+34,5.0861941519404245e-20,7.337281833223666e-19,1.0,2.0997,1.0329919214883109e+55,7.767128239395702e+69,0.0,0.0,0.0
-42.239999999999995,4.888750025063443e+34,6.313889799863996e-20,6.630444680230281e-19,1.0,2.0997,9.7283515513672e+54,7.169963042267334e+69,0.0,0.0,0.0
-42.22,4.69705939473665e+34,7.826234214786815e-20,6.982718360470192e-19,1.0,2.0997,9.161816461317042e+54,6.6187100873051355e+69,1.532495540865889e+54,1.532495540865889e+54,2.3153991044346455e-16
-42.2,4.512885061534211e+34,9.438187236675912e-20,8.392350806422256e-19,1.0,2.0997,8.62827380647684e+54,6.109839473585585e+69,-1.532495540865889e+54,1.532495540865889e+54,-2.508241906340193e-16
-42.18,4.335932307230326e+34,1.0946695498543396e-19,8.104926001049741e-19,1.0,2.0997,8.125802256993718e+54,5.6400926918651004e+69,7.662477704329444e+53,7.662477704329444e+53,1.3585730098693744e-16
-42.16,4.165917969666237e+34,1.2747771789173331e-19,8.497959677170509e-19,1.0,2.0997,7.652592372555507e+54,5.206461758996412e+69,-7.662477704329444e+53,7.662477704329444e+53,-1.4717245720837559e-16
-42.14,4.0025699896302412e+34,1.426718374876421e-19,8.511307119081742e-19,1.0,2.0997,7.206940086450202e+54,4.806169956566582e+69,0.0,0.0,0.0
-42.120000000000005,3.84562697550479e+34,1.5973192878697229e-19,8.720885268323239e-19,1.0,2.0997,6.787240569085481e+54,4.436654050419029e+69,-7.662477704329444e+53,7.662477704329444e+53,-1.7270847844460024e-16
-42.099999999999994,3.694837784984217e+34,1.779175328240419e-19,9.228866805221659e-19,1.0,2.0997,6.391982448868682e+54,4.095547877204116e+69,0.0,0.0,0.0
-42.08,3.5499611231938264e+34,1.975112193191665e-19,9.88976576854542e-19,1.0,2.0997,6.01974236963759e+54,3.780667192856266e+69,0.0,0.0,0.0
-42.06,3.4107651565659743e+34,2.1890304484990226e-19,1.0657712534555221e-18,1.0,2.0997,5.669179865039153e+54,3.48999568597335e+69,-7.662477704329444e+53,7.662477704329444e+53,-2.195555064760027e-16
-42.04,3.277027141857288e+34,2.391000174529954e-19,1.070908909121867e-18,1.0,2.0997,5.3390325314038e+54,3.221672066540799e+69,0.0,0.0,0.0
-42.019999999999996,3.148533069711985e+34,2.6079957877590705e-19,1.097201664709752e-18,1.0,2.0997,5.0281114817285466e+54,2.9739781473209877e+69,3.831238852164722e+53,3.831238852164722e+53,1.2882538681785416e-16
-42.0,3.0250773222011444e+34,2.86126664367538e-19,1.2768993569888201e-18,1.0,2.0997,4.7352970643997474e+54,2.7453278415886897e+69,-3.831238852164722e+53,3.831238852164722e+53,-1.3955487552800332e-16
-41.980000000000004,2.906462343790073e+34,3.1207641432859185e-19,1.3394974775179703e-18,1.0,2.0997,4.459534831237343e+54,2.5342570067609003e+69,0.0,0.0,0.0
-41.96,2.7924983252073933e+34,3.386448288941617e-19,1.3127587207679002e-18,1.0,2.0997,4.199831740342878e+54,2.339414068885825e+69,-3.831238852164722e+53,3.831238852164722e+53,-1.6376916353202023e-16
-41.94,2.6830028997097966e+34,3.660670438096132e-19,1.4426386136970337e-18,1.0,2.0997,3.955252580076326e+54,2.1595513679553495e+69,-3.831238852164722e+53,3.831238852164722e+53,-1.7740901693818516e-16
-41.92,2.577800851256253e+34,3.96896613130771e-19,1.5388768180886025e-18,1.0,2.0997,3.724916601283522e+54,1.993517168621235e+69,-3.831238852164722e+53,3.831238852164722e+53,-1.921848937380606e-16
-41.9,2.476723834124861e+34,4.249396749504903e-19,1.424256267276852e-18,1.0,2.0997,3.507994345647943e+54,1.840248285156642e+69,0.0,0.0,0.0
-41.879999999999995,2.3796101035240024e+34,4.517906350543977e-19,1.307384939469444e-18,1.0,2.0997,3.303704658745309e+54,1.6987632734380505e+69,1.915619426082361e+53,1.915619426082361e+53,1.1276553102101278e-16
-41.86,2.286304256766046e+34,4.79050125838795e-19,1.3735054504510794e-18,1.0,2.0997,3.111311877043423e+54,1.5681561463519594e+69,1.915619426082361e+53,1.915619426082361e+53,1.221574414345606e-16
-41.84,2.196656984589836e+34,5.072898255984917e-19,1.4525562264179512e-18,1.0,2.0997,2.9301231787189673e+54,1.4475905723841905e+69,-1.915619426082361e+53,1.915619426082361e+53,-1.323315765263185e-16
-41.82,2.1105248322340885e+34,5.357239504378146e-19,1.4188307515112346e-18,1.0,2.0997,2.7594860887506584e+54,1.3362945202430159e+69,-3.831238852164722e+53,3.831238852164722e+53,-2.8670617099200356e-16
-41.8,2.027769969879229e+34,5.65142797469446e-19,1.4989487146730921e-18,1.0,2.0997,2.5987861293044434e+54,1.2335553152232e+69,1.915619426082361e+53,1.915619426082361e+53,1.5529254362912325e-16
-41.78,1.9482599720902032e+34,5.957163680811688e-19,1.5286592638517474e-18,1.0,2.0997,2.4474446069496437e+54,1.1387150756546733e+69,0.0,0.0,0.0
-41.76,1.8718676059074554e+34,6.258241552150604e-19,1.542008486285874e-18,1.0,2.0997,2.3049165287372108e+54,1.0511665002137104e+69,0.0,0.0,0.0
-41.739999999999995,1.7984706272472147e+34,6.570976876655758e-19,1.5790473274194649e-18,1.0,2.0997,2.170688639636789e+54,9.703489791212949e+68,0.0,0.0,0.0
-41.72,1.7279515852847923e+34,6.865190187831719e-19,1.4579495015961093e-18,1.0,2.0997,2.0442775742641925e+54,8.95745004326466e+68,0.0,0.0,0.0
-41.7,1.6601976345081565e+34,7.15895880156882e-19,1.4407728149213777e-18,1.0,2.0997,1.9252281162436796e+54,8.268768556879417e+68,0.0,0.0,0.0
-41.68,1.5951003541410955e+34,7.457003655967138e-19,1.4728032590001598e-18,1.0,2.0997,1.8131115589374807e+54,7.633035419343127e+68,0.0,0.0,0.0
-41.66,1.5325555746468858e+34,7.744837305454972e-19,1.4960506816071901e-18,1.0,2.0997,1.7075241616389627e+54,7.046179768143721e+68,0.0,0.0,0.0
-41.64,1.4724632110347597e+34,8.049118956618062e-19,1.6234170233885462e-18,1.0,2.0997,1.6080856956697723e+54,6.504443723552369e+68,0.0,0.0,0.0
-41.620000000000005,1.414727102702527e+34,8.407703585343732e-19,1.7757589396095945e-18,1.0,2.0997,1.5144380751459631e+54,6.004358325363243e+68,0.0,0.0,0.0
-41.599999999999994,1.3592548595591243e+34,8.76494106646843e-19,1.830073661239506e-18,1.0,2.0997,1.4262440674820218e+54,5.542721319705269e+68,9.578097130411805e+52,9.578097130411805e+52,1.7280495586815988e-16
-41.58,1.3059577141808912e+34,9.152534118085344e-19,1.930637442510161e-18,1.0,2.0997,1.3431860789895239e+54,5.116576653685721e+68,9.578097130411805e+52,9.578097130411805e+52,1.8719737392211658e-16
-41.56,1.2547503797645186e+34,9.5466924957893e-19,1.9775032078824243e-18,1.0,2.0997,1.26496501119644e+54,4.723195546557598e+68,9.578097130411805e+52,9.578097130411805e+52,2.0278849427253916e-16
-41.54,1.2055509136501086e+34,9.944342590505624e-19,2.0741069072110334e-18,1.0,2.0997,1.1912991837698066e+54,4.360059016207824e+68,0.0,0.0,0.0
-41.519999999999996,1.1582805861954514e+34,1.037482809857704e-18,2.0904001950056212e-18,1.0,2.0997,1.1219233201622496e+54,4.0248417490718253e+68,-9.578097130411805e+52,9.578097130411805e+52,-2.3797450254089117e-16
-41.5,1.112863754791761e+34,1.0782292438265365e-18,2.095618095574256e-18,1.0,2.0997,1.0565875923299053e+54,3.7153972101876394e+68,0.0,0.0,0.0
-41.480000000000004,1.0692277428193332e+34,1.120371028678225e-18,2.1392057631991267e-18,1.0,2.0997,9.950567210814894e+53,3.429743898043568e+68,4.789048565205903e+52,4.789048565205903e+52,1.3963283287529747e-16
-41.46,1.0273027233494852e+34,1.1670055912317325e-18,2.327509041648067e-18,1.0,2.0997,9.371091288191652e+53,3.166052656203797e+68,0.0,0.0,0.0
-41.44,9.870216074065998e+33,1.2144980218720497e-18,2.4442177002476196e-18,1.0,2.0997,8.825361416199208e+53,2.9226349604625155e+68,0.0,0.0,0.0
-41.42,9.483199366114192e+33,1.2631656751588104e-18,2.4290449313879067e-18,1.0,2.0997,8.31141237783937e+53,2.69793210652405e+68,0.0,0.0,0.0
-41.4,9.111357800338464e+33,1.313750749447459e-18,2.5505670056536387e-18,1.0,2.0997,7.827393401442119e+53,2.49050522897365e+68,0.0,0.0,0.0
-41.379999999999995,8.754096350903284e+33,1.365430583956598e-18,2.6659025285092638e-18,1.0,2.0997,7.371561495889546e+53,2.299026087626939e+68,0.0,0.0,0.0
-41.36,8.410843323269833e+33,1.420396454029765e-18,2.77430460763174e-18,1.0,2.0997,6.942275173964108e+53,2.122268562257775e+68,0.0,0.0,0.0
-41.34,8.08104943936255e+33,1.4747630293740836e-18,2.7014749851965857e-18,1.0,2.0997,6.537988541221894e+53,1.9591008012426468e+68,-2.3945242826029513e+52,2.3945242826029513e+52,-1.2222568032661258e-16
-41.32,7.764186958607292e+33,1.525831390200342e-18,2.539537350750254e-18,1.0,2.0997,6.157245729102986e+53,1.8084779738462204e+68,0.0,0.0,0.0
-41.3,7.459748833434036e+33,1.5755273809434242e-18,2.523110252919666e-18,1.0,2.0997,5.798675652232186e+53,1.6694355797376082e+68,-4.789048565205903e+52,4.789048565205903e+52,-2.8686632915530646e-16
-41.28,7.167247897892341e+33,1.6252336694639554e-18,2.4062923889074014e-18,1.0,2.0997,5.460987071030849e+53,1.5410832728952603e+68,-2.3945242826029513e+52,2.3945242826029513e+52,-1.5537929226266326e-16
-41.26,6.886216088081608e+33,1.6727301508449867e-18,2.4469706639383064e-18,1.0,2.0997,5.1429639418589685e+53,1.4225991603526137e+68,2.3945242826029513e+52,2.3945242826029513e+52,1.6832037789263293e-16
-41.239999999999995,6.616203693149592e+33,1.724309854880468e-18,2.594180510404947e-18,1.0,2.0997,4.843461037945341e+53,1.3132245392773842e+68,0.0,0.0,0.0
-41.22,6.356778635658778e+33,1.7771771674286017e-18,2.627145248195178e-18,1.0,2.0997,4.561399825334129e+53,1.2122590386830314e+68,2.3945242826029513e+52,2.3945242826029513e+52,1.9752579326645355e-16
-41.2,6.107525780170116e+33,1.8300226790987295e-18,2.7223025686195748e-18,1.0,2.0997,4.295764578997121e+53,1.119056134663273e+68,2.3945242826029513e+52,2.3945242826029513e+52,2.1397713737778314e-16
-41.18,5.868046268937964e+33,1.8870891689810372e-18,2.9114689122317297e-18,1.0,2.0997,4.045598725126893e+53,1.0330190104318988e+68,-2.3945242826029513e+52,2.3945242826029513e+52,-2.3179866569946337e-16
-41.16,5.637956883652755e+33,1.9462005793886302e-18,3.0721460556581342e-18,1.0,2.0997,3.8100013964381513e+53,9.535967346578205e+67,2.3945242826029513e+52,2.3945242826029513e+52,2.5110449685654273e-16
-41.14,5.416889432209753e+33,2.0076801190198523e-18,3.1085552121095686e-18,1.0,2.0997,3.588124188071955e+53,8.802807336235673e+67,2.3945242826029513e+52,2.3945242826029513e+52,2.720182540797157e-16
-41.120000000000005,5.204490159522997e+33,2.071270797440142e-18,3.1033292353074204e-18,1.0,2.0997,3.379168102421986e+53,8.126015346171479e+67,0.0,0.0,0.0
-41.099999999999994,5.000419181441783e+33,2.1340286350888597e-18,3.127022640121382e-18,1.0,2.0997,3.182380671880114e+53,7.501257597039242e+67,-1.1972621413014757e+52,1.1972621413014757e+52,-1.5960818913538335e-16
-41.08,4.804349940864008e+33,2.196053345136753e-18,3.1921970263279964e-18,1.0,2.0997,2.99705324914074e+53,6.92453350628397e+67,-1.1972621413014757e+52,1.1972621413014757e+52,-1.7290148718537684e-16
-41.06,4.615968685174265e+33,2.261581395406302e-18,3.325378804438835e-18,1.0,2.0997,2.8225184553042197e+53,6.392150070752801e+67,0.0,0.0,0.0
-41.04,4.434973964173241e+33,2.328771777057168e-18,3.321134036596708e-18,1.0,2.0997,2.6581477765925066e+53,5.900698218868327e+67,0.0,0.0,0.0
-41.019999999999996,4.2610761476931374e+33,2.3929668023311003e-18,3.2409530106939e-18,1.0,2.0997,2.5033493010206086e+53,5.447030980931791e+67,0.0,0.0,0.0
-41.0,4.093996962127464e+33,2.4586636106909003e-18,3.288056464346719e-18,1.0,2.0997,2.357565586874156e+53,5.028243337772648e+67,0.0,0.0,0.0
-40.980000000000004,3.9334690451337926e+33,2.524216458270927e-18,3.3687597324932646e-18,1.0,2.0997,2.220271655316842e+53,4.641653618707703e+67,0.0,0.0,0.0
-40.96,3.779235517797097e+33,2.592442282376565e-18,3.461809042560993e-18,1.0,2.0997,2.090973099899759e+53,4.2847863296937074e+67,0.0,0.0,0.0
-40.94,3.631049573568791e+33,2.6640758747954158e-18,3.5638792235568645e-18,1.0,2.0997,1.969204306164303e+53,3.9553563017142095e+67,0.0,0.0,0.0
-40.92,3.488674083323469e+33,2.736645158039507e-18,3.702104804334518e-18,1.0,2.0997,1.854526774926941e+53,3.6512540578958353e+67,0.0,0.0,0.0
-40.9,3.35188121590158e+33,2.8130358755831103e-18,3.826018047298284e-18,1.0,2.0997,1.7465275432085426e+53,3.370532305654139e+67,-5.986310706507379e+51,5.986310706507379e+51,-1.7760727872167803e-16
-40.879999999999995,3.220452073531266e+33,2.8898469547110012e-18,3.9229015729910294e-18,1.0,2.0997,1.6448176971218334e+53,3.111393467373533e+67,5.986310706507379e+51,5.986310706507379e+51,1.9239966816413802e-16
-40.86,3.0941763415450665e+33,2.969569108147908e-18,4.025981512783394e-18,1.0,2.0997,1.5490309713610799e+53,2.872178169773148e+67,0.0,0.0,0.0
-40.84,2.9728519518314953e+33,3.0508109523013983e-18,4.114211596978071e-18,1.0,2.0997,1.4588224302514404e+53,2.651354618252485e+67,-5.986310706507379e+51,5.986310706507379e+51,-2.257831021658257e-16
-40.82,2.856284759483054e+33,3.1322987479006032e-18,4.0700206360379714e-18,1.0,2.0997,1.373867225607985e+53,2.4475087881765368e+67,0.0,0.0,0.0
-40.8,2.744288232123035e+33,3.211590627186039e-18,4.0261424832364274e-18,1.0,2.0997,1.2938594269313683e+53,2.259335370290679e+67,-2.9931553532536892e+51,2.9931553532536892e+51,-1.3247946243892876e-16
-40.78,2.636683151413833e+33,3.294244520499514e-18,4.1565442248161785e-18,1.0,2.0997,1.218510919727618e+53,2.0856294122848614e+67,5.986310706507379e+51,5.986310706507379e+51,2.8702657678523924e-16
-40.76,2.5332973262692604e+33,3.3810087144540346e-18,4.44764667832632e-18,1.0,2.0997,1.1475503679845915e+53,1.9252786029848837e+67,0.0,0.0,0.0
-40.739999999999995,2.4339653173123076e+33,3.47187707503476e-18,4.594394466366611e-18,1.0,2.0997,1.080722237069424e+53,1.7772561497637502e+67,-2.9931553532536892e+51,2.9931553532536892e+51,-1.684144040605261e-16
-40.72,2.338528172136717e+33,3.566757181688902e-18,4.813392676380194e-18,1.0,2.0997,1.017785873527824e+53,1.6406142035631185e+67,0.0,0.0,0.0
-40.7,2.246833170949162e+33,3.665336959579156e-18,4.9941443821057216e-18,1.0,2.0997,9.585146384715798e+52,1.5144777894232304e+67,0.0,0.0,0.0
-40.68,2.158733582185068e+33,3.766713870435062e-18,5.124463916367205e-18,1.0,2.0997,9.026950914338473e+52,1.3980392036560637e+67,0.0,0.0,0.0
-40.66,2.0740884277068645e+33,3.8711473536784186e-18,5.283613077992371e-18,1.0,2.0997,8.50126221752986e+52,1.2905528417842514e+67,0.0,0.0,0.0
-40.64,1.9927622572088178e+33,3.978799954332259e-18,5.465444728759272e-18,1.0,2.0997,8.0061872471695e+52,1.191330424126787e+67,-2.9931553532536892e+51,2.9931553532536892e+51,-2.5124476741602324e-16
-40.620000000000005,1.914624931467593e+33,4.088606393117131e-18,5.592026829383695e-18,1.0,2.0997,7.539943198618834e+52,1.0997365884591783e+67,-2.9931553532536892e+51,2.9931553532536892e+51,-2.721702073627764e-16
-40.599999999999994,1.8395514140917665e+33,4.2032504963467745e-18,5.679103574700556e-18,1.0,2.0997,7.100851089698777e+52,1.0151848215260985e+67,-2.9931553532536892e+51,2.9931553532536892e+51,-2.948384658425195e-16
-40.58,1.767421571437106e+33,4.317000616388472e-18,5.76277655509755e-18,1.0,2.0997,6.687329714541452e+52,9.371337033543558e+66,1.4965776766268446e+51,1.4965776766268446e+51,1.596973485501606e-16
-40.56,1.698119980366788e+33,4.4319589472943486e-18,5.882504909734028e-18,1.0,2.0997,6.297889949539294e+52,8.650834403162641e+66,-1.4965776766268446e+51,1.4965776766268446e+51,-1.7299807242636652e-16
-40.54,1.6315357435499504e+33,4.551386019405836e-18,5.950352263518674e-18,1.0,2.0997,5.931129390892787e+52,7.98572664744321e+66,0.0,0.0,0.0
-40.519999999999996,1.5675623120023158e+33,4.671713368180891e-18,6.001671276225036e-18,1.0,2.0997,5.585727304441882e+52,7.371754806030083e+66,-1.4965776766268446e+51,1.4965776766268446e+51,-2.0301511865297465e-16
-40.5,1.5060973145850364e+33,4.791905734253251e-18,6.107166273106691e-18,1.0,2.0997,5.260439869596574e+52,6.80498736300072e+66,0.0,0.0,0.0
-40.480000000000004,1.4470423941889887e+33,4.9163045648047784e-18,6.294845765706294e-18,1.0,2.0997,4.954095700238664e+52,6.281795071740553e+66,-7.482888383134223e+50,7.482888383134223e+50,-1.1912022435747517e-16
-40.46,1.390303050342465e+33,5.044350156005783e-18,6.532753551210758e-18,1.0,2.0997,4.66559162646692e+52,5.798827715374641e+66,-7.482888383134223e+50,7.482888383134223e+50,-1.2904139854499402e-16
-40.44,1.3357884879902927e+33,5.1774460394526454e-18,6.654613974207844e-18,1.0,2.0997,4.3938887219941855e+52,5.352992653942134e+66,-7.482888383134223e+50,7.482888383134223e+50,-1.3978887823848398e-16
-40.42,1.2834114722023336e+33,5.311133029072955e-18,6.761171276733537e-18,1.0,2.0997,4.138008562889994e+52,4.9414350209416426e+66,0.0,0.0,0.0
-40.4,1.23308818857893e+33,5.448393028478078e-18,6.927307195283459e-18,1.0,2.0997,3.8970297041976583e+52,4.561519442438561e+66,7.482888383134223e+50,7.482888383134223e+50,1.640437682566108e-16
-40.379999999999995,1.1847381091300969e+33,5.586421401520362e-18,6.957511369389811e-18,1.0,2.0997,3.670084361737662e+52,4.210813161675436e+66,-7.482888383134223e+50,7.482888383134223e+50,-1.7770649268505659e-16
-40.36,1.1382838634134988e+33,5.725769614239148e-18,6.964222825366452e-18,1.0,2.0997,3.456355287146756e+52,3.887070461122648e+66,0.0,0.0,0.0
-40.34,1.0936511147252042e+33,5.866223173518678e-18,7.065290568074805e-18,1.0,2.0997,3.2550728249012553e+52,3.588218282219012e+66,0.0,0.0,0.0
-40.32,1.0507684411451355e+33,6.0076867128209046e-18,7.195788899718381e-18,1.0,2.0997,3.0655121407258865e+52,3.3123429507197034e+66,3.7414441915671115e+50,3.7414441915671115e+50,1.1295461391623528e-16
-40.3,1.0095672212467894e+33,6.150982193224807e-18,7.181814851238977e-18,1.0,2.0997,2.886990611407519e+52,3.0576779226478624e+66,0.0,0.0,0.0
-40.28,9.6998152428828e+32,6.293054841218115e-18,7.176608741321807e-18,1.0,2.0997,2.718865366614339e+52,2.8225924723818178e+66,0.0,0.0,0.0
-40.26,9.319480047090463e+32,6.439637170341393e-18,7.33408329263655e-18,1.0,2.0997,2.560530973867915e+52,2.6055812504434926e+66,-7.482888383134223e+50,7.482888383134223e+50,-2.8718691393179536e-16
-40.239999999999995,8.954058007635257e+32,6.587277961788995e-18,7.46825207532358e-18,1.0,2.0997,2.4114172583326994e+52,2.4052546441228884e+66,0.0,0.0,0.0
-40.22,8.602964371293319e+32,6.736779215750759e-18,7.608856540403594e-18,1.0,2.0997,2.2709872495707292e+52,2.2203298792122443e+66,3.7414441915671115e+50,3.7414441915671115e+50,1.685084827527749e-16
-40.2,8.265637313342391e+32,6.890574557919536e-18,7.694998367441952e-18,1.0,2.0997,2.1387352478677793e+52,2.0496228058715197e+66,-3.7414441915671115e+50,3.7414441915671115e+50,-1.8254306015960697e-16
-40.18,7.941537038522703e+32,7.044093870161839e-18,7.68309958746134e-18,1.0,2.0997,2.0141850031683584e+52,1.8920403160268186e+66,-3.7414441915671115e+50,3.7414441915671115e+50,-1.977465363647166e-16
-40.16,7.630144917249584e+32,7.197695889604163e-18,7.786433726773478e-18,1.0,2.0997,1.8968880000612332e+52,1.7465733437468705e+66,3.7414441915671115e+50,3.7414441915671115e+50,2.14216265521416e-16
-40.14,7.330962655695236e+32,7.35509500871485e-18,8.015507011993023e-18,1.0,2.0997,1.7864218426392472e+52,1.6122904037759266e+66,0.0,0.0,0.0
-40.120000000000005,7.043511498412109e+32,7.520308497314563e-18,8.361904082236865e-18,1.0,2.0997,1.6823887334178847e+52,1.4883316268478909e+66,0.0,0.0,0.0
-40.099999999999994,6.767331462222172e+32,7.689867544817256e-18,8.618432024038031e-18,1.0,2.0997,1.5844140408346406e+52,1.3739032535874464e+66,0.0,0.0,0.0
-40.08,6.501980600146364e+32,7.862467388024634e-18,8.6845473718862e-18,1.0,2.0997,1.4921449501709877e+52,1.2682725517403753e+66,1.8707220957835557e+50,1.8707220957835557e+50,1.4750158341095154e-16
-40.06,6.2470342941939616e+32,8.035391196461776e-18,8.651196234509194e-18,1.0,2.0997,1.4052491930378891e+52,1.1707631241850493e+66,0.0,0.0,0.0
-40.04,6.002084575883909e+32,8.21010108641595e-18,8.847350998504471e-18,1.0,2.0997,1.3234138508509666e+52,1.0807505776818924e+66,1.8707220957835557e+50,1.8707220957835557e+50,1.7309471162125624e-16
-40.019999999999996,5.766739473408275e+32,8.388312449415061e-18,8.968770291578916e-18,1.0,2.0997,1.2463442279855743e+52,9.976585246249421e+65,-1.8707220957835557e+50,1.8707220957835557e+50,-1.8751126258223555e-16
-40.0,5.5406223843935455e+32,8.56794174055856e-18,9.101137732168757e-18,1.0,2.0997,1.1737627905542691e+52,9.209548921932726e+65,1.8707220957835557e+50,1.8707220957835557e+50,2.0312852579873582e-16
-39.980000000000004,5.323371473256325e+32,8.751526684165783e-18,9.261922100327469e-18,1.0,2.0997,1.1054081669849007e+52,8.501485152683655e+65,0.0,0.0,0.0
-39.96,5.1146390921893894e+32,8.938932042174784e-18,9.445561905747072e-18,1.0,2.0997,1.0410342068007371e+52,7.847859913005468e+65,0.0,0.0,0.0
-39.94,4.9140912248511616e+32,9.126251334788476e-18,9.452921845096925e-18,1.0,2.0997,9.804090942129422e+51,7.244487769847658e+65,0.0,0.0,0.0
-39.92,4.721406951868138e+32,9.313401833525393e-18,9.407049254056013e-18,1.0,2.0997,9.233145133332183e+51,6.687505081544543e+65,-1.8707220957835557e+50,1.8707220957835557e+50,-2.797339326060697e-16
-39.9,4.5362779372952404e+32,9.499458273800627e-18,9.393547901630824e-18,1.0,2.0997,8.695448620008117e+51,6.173345257317382e+65,0.0,0.0,0.0
-39.879999999999995,4.3584079352129256e+32,9.691400773562244e-18,9.691064292353092e-18,1.0,2.0997,8.189065113927725e+51,5.698715918918017e+65,0.0,0.0,0.0
-39.86,4.1875123156702955e+32,9.88893863575154e-18,9.987156192571674e-18,1.0,2.0997,7.712171087509277e+51,5.260577818167043e+65,0.0,0.0,0.0
-39.84,4.023317609216343e+32,1.0092108630071563e-17,1.0305500772420874e-17,1.0,2.0997,7.26304920715019e+51,4.856125375389019e+65,9.353610478917779e+49,9.353610478917779e+49,1.9261468260934942e-16
-39.82,3.865561069290611e+32,1.0302035973246287e-17,1.060438012853699e-17,1.0,2.0997,6.840082148971231e+51,4.4827687141244845e+65,0.0,0.0,0.0
-39.8,3.713990251772759e+32,1.0516758246268545e-17,1.0798453064012837e-17,1.0,2.0997,6.44174677470373e+51,4.1381170770788597e+65,4.6768052394588893e+49,4.6768052394588893e+49,1.1301771197735715e-16
-39.78,3.568362611017974e+32,1.0738386594169626e-17,1.1168356967275032e-17,1.0,2.0997,6.06660864674677e+51,3.8199635171132426e+65,4.6768052394588893e+49,4.6768052394588893e+49,1.2243062580328225e-16
-39.76,3.4284451117320575e+32,1.0962719830749292e-17,1.1528983565035253e-17,1.0,2.0997,5.713316862641628e+51,3.5262707652477753e+65,-4.6768052394588893e+49,4.6768052394588893e+49,-1.3262751362004942e-16
-39.739999999999995,3.2940138560655475e+32,1.1197137036227426e-17,1.1798057603173918e-17,1.0,2.0997,5.3805991903646277e+51,3.255158185185492e+65,-4.6768052394588893e+49,4.6768052394588893e+49,-1.436736703224857e-16
-39.72,3.164853725329225e+32,1.1435332810103154e-17,1.2068113280305598e-17,1.0,2.0997,5.06725748691759e+51,3.004889730819031e+65,0.0,0.0,0.0
-39.7,3.040758035758231e+32,1.1680567999613072e-17,1.2413889591041498e-17,1.0,2.0997,4.772163383718294e+51,2.7738628296084294e+65,-4.6768052394588893e+49,4.6768052394588893e+49,-1.6860261399872493e-16
-39.68,2.9215282077740535e+32,1.1932306994515767e-17,1.2684924879781184e-17,1.0,2.0997,4.4942542232552146e+51,2.5605981206457967e+65,0.0,0.0,0.0
-39.66,2.8069734482149077e+32,1.218599945589441e-17,1.2848696267195797e-17,1.0,2.0997,4.2325292323729776e+51,2.363729981695004e+65,0.0,0.0,0.0
-39.64,2.696910445025886e+32,1.2447955944943849e-17,1.3173355094649916e-17,1.0,2.0997,3.9860459184074835e+51,2.1819977845468768e+65,0.0,0.0,0.0
-39.620000000000005,2.5911630739204845e+32,1.271278305175053e-17,1.3461917485079872e-17,1.0,2.0997,3.753916675194466e+51,2.0142378226946786e+65,0.0,0.0,0.0
-39.599999999999994,2.4895621165442214e+32,1.2983527872756803e-17,1.3638517636766008e-17,1.0,2.0997,3.535305586728542e+51,1.8593758596396077e+65,0.0,0.0,0.0
-39.58,2.391944989689413e+32,1.3259072926712116e-17,1.3924872469025328e-17,1.0,2.0997,3.329425416963233e+51,1.7164202501100522e+65,4.6768052394588893e+49,4.6768052394588893e+49,2.724743686261528e-16
-39.56,2.298155485126919e+32,1.3538470290657643e-17,1.415905807919025e-17,1.0,2.0997,3.1355347749099605e+51,1.584455590145652e+65,0.0,0.0,0.0
-39.54,2.2080435196399148e+32,1.382503371100308e-17,1.4452939656218504e-17,1.0,2.0997,2.952935444830264e+51,1.462636855387117e+65,2.3384026197294447e+49,2.3384026197294447e+49,1.5987581682470941e-16
-39.519999999999996,2.1214648948587425e+32,1.4118891504086558e-17,1.4889549982788202e-17,1.0,2.0997,2.7809698719049234e+51,1.3501839900353767e+65,2.3384026197294447e+49,2.3384026197294447e+49,1.7319140480018035e-16
-39.5,2.03828106651269e+32,1.4421726592532063e-17,1.5318328371311073e-17,1.0,2.0997,2.6190187943264196e+51,1.2463769118312065e+65,-2.3384026197294447e+49,2.3384026197294447e+49,-1.8761600905249111e-16
-39.480000000000004,1.9583589227295426e+32,1.4730393246368473e-17,1.5625446527327445e-17,1.0,2.0997,2.4664990132872314e+51,1.1505509010702998e+65,0.0,0.0,0.0
-39.46,1.8815705710282537e+32,1.504806103147334e-17,1.5978220168360977e-17,1.0,2.0997,2.3228612928344207e+51,1.0620923441278536e+65,0.0,0.0,0.0
-39.44,1.8077931336637417e+32,1.5367792568895892e-17,1.6169719692673008e-17,1.0,2.0997,2.1875883820271083e+51,9.804348042365093e+64,1.1692013098647223e+49,1.1692013098647223e+49,1.1925334604733705e-16
-39.42,1.7369085509962213e+32,1.568967448379747e-17,1.6217111322738606e-17,1.0,2.0997,2.0601931522741056e+51,9.050553943571174e+64,0.0,0.0,0.0
-39.4,1.668803392570524e+32,1.6015540899252863e-17,1.6444950596146283e-17,1.0,2.0997,1.9402168431448543e+51,8.354714289164476e+64,0.0,0.0,0.0
-39.379999999999995,1.6033686756033182e+32,1.6348671440903438e-17,1.6794565834663866e-17,1.0,2.0997,1.8272274103366128e+51,7.712373329717634e+64,-1.1692013098647223e+49,1.1692013098647223e+49,-1.5160071483566285e-16
-39.36,1.5404996905873281e+32,1.6686731509009742e-17,1.7144268325777348e-17,1.0,2.0997,1.7208179698480353e+51,7.119417890098788e+64,1.1692013098647223e+49,1.1692013098647223e+49,1.642270938317501e-16
-39.34,1.4800958337337385e+32,1.7035518770967875e-17,1.7581840993707327e-17,1.0,2.0997,1.6206053327573483e+51,6.572051031107749e+64,0.0,0.0,0.0
-39.32,1.4220604459847203e+32,1.739060856338938e-17,1.7974806569959262e-17,1.0,2.0997,1.5262286253283666e+51,6.066767736102632e+64,0.0,0.0,0.0
-39.3,1.3663006583383537e+32,1.775372456832587e-17,1.830562154133078e-17,1.0,2.0997,1.4373479894752746e+51,5.600332466927313e+64,-1.1692013098647223e+49,1.1692013098647223e+49,-2.0877355349336754e-16
-39.28,1.3127272432383677e+32,1.8122123356509073e-17,1.8651636016928645e-17,1.0,2.0997,1.3536433589064559e+51,5.1697584454204785e+64,5.846006549323612e+48,5.846006549323612e+48,1.1308084528595372e-16
-39.26,1.2612544717909591e+32,1.850034600813379e-17,1.921925021953991e-17,1.0,2.0997,1.2748133065399512e+51,4.7722885278379464e+64,0.0,0.0,0.0
-39.239999999999995,1.211799976580388e+32,1.889717053015224e-17,2.0079775251098018e-17,1.0,2.0997,1.2005739590405712e+51,4.4053775497205673e+64,-5.846006549323612e+48,5.846006549323612e+48,-1.327016012440129e-16
-39.22,1.164284619863479e+32,1.9306197331825043e-17,2.0719168550178136e-17,1.0,2.0997,1.130657974569252e+51,4.066676028151824e+64,0.0,0.0,0.0
-39.2,1.118632366932317e+32,1.9725361510997317e-17,2.1172213244856774e-17,1.0,2.0997,1.0648135800635356e+51,3.754015117045687e+64,5.846006549323612e+48,5.846006549323612e+48,1.5572677165786432e-16
-39.18,1.0747701644425304e+32,2.0151941329559997e-17,2.1573710720629225e-17,1.0,2.0997,1.002803664582693e+51,3.4653927191273705e+64,5.846006549323612e+48,5.846006549323612e+48,1.6869679782773766e-16
-39.16,1.0326278235123828e+32,2.0588568269464108e-17,2.203302390667005e-17,1.0,2.0997,9.444049254522932e+50,3.1989606656756674e+64,0.0,0.0,0.0
-39.14,9.921379074055545e+31,2.1034794348400417e-17,2.2560923620574463e-17,1.0,2.0997,8.894070641332568e+50,2.953012881933129e+64,0.0,0.0,0.0
-39.120000000000005,9.532356236179502e+31,2.149054646362617e-17,2.2994256020057735e-17,1.0,2.0997,8.376120289200025e+50,2.725974462402824e+64,0.0,0.0,0.0
-39.099999999999994,9.15858720195887e+31,2.1954454063722433e-17,2.3386572444793678e-17,1.0,2.0997,7.888333017403783e+50,2.5163915860764655e+64,-2.923003274661806e+48,2.923003274661806e+48,-1.161585220215759e-16
-39.08,8.799473861197782e+31,2.2426783413105285e-17,2.3834068108432945e-17,1.0,2.0997,7.42895226489259e+50,2.3229222070170153e+64,0.0,0.0,0.0
-39.06,8.454441555935814e+31,2.290588925170758e-17,2.4188841616631845e-17,1.0,2.0997,6.996323764766303e+50,2.1443274606819616e+64,0.0,0.0,0.0
-39.04,8.122938160873617e+31,2.3395670585377694e-17,2.4722091038112624e-17,1.0,2.0997,6.5888895871295165e+50,1.97946373096124e+64,2.923003274661806e+48,2.923003274661806e+48,1.476664224225154e-16
-39.019999999999996,7.80443319985472e+31,2.389815585070151e-17,2.550873975565499e-17,1.0,2.0997,6.20518252886104e+50,1.8272753271297756e+64,-2.923003274661806e+48,2.923003274661806e+48,-1.5996512574014037e-16
-39.0,7.49841699699025e+31,2.441530374219462e-17,2.6092350112882207e-17,1.0,2.0997,5.843820830098016e+50,1.68678772382251e+64,2.923003274661806e+48,2.923003274661806e+48,1.7328815199328978e-16
-38.980000000000004,7.20439986106857e+31,2.4938318635082662e-17,2.6433441119426947e-17,1.0,2.0997,5.503503198407241e+50,1.5571013207448896e+64,2.923003274661806e+48,2.923003274661806e+48,1.8772081403562033e-16
-38.96,6.921911301945105e+31,2.547099317558792e-17,2.682714224052464e-17,1.0,2.0997,5.183004122727331e+50,1.4373856821598097e+64,0.0,0.0,0.0
-38.94,6.650499277657927e+31,2.601104596130687e-17,2.7272856064359684e-17,1.0,2.0997,4.881169460205532e+50,1.3268742192638093e+64,0.0,0.0,0.0
-38.92,6.3897294710639435e+31,2.6563774692870672e-17,2.7971591636340115e-17,1.0,2.0997,4.5969122800361966e+50,1.224859281401447e+64,1.461501637330903e+48,1.461501637330903e+48,1.1931996267021317e-16
-38.9,6.139184594838561e+31,2.7130382143039934e-17,2.863097224938204e-17,1.0,2.0997,4.329208949335923e+50,1.1306876246850497e+64,1.461501637330903e+48,1.461501637330903e+48,1.2925777247610228e-16
-38.879999999999995,5.8984637237274885e+31,2.7707712168021894e-17,2.910918400930019e-17,1.0,2.0997,4.077095446960091e+50,1.0437562290038336e+64,1.461501637330903e+48,1.461501637330903e+48,1.4002327331983546e-16
-38.86,5.667181652980505e+31,2.8296553877944256e-17,2.980326861500298e-17,1.0,2.0997,3.8396638919848805e+50,9.63508436636327e+63,1.461501637330903e+48,1.461501637330903e+48,1.5168540116089125e-16
-38.84,5.4449682819415205e+31,2.889891453374917e-17,3.042238897672146e-17,1.0,2.0997,3.616059274355465e+50,8.894303877404396e+63,0.0,0.0,0.0
-38.82,5.231468021808752e+31,2.951253723655423e-17,3.100599224916043e-17,1.0,2.0997,3.4054763759263637e+50,8.210477298961932e+63,0.0,0.0,0.0
-38.8,5.026339226616915e+31,3.013976337472748e-17,3.164068191476291e-17,1.0,2.0997,3.2071568708064166e+50,7.579225806308059e+63,0.0,0.0,0.0
-38.78,4.8292536465306285e+31,3.078071255757525e-17,3.241392910017911e-17,1.0,2.0997,3.0203865945665594e+50,6.99650723475851e+63,0.0,0.0,0.0
-38.76,4.639895902574448e+31,3.143636297604342e-17,3.307511429180931e-17,1.0,2.0997,2.8444929724760867e+50,6.458590196017859e+63,1.461501637330903e+48,1.461501637330903e+48,2.2628802772344173e-16
-38.739999999999995,4.457962981959639e+31,3.210238432851051e-17,3.365746752583387e-17,1.0,2.0997,2.678842597507571e+50,5.962030184556477e+63,-1.461501637330903e+48,1.461501637330903e+48,-2.451348940024798e-16
-38.72,4.2831637531988565e+31,3.2783578964754676e-17,3.430373540416766e-17,1.0,2.0997,2.5228389493873648e+50,5.503647521014702e+63,0.0,0.0,0.0
-38.7,4.115218500233524e+31,3.3476327059345564e-17,3.498464888699255e-17,1.0,2.0997,2.3759202464779963e+50,5.080506991399038e+63,0.0,0.0,0.0
-38.68,3.9538584748286093e+31,3.4180994795644185e-17,3.5645051611641955e-17,1.0,2.0997,2.2375574227576863e+50,4.689899051691981e+63,0.0,0.0,0.0
-38.66,3.7988254665182177e+31,3.4899639406583e-17,3.626920666592195e-17,1.0,2.0997,2.1072522226113614e+50,4.329322477519996e+63,0.0,0.0,0.0
-38.64,3.649871389413632e+31,3.563361321468376e-17,3.7057605919203873e-17,1.0,2.0997,1.984535406571984e+50,3.9964683477778596e+63,7.307508186654515e+47,7.307508186654515e+47,1.828491445632821e-16
-38.620000000000005,3.5067578852128637e+31,3.6383582210399906e-17,3.784684405841405e-17,1.0,2.0997,1.8689650615517141e+50,3.689205259650592e+63,0.0,0.0,0.0
-38.599999999999994,3.369255941776587e+31,3.7143835966370513e-17,3.8481987783537284e-17,1.0,2.0997,1.7601250094774526e+50,3.4055656803588745e+63,0.0,0.0,0.0
-38.58,3.237145526660187e+31,3.792149884425942e-17,3.919440951902128e-17,1.0,2.0997,1.6576233086005243e+50,3.1437333482326517e+63,0.0,0.0,0.0
-38.56,3.110215235014319e+31,3.871615643143976e-17,4.011913838824192e-17,1.0,2.0997,1.5610908420825704e+50,2.902031642434397e+63,-3.6537540933272573e+47,3.6537540933272573e+47,-1.259033168315861e-16
-38.54,2.988261951292402e+31,3.952722110918451e-17,4.107144106195601e-17,1.0,2.0997,1.4701799887765307e+50,2.678912846862415e+63,7.307508186654515e+47,7.307508186654515e+47,2.7277886980208335e-16
-38.519999999999996,2.8710905242224377e+31,4.0357955451552526e-17,4.1971488401957136e-17,1.0,2.0997,1.3845633714150025e+50,2.472948239483823e+63,0.0,0.0,0.0
-38.5,2.7585134545232493e+31,4.120863616434971e-17,4.2992549071322565e-17,1.0,2.0997,1.3039326776985004e+50,2.2828189436356062e+63,3.6537540933272573e+47,3.6537540933272573e+47,1.6005448454480131e-16
-38.480000000000004,2.6503505948655524e+31,4.207831525120175e-17,4.38564198776151e-17,1.0,2.0997,1.2279975500380035e+50,2.1073074827111338e+63,-3.6537540933272573e+47,3.6537540933272573e+47,-1.7338495323076186e-16
-38.46,2.546428861597886e+31,4.296445564626162e-17,4.4816643495527456e-17,1.0,2.0997,1.1564845399541215e+50,1.945289984153496e+63,-3.6537540933272573e+47,3.6537540933272573e+47,-1.8782567756431398e-16
-38.44,2.446581957775908e+31,4.3869787415202765e-17,4.572748293449174e-17,1.0,2.0997,1.0891361233672852e+50,1.7957289828342694e+63,0.0,0.0,0.0
-38.42,2.3506501070517276e+31,4.479114167920328e-17,4.647583398177573e-17,1.0,2.0997,1.0257097732327603e+50,1.657666777734587e+63,0.0,0.0,0.0
-38.4,2.2584797979975653e+31,4.5726759731149045e-17,4.7209642042525624e-17,1.0,2.0997,9.6597708618134e+49,1.5302192993888402e+63,1.8268770466636286e+47,1.8268770466636286e+47,1.1938661650608877e-16
-38.379999999999995,2.1699235384549205e+31,4.6676750899175665e-17,4.7960183133216114e-17,1.0,2.0997,9.097229600206393e+49,1.412570448822126e+63,0.0,0.0,0.0
-38.36,2.084839619515546e+31,4.764276888209665e-17,4.8747717444338894e-17,1.0,2.0997,8.567448191347297e+49,1.303966871730432e+63,3.6537540933272573e+47,3.6537540933272573e+47,2.802029846416492e-16
-38.34,2.0030918887569015e+31,4.862695603918328e-17,4.9654680728029263e-17,1.0,2.0997,8.068518849931499e+49,1.2037131344410266e+63,0.0,0.0,0.0
-38.32,1.9245495323693004e+31,4.9631426626126224e-17,5.072823568013848e-17,1.0,2.0997,7.598644891421439e+49,1.1111672707627918e+63,0.0,0.0,0.0
-38.3,1.8490868658259557e+31,5.065501773397708e-17,5.1775372286670775e-17,1.0,2.0997,7.156134262041728e+49,1.0257366712109452e+63,0.0,0.0,0.0
-38.28,1.7765831327608627e+31,5.170348519024112e-17,5.287914271315714e-17,1.0,2.0997,6.73939344555807e+49,9.468742882830529e+62,0.0,0.0,0.0
-38.26,1.706922311732777e+31,5.277223271836987e-17,5.398297689457243e-17,1.0,2.0997,6.346921724896725e+49,8.740751334872868e+62,0.0,0.0,0.0
-38.239999999999995,1.6399929305663127e+31,5.3864661867581084e-17,5.5246019640295136e-17,1.0,2.0997,5.977305777943e+49,8.06873043692185e+62,0.0,0.0,0.0
-38.22,1.5756878879725961e+31,5.498313721162757e-17,5.657829688124886e-17,1.0,2.0997,5.629214588054992e+49,7.448376960910061e+62,-1.8268770466636286e+47,1.8268770466636286e+47,-2.4527182985651124e-16
-38.2,1.5139042821643128e+31,5.612782136036458e-17,5.778623907050203e-17,1.0,2.0997,5.301394650965322e+49,6.875718526665799e+62,0.0,0.0,0.0
-38.18,1.4545432461909426e+31,5.729449248625832e-17,5.892632345325104e-17,1.0,2.0997,4.992665460812304e+49,6.347088165118556e+62,0.0,0.0,0.0
-38.16,1.3975097897305876e+31,5.848486588123932e-17,6.014417651377665e-17,1.0,2.0997,4.701915259044078e+49,5.859100837178024e+62,-9.134385233318143e+46,9.134385233318143e+46,-1.559008026514337e-16
-38.14,1.3427126470851443e+31,5.969985731845726e-17,6.131757420124904e-17,1.0,2.0997,4.428097030886361e+49,5.408631757926743e+62,0.0,0.0,0.0
-38.120000000000005,1.2900641311356784e+31,6.093873217360167e-17,6.256439008682531e-17,1.0,2.0997,4.17022473495854e+49,4.992796387328141e+62,9.134385233318143e+46,9.134385233318143e+46,1.829512867077998e-16
-38.099999999999994,1.2394799930243531e+31,6.220351858494158e-17,6.395901857077562e-17,1.0,2.0997,3.927369752459606e+49,4.608931959322559e+62,-9.134385233318143e+46,9.134385233318143e+46,-1.981887629050609e-16
-38.08,1.1908792873384044e+31,6.349880958457174e-17,6.541467883476738e-17,1.0,2.0997,3.698657543138051e+49,4.254580431034507e+62,9.134385233318143e+46,9.134385233318143e+46,2.1469532381354718e-16
-38.06,1.144184242579994e+31,6.482117605905504e-17,6.683000278349429e-17,1.0,2.0997,3.4832644960013115e+49,3.9274727429047152e+62,-4.567192616659072e+46,4.567192616659072e+46,-1.1628833388874958e-16
-38.04,1.0993201367153523e+31,6.6171240368749e-17,6.823285568847688e-17,1.0,2.0997,3.2804149634272407e+49,3.625514288963254e+62,9.134385233318143e+46,9.134385233318143e+46,2.5194729644630274e-16
-38.019999999999996,1.0562151776035928e+31,6.755047901399749e-17,6.956849329247536e-17,1.0,2.0997,3.089378467994795e+49,3.346771504200259e+62,-4.567192616659072e+46,4.567192616659072e+46,-1.364656239879759e-16
-38.0,1.0148003881139364e+31,6.895462471337392e-17,7.098724965786845e-17,1.0,2.0997,2.9094670719763735e+49,3.089459483148297e+62,4.567192616659072e+46,4.567192616659072e+46,1.4783144564836526e-16
-37.980000000000004,9.750094957475576e+30,7.038898787599734e-17,7.233736554883352e-17,1.0,2.0997,2.740032900018592e+49,2.8519305503934457e+62,0.0,0.0,0.0
-37.96,9.367788265874804e+30,7.185028934102176e-17,7.382957210514717e-17,1.0,2.0997,2.580465806091463e+49,2.632663709827592e+62,4.567192616659072e+46,4.567192616659072e+46,1.734818085427903e-16
-37.94,9.000472034067519e+30,7.334185369892333e-17,7.53187058632513e-17,1.0,2.0997,2.4301911763038235e+49,2.4302549050807026e+62,-4.567192616659072e+46,4.567192616659072e+46,-1.8793059967126987e-16
-37.92,8.64755847771798e+30,7.486117286125185e-17,7.666651185811614e-17,1.0,2.0997,2.2886678596723543e+49,2.243408028766334e+62,4.567192616659072e+46,4.567192616659072e+46,2.0358278824428278e-16
-37.9,8.308482859843533e+30,7.64101790956135e-17,7.820219459235595e-17,1.0,2.0997,2.1553862193935602e+49,2.0709266229691975e+62,0.0,0.0,0.0
-37.879999999999995,7.982702587115716e+30,7.799054366215791e-17,7.984434224788155e-17,1.0,2.0997,2.0298662976010884e+49,1.9117062178301154e+62,2.283596308329536e+46,2.283596308329536e+46,1.1945330757574728e-16
-37.86,7.669696341594778e+30,7.96019337076925e-17,8.136314913358668e-17,1.0,2.0997,1.9116560869986978e+49,1.7647272591679785e+62,2.283596308329536e+46,2.283596308329536e+46,1.2940222328780384e-16
-37.84,7.368963246509538e+30,8.124399305738325e-17,8.289361059873296e-17,1.0,2.0997,1.80032990314584e+49,1.6290485798520718e+62,2.283596308329536e+46,2.283596308329536e+46,1.4017975501606272e-16
-37.82,7.080022064747946e+30,8.291641390604298e-17,8.446400388789664e-17,1.0,2.0997,1.695486851533914e+49,1.5038013731193634e+62,0.0,0.0,0.0
-37.8,6.802410428775218e+30,8.462275644426517e-17,8.616190968529488e-17,1.0,2.0997,1.5967493839330365e+49,1.3881836292451354e+62,2.283596308329536e+46,2.283596308329536e+46,1.6450246640432171e-16
-37.78,6.535684100746915e+30,8.636522697351164e-17,8.801068132414136e-17,1.0,2.0997,1.5037619388106505e+49,1.28145499994253e+62,-2.283596308329536e+46,2.283596308329536e+46,-1.782033944564328e-16
-37.76,6.279416261633352e+30,8.814397971979797e-17,8.987709775710186e-17,1.0,2.0997,1.4161896609257546e+49,1.18293205760582e+62,0.0,0.0,0.0
-37.739999999999995,6.033196828218656e+30,8.995980666885348e-17,9.169305922233459e-17,1.0,2.0997,1.3337171954885566e+49,1.0919839190406964e+62,0.0,0.0,0.0
-37.72,5.796631796879831e+30,9.181474986447844e-17,9.361235521739615e-17,1.0,2.0997,1.256047552542588e+49,1.0080282056578236e+62,-1.141798154164768e+46,1.141798154164768e+46,-1.1327045689356538e-16
-37.7,5.569342613096748e+30,9.370300899744384e-17,9.546996005325035e-17,1.0,2.0997,1.1829010374799216e+49,9.305273142615413e+61,0.0,0.0,0.0
-37.68,5.350965565684332e+30,9.563084608033115e-17,9.729879598329834e-17,1.0,2.0997,1.1140142438385838e+49,8.58984974554072e+61,-1.141798154164768e+46,1.141798154164768e+46,-1.3292411252680707e-16
-37.66,5.141151204777219e+30,9.759570125623629e-17,9.925141212641384e-17,1.0,2.0997,1.049139104754851e+49,7.929430713113624e+61,1.141798154164768e+46,1.141798154164768e+46,1.4399497208246247e-16
-37.64,4.93956378263524e+30,9.95985236873635e-17,1.0112080607554364e-16,1.0,2.0997,9.880419996544603e+48,7.31978710881554e+61,1.141798154164768e+46,1.141798154164768e+46,1.559878910671454e-16
-37.620000000000005,4.7458807163752846e+30,1.0164236526702586e-16,1.0313789028452974e-16,1.0,2.0997,9.305029129662423e+48,6.757015132217905e+61,0.0,0.0,0.0
-37.599999999999994,4.5597920717699486e+30,1.037269832680346e-16,1.0529716368381881e-16,1.0,2.0997,8.76314641828411e+48,6.237511121331949e+61,0.0,0.0,0.0
-37.58,4.3810000672871e+30,1.0585449319937624e-16,1.07486220877762e-16,1.0,2.0997,8.252820499345913e+48,5.757948476870048e+61,-1.141798154164768e+46,1.141798154164768e+46,-1.9829947397953657e-16
-37.56,4.2092185975751026e+30,1.080260443757904e-16,1.0974433090395229e-16,1.0,2.0997,7.772213648321124e+48,5.315256360650857e+61,-1.141798154164768e+46,1.141798154164768e+46,-2.148152556887749e-16
-37.54,4.044172775633692e+30,1.1024420297552316e-16,1.1203076382108626e-16,1.0,2.0997,7.319595161428258e+48,4.906600031752284e+61,-5.70899077082384e+45,5.70899077082384e+45,-1.1635329421347083e-16
-37.519999999999996,3.885598492936171e+30,1.1250729304197751e-16,1.14234564872658e-16,1.0,2.0997,6.893335123227894e+48,4.529362694491664e+61,0.0,0.0,0.0
-37.5,3.733241996799291e+30,1.148137073280739e-16,1.165010020365201e-16,1.0,2.0997,6.491898537166714e+48,4.1811287419991386e+61,0.0,0.0,0.0
-37.480000000000004,3.5868594843247246e+30,1.1716958382019024e-16,1.189721371901209e-16,1.0,2.0997,6.113839797931149e+48,3.859668288086457e+61,0.0,0.0,0.0
-37.46,3.4462167122625277e+30,1.1957418099594843e-16,1.2147164236641206e-16,1.0,2.0997,5.7577974857073523e+48,3.562922888362687e+61,0.0,0.0,0.0
-37.44,3.3110886221720614e+30,1.220274189263009e-16,1.2387943712877757e-16,1.0,2.0997,5.422489463599732e+48,3.288992359162642e+61,-5.70899077082384e+45,5.70899077082384e+45,-1.7357871795957512e-16
-37.42,3.1812589802803645e+30,1.245312934775517e-16,1.2640933452792536e-16,1.0,2.0997,5.106708260552565e+48,3.036122609883828e+61,5.70899077082384e+45,5.70899077082384e+45,1.8803558038920312e-16
-37.4,3.056520031461849e+30,1.2708584487287797e-16,1.2906081267923048e-16,1.0,2.0997,4.8093167231500375e+48,2.802694410817781e+61,5.70899077082384e+45,5.70899077082384e+45,2.0369651249838071e-16
-37.379999999999995,2.936672166786058e+30,1.296929606856582e-16,1.3164213690808107e-16,1.0,2.0997,4.529243920636312e+48,2.587213024552323e+61,5.70899077082384e+45,5.70899077082384e+45,2.2066179771998835e-16
-37.36,2.8215236041006414e+30,1.3235394188532242e-16,1.3434290003066983e-16,1.0,2.0997,4.265481288407401e+48,2.3882986345486954e+61,2.85449538541192e+45,2.85449538541192e+45,1.1952003589998322e-16
-37.34,2.7108900811389237e+30,1.350688973673304e-16,1.371930594556239e-16,1.0,2.0997,4.0170789960893844e+48,2.2046775096048183e+61,0.0,0.0,0.0
-37.32,2.604594560661051e+30,1.378444931102175e-16,1.402014296300785e-16,1.0,2.0997,3.783142527123193e+48,2.0351738476271613e+61,0.0,0.0,0.0
-37.3,2.5024669471567117e+30,1.406788727864238e-16,1.431711089003558e-16,1.0,2.0997,3.562829457538851e+48,1.8787022464831936e+61,0.0,0.0,0.0
-37.28,2.4043438146559472e+30,1.4357023864240937e-16,1.4600555176578932e-16,1.0,2.0997,3.3553464223193375e+48,1.734260753721958e+61,0.0,0.0,0.0
-37.26,2.310068145212635e+30,1.4651946739523906e-16,1.4894457020712433e-16,1.0,2.0997,3.159946258429141e+48,1.600924450657527e+61,0.0,0.0,0.0
-37.239999999999995,2.2194890776424857e+30,1.4952797035531311e-16,1.518636048086225e-16,1.0,2.0997,2.9759253142207635e+48,1.4778395297319898e+61,0.0,0.0,0.0
-37.22,2.1324616661128523e+30,1.5259523985240518e-16,1.5486065828889472e-16,1.0,2.0997,2.8026209155287097e+48,1.3642178272319602e+61,0.0,0.0,0.0
-37.2,2.0488466481984165e+30,1.557241009207701e-16,1.579809381919289e-16,1.0,2.0997,2.6394089793263866e+48,1.2593317763499018e+61,1.42724769270596e+45,1.42724769270596e+45,1.133337313890747e-16
-37.18,1.9685102220316657e+30,1.5891396250438888e-16,1.6112409959082438e-16,1.0,2.0997,2.4857017663533516e+48,1.1625097482726987e+61,0.0,0.0,0.0
-37.16,1.8913238321914115e+30,1.6216875644971888e-16,1.6434819301541682e-16,1.0,2.0997,2.340945764619302e+48,1.073131751464328e+61,0.0,0.0,0.0
-37.14,1.8171639639866277e+30,1.654891028304696e-16,1.675971474036871e-16,1.0,2.0997,2.2046196961627458e+48,9.906254616032575e+60,2.85449538541192e+45,2.85449538541192e+45,2.8815081946222983e-16
-37.120000000000005,1.745911945806542e+30,1.6887348307700436e-16,1.709047918738872e-16,1.0,2.0997,2.076232639887381e+48,9.144625567527882e+60,-1.42724769270596e+45,1.42724769270596e+45,-1.5607502813168453e-16
-37.099999999999994,1.6774537592207783e+30,1.7232484949699546e-16,1.7438308195590449e-16,1.0,2.0997,1.9553222637158728e+48,8.441553342969808e+60,-1.42724769270596e+45,1.42724769270596e+45,-1.6907405956206536e-16
-37.08,1.6116798565257045e+30,1.758493618552925e-16,1.779549045352014e-16,1.0,2.0997,1.8414531596952983e+48,7.792535879790305e+60,0.0,0.0,0.0
-37.06,1.5484849854444443e+30,1.7944336508905998e-16,1.8149635031552297e-16,1.0,2.0997,1.7342152760577043e+48,7.19341725043891e+60,0.0,0.0,0.0
-37.04,1.4877680207009554e+30,1.8311103602615608e-16,1.8516417576726448e-16,1.0,2.0997,1.6332224405911592e+48,6.640361050259682e+60,0.0,0.0,0.0
-37.019999999999996,1.4294318021980274e+30,1.8685065425374054e-16,1.8888556064262965e-16,1.0,2.0997,1.538110970002636e+48,6.129825831403764e+60,-7.1362384635298e+44,7.1362384635298e+44,-1.1641829082595274e-16
-37.0,1.373382979540352e+30,1.9066630210947806e-16,1.9266710002816072e-16,1.0,2.0997,1.4485383602653663e+48,5.6585424254719556e+60,0.0,0.0,0.0
-36.980000000000004,1.3195318626539354e+30,1.9455814084861962e-16,1.9658989660183512e-16,1.0,2.0997,1.3641820532342213e+48,5.223493009675527e+60,7.1362384635298e+44,7.1362384635298e+44,1.3661812986653586e-16
-36.96,1.2677922782628902e+30,1.9852885689309253e-16,2.004787152705312e-16,1.0,2.0997,1.2847382750881081e+48,4.821891782467744e+60,7.1362384635298e+44,7.1362384635298e+44,1.479966532943574e-16
-36.94,1.218081431993844e+30,2.0257974887379045e-16,2.045755402730644e-16,1.0,2.0997,1.2099209424161815e+48,4.45116712490331e+60,7.1362384635298e+44,7.1362384635298e+44,1.603228605729531e-16
-36.92,1.1703197758872367e+30,2.0671180336657687e-16,2.0868108058698435e-16,1.0,2.0997,1.1394606320084034e+48,4.108945133497116e+60,7.1362384635298e+44,7.1362384635298e+44,1.736756815113318e-16
-36.9,1.124430881103567e+30,2.1092733662405686e-16,2.1290378367834412e-16,1.0,2.0997,1.0731036106409896e+48,3.793034419136958e+60,0.0,0.0,0.0
-36.879999999999995,1.0803413156210448e+30,2.1522848726437339e-16,2.1716051885443988e-16,1.0,2.0997,1.0106109213628824e+48,3.5014120747124194e+60,-7.1362384635298e+44,7.1362384635298e+44,-2.038103002804621e-16
-36.86,1.0379805267286381e+30,2.196150075915475e-16,2.215780650668457e-16,1.0,2.0997,9.517575229924743e+47,3.2322107216026305e+60,7.1362384635298e+44,7.1362384635298e+44,2.2078506255276968e-16
-36.84,9.97280728126652e+29,2.240925542318146e-16,2.2608484839812966e-16,1.0,2.0997,8.96331479726318e+47,2.9837065520775795e+60,0.0,0.0,0.0
-36.82,9.581767914542234e+29,2.2866152832618504e-16,2.3066889336245153e-16,1.0,2.0997,8.441331979413334e+47,2.754308291043687e+60,0.0,0.0,0.0
-36.8,9.20606142070073e+29,2.3332094023856706e-16,2.3539915061472454e-16,1.0,2.0997,7.949747074421872e+47,2.5425470064506353e+60,0.0,0.0,0.0
-36.78,8.845086589196993e+29,2.380758294204883e-16,2.4012381682527967e-16,1.0,2.0997,7.48678984565575e+47,2.3470667031110263e+60,0.0,0.0,0.0
-36.76,8.498265783288288e+29,2.429257927955549e-16,2.4486851898575324e-16,1.0,2.0997,7.05079314703726e+47,2.1666156397015502e+60,-3.5681192317649e+44,3.5681192317649e+44,-1.6468630459324315e-16
-36.739999999999995,8.165044015692909e+29,2.4787069371471104e-16,2.496738211787727e-16,1.0,2.0997,6.640186919518453e+47,2.0000383133454137e+60,0.0,0.0,0.0
-36.72,7.844888060491711e+29,2.5291330652807953e-16,2.546625921404621e-16,1.0,2.0997,6.253492537172599e+47,1.846268060448737e+60,-3.5681192317649e+44,3.5681192317649e+44,-1.932611687436361e-16
-36.7,7.537285599852674e+29,2.5805895767578354e-16,2.5992689178354063e-16,1.0,2.0997,5.889317482543003e+47,1.7043202264118058e+60,-3.5681192317649e+44,3.5681192317649e+44,-2.0935732478372412e-16
-36.68,7.241744404213313e+29,2.633105873905174e-16,2.652273639279647e-16,1.0,2.0997,5.546350332076582e+47,1.5732858604780902e+60,-1.78405961588245e+44,1.78405961588245e+44,-1.1339704123061785e-16
-36.66,6.957791544608565e+29,2.686667293011521e-16,2.7043232718207443e-16,1.0,2.0997,5.223356033582934e+47,1.4523258953462708e+60,1.78405961588245e+44,1.78405961588245e+44,1.2284154827773304e-16
-36.64,6.684972635883317e+29,2.741256700772187e-16,2.7569078646556443e-16,1.0,2.0997,4.919171458711761e+47,1.3406657742747703e+60,1.78405961588245e+44,1.78405961588245e+44,1.330726606224342e-16
-36.620000000000005,6.422851109579036e+29,2.7969530115189134e-16,2.811463174581101e-16,1.0,2.0997,4.632701214434685e+47,1.237590491274156e+60,3.5681192317649e+44,3.5681192317649e+44,2.8831178462675655e-16
-36.599999999999994,6.1710075153312144e+29,2.8537325158008957e-16,2.867313845514085e-16,1.0,2.0997,4.36291369844713e+47,1.1424400126277937e+60,-1.78405961588245e+44,1.78405961588245e+44,-1.5616221387223193e-16
-36.58,5.9290388496599194e+29,2.911651774855303e-16,2.924653104247851e-16,1.0,2.0997,4.10883738428644e+47,1.0546050504228878e+60,0.0,0.0,0.0
-36.56,5.6965579110771575e+29,2.9707165283143864e-16,2.982741364782999e-16,1.0,2.0997,3.86955732278609e+47,9.735231610272855e+59,0.0,0.0,0.0
-36.54,5.47319268048254e+29,3.030962530834847e-16,3.0424113327630193e-16,1.0,2.0997,3.644211847271148e+47,8.98675143530265e+59,0.0,0.0,0.0
-36.519999999999996,5.2585857258534084e+29,3.0924278689521196e-16,3.104196610349717e-16,1.0,2.0997,3.4319894706274497e+47,8.295817150841334e+59,0.0,0.0,0.0
-36.5,5.05239363027717e+29,3.155163756214785e-16,3.1684177846818e-16,1.0,2.0997,3.232125963071551e+47,7.658004418576365e+59,0.0,0.0,0.0
-36.480000000000004,4.854286442410832e+29,3.2191630550237235e-16,3.2324608596063324e-16,1.0,2.0997,3.0439016000976564e+47,7.069229059489039e+59,8.92029807941225e+43,8.92029807941225e+43,1.2618487821433194e-16
-36.46,4.663947148488621e+29,3.2844445839651015e-16,3.295581154593428e-16,1.0,2.0997,2.8666385706922704e+47,6.525720901165674e+59,0.0,0.0,0.0
-36.44,4.481071165032451e+29,3.350993929537464e-16,3.361266673806472e-16,1.0,2.0997,2.6996985364826175e+47,6.023999635822886e+59,8.92029807941225e+43,8.92029807941225e+43,1.4807932633929728e-16
-36.42,4.30536585145323e+29,3.418876186159321e-16,3.428391670012611e-16,1.0,2.0997,2.5424803330286617e+47,5.560852534455336e+59,8.92029807941225e+43,8.92029807941225e+43,1.6041241921337659e-16
-36.4,4.1365500417633065e+29,3.4881338288413525e-16,3.497324220317372e-16,1.0,2.0997,2.3944178049818227e+47,5.133313874401209e+59,8.92029807941225e+43,8.92029807941225e+43,1.7377269922830547e-16
-36.379999999999995,3.97435359465128e+29,3.5587902353382613e-16,3.5675592697691604e-16,1.0,2.0997,2.254977767314522e+47,4.73864594859301e+59,8.92029807941225e+43,8.92029807941225e+43,1.8824571778899415e-16
-36.36,3.8185169611980714e+29,3.630853256096246e-16,3.6398703104477618e-16,1.0,2.0997,2.123658085277837e+47,4.374321534885083e+59,-8.92029807941225e+43,8.92029807941225e+43,-2.0392415162600208e-16
-36.34,3.668790769543176e+29,3.704396178857819e-16,3.7141201903010403e-16,1.0,2.0997,1.9999858661741244e+47,4.038007713203563e+59,0.0,0.0,0.0
-36.32,3.524935425836604e+29,3.7794398966300385e-16,3.7902705564897615e-16,1.0,2.0997,1.8835157564325597e+47,3.727550926893481e+59,0.0,0.0,0.0
-36.3,3.3867207308377025e+29,3.8560261391486366e-16,3.8683385426392046e-16,1.0,2.0997,1.7738283378552639e+47,3.440963192603985e+59,-4.460149039706125e+43,4.460149039706125e+43,-1.296192022422815e-16
-36.28,3.253925511547145e+29,3.9341519100011906e-16,3.9449808300868956e-16,1.0,2.0997,1.6705286172588056e+47,3.1764093704075348e+59,0.0,0.0,0.0
-36.26,3.126337267282815e+29,4.0138205794084604e-16,4.0225226606483306e-16,1.0,2.0997,1.5732446040718755e+47,2.9321954126388406e+59,4.460149039706125e+43,4.460149039706125e+43,1.5210954292059964e-16
-36.239999999999995,3.00375182963366e+29,4.095071860963339e-16,4.103002813725119e-16,1.0,2.0997,1.4816259707676612e+47,2.7067575162067866e+59,0.0,0.0,0.0
-36.22,2.885973035746528e+29,4.177961257151129e-16,4.1862044034431846e-16,1.0,2.0997,1.395342791306333e+47,2.498652108915414e+59,4.460149039706125e+43,4.460149039706125e+43,1.785022021989145e-16
-36.2,2.772812414423672e+29,4.2625377120941097e-16,4.2715613302179937e-16,1.0,2.0997,1.3140843530447678e+47,2.3065466056732958e+59,0.0,0.0,0.0
-36.18,2.6640888845287177e+29,4.348829655729759e-16,4.3580440941708237e-16,1.0,2.0997,1.2375580378355448e+47,2.1292108753996026e+59,0.0,0.0,0.0
-36.16,2.5596284652182837e+29,4.436859662233532e-16,4.44532360027293e-16,1.0,2.0997,1.1654882682856273e+47,1.9655093639855468e+59,-4.460149039706125e+43,4.460149039706125e+43,-2.2692077287586393e-16
-36.14,2.459263997535431e+29,4.526665122465562e-16,4.535628958863527e-16,1.0,2.0997,1.0976155153799404e+47,1.8143938228710873e+59,0.0,0.0,0.0
-36.120000000000005,2.3628348769196004e+29,4.618309468436818e-16,4.628010977719832e-16,1.0,2.0997,1.0336953638966367e+47,1.6748965966752654e+59,-2.2300745198530623e+43,2.2300745198530623e+43,-1.3314699691183744e-16
-36.099999999999994,2.2701867962050993e+29,4.711772733819606e-16,4.720127196584297e-16,1.0,2.0997,9.734976322482866e+46,1.5461244268982183e+59,0.0,0.0,0.0
-36.08,2.181171498696938e+29,4.807111284389395e-16,4.814695754856635e-16,1.0,2.0997,9.16805543579689e+46,1.4272527320174372e+59,-2.2300745198530623e+43,2.2300745198530623e+43,-1.562494483159542e-16
-36.06,2.0956465409280938e+29,4.904401193318894e-16,4.913212863001681e-16,1.0,2.0997,8.634149451367896e+46,1.317520327350302e+59,-2.2300745198530623e+43,2.2300745198530623e+43,-1.692630066920151e-16
-36.04,2.01347506471981e+29,5.003641847543835e-16,5.011621617735854e-16,1.0,2.0997,8.131335730964166e+46,1.21622455087372e+59,-2.2300745198530623e+43,2.2300745198530623e+43,-1.833604261852398e-16
-36.019999999999996,1.934525578179335e+29,5.104866069135332e-16,5.112035755082917e-16,1.0,2.0997,7.657803602088277e+46,1.1227167637882614e+59,0.0,0.0,0.0
-36.0,1.858671745284775e+29,5.208135681669474e-16,5.214822917939216e-16,1.0,2.0997,7.211847837600532e+46,1.0363981970152638e+59,2.2300745198530623e+43,2.2300745198530623e+43,2.1517545343806362e-16
-35.980000000000004,1.7857921837204553e+29,5.313466007824813e-16,5.320602757444596e-16,1.0,2.0997,6.791862515058518e+46,9.567161170304423e+58,2.2300745198530623e+43,2.2300745198530623e+43,2.3309678599054253e-16
-35.96,1.7157702706393803e+29,5.420979450457178e-16,5.42881144996587e-16,1.0,2.0997,6.396335233662323e+46,8.831602864823399e+58,2.2300745198530623e+43,2.2300745198530623e+43,2.5251073378015174e-16
-35.94,1.6484939560418413e+29,5.530661662895038e-16,5.53971277429075e-16,1.0,2.0997,6.023841667978481e+46,8.152596969313419e+58,-1.1150372599265312e+43,1.1150372599265312e+43,-1.367708061765761e-16
-35.92,1.58385558347146e+29,5.642615465419282e-16,5.654364405370218e-16,1.0,2.0997,5.673040438829185e+46,7.525795527875483e+58,0.0,0.0,0.0
-35.9,1.5217517177418217e+29,5.75686330301966e-16,5.76999618310946e-16,1.0,2.0997,5.34266828287846e+46,6.947184871345213e+58,0.0,0.0,0.0
-35.879999999999995,1.4620829794182514e+29,5.873443227313956e-16,5.887784261081633e-16,1.0,2.0997,5.03153550352038e+46,6.413059916108623e+58,0.0,0.0,0.0
-35.86,1.4047538857894419e+29,5.992412346138028e-16,6.008096436177773e-16,1.0,2.0997,4.738521686685516e+46,5.920000438916871e+58,-1.1150372599265312e+43,1.1150372599265312e+43,-1.8835087453636183e-16
-35.84,1.3496726980747063e+29,6.11379477409745e-16,6.130691054659258e-16,1.0,2.0997,4.4625716661402854e+46,5.464849175780309e+58,0.0,0.0,0.0
-35.82,1.2967512746224024e+29,6.237650087977493e-16,6.255208164080194e-16,1.0,2.0997,4.2026917237488806e+46,5.044691604700274e+58,-1.1150372599265312e+43,1.1150372599265312e+43,-2.210317988292272e-16
-35.8,1.245904929864521e+29,6.364005161222343e-16,6.380468171132539e-16,1.0,2.0997,3.957946011014681e+46,4.656837282778193e+58,-5.575186299632656e+42,5.575186299632656e+42,-1.1972044460831692e-16
-35.78,1.1970522988016677e+29,6.492883513056955e-16,6.508080253495391e-16,1.0,2.0997,3.727453179014923e+46,4.2988026181953433e+58,0.0,0.0,0.0
-35.76,1.1501152068016563e+29,6.624343823338384e-16,6.639066182056554e-16,1.0,2.0997,3.510383204592106e+46,3.968294966745739e+58,5.575186299632656e+42,5.575186299632656e+42,1.404932432278274e-16
-35.739999999999995,1.1050185445035246e+29,6.758450922582213e-16,6.772083448916359e-16,1.0,2.0997,3.3059544013746107e+46,3.6631979510867576e+58,5.575186299632656e+42,5.575186299632656e+42,1.5219451348441702e-16
-35.72,1.061690147626476e+29,6.895266812790895e-16,6.909519510735167e-16,1.0,2.0997,3.1134306048613915e+46,3.3815579086982717e+58,0.0,0.0,0.0
-35.7,1.0200606814916066e+29,7.034878748676443e-16,7.050695447453632e-16,1.0,2.0997,2.9321185214342485e+46,3.121571381772431e+58,0.0,0.0,0.0
-35.68,9.800635300716605e+28,7.177307178565728e-16,7.193557465822026e-16,1.0,2.0997,2.761365231752217e+46,2.8815735689268127e+58,0.0,0.0,0.0
-35.66,9.416346893912001e+28,7.322610885468364e-16,7.33739959137962e-16,1.0,2.0997,2.600555839536881e+46,2.660027664791985e+58,0.0,0.0,0.0
-35.64,9.047126651065593e+28,7.470836477446122e-16,7.48541034337858e-16,1.0,2.0997,2.449111257281275e+46,2.4555150192101905e+58,5.575186299632656e+42,5.575186299632656e+42,2.2704753406152394e-16
-35.620000000000005,8.692383741017504e+28,7.62208637601823e-16,7.638655160850397e-16,1.0,2.0997,2.30648612090946e+46,2.2667260530308573e+58,0.0,0.0,0.0
-35.599999999999994,8.351550499428896e+28,7.776407565291983e-16,7.794754228037197e-16,1.0,2.0997,2.172166825876774e+46,2.0924518723331586e+58,5.575186299632656e+42,5.575186299632656e+42,2.664427494530775e-16
-35.58,8.024081520398742e+28,7.933894039130969e-16,7.953103346920423e-16,1.0,2.0997,2.0456696776390427e+46,1.9315765273780917e+58,5.575186299632656e+42,5.575186299632656e+42,2.886339847582673e-16
-35.56,7.709452783696572e+28,8.094572209944398e-16,8.113935954894624e-16,1.0,2.0997,1.9265391498291964e+46,1.7830698667194778e+58,0.0,0.0,0.0
-35.54,7.40716081621918e+28,8.258474642638768e-16,8.277173794940526e-16,1.0,2.0997,1.814346243870684e+46,1.6459809407181695e+58,0.0,0.0,0.0
-35.519999999999996,7.116721886326326e+28,8.425669493777669e-16,8.444046515061692e-16,1.0,2.0997,1.70868694411918e+46,1.5194319122177752e+58,0.0,0.0,0.0
-35.5,6.837671229766666e+28,8.596264667998806e-16,8.614195856076323e-16,1.0,2.0997,1.609180762969914e+46,1.4026124353897545e+58,2.787593149816328e+42,2.787593149816328e+42,1.987429370707468e-16
-35.480000000000004,6.569562305955619e+28,8.770260592984633e-16,8.787532584424025e-16,1.0,2.0997,1.5154693706911248e+46,1.294774466753472e+58,0.0,0.0,0.0
-35.46,6.311966083415378e+28,8.947764767991335e-16,8.962957160311455e-16,1.0,2.0997,1.4272153050501185e+46,1.1952274751441548e+58,1.393796574908164e+42,1.393796574908164e+42,1.1661349859267547e-16
-35.44,6.064470353233182e+28,9.12880130216681e-16,9.14310310363425e-16,1.0,2.0997,1.344100756084823e+46,1.1033340199559818e+58,0.0,0.0,0.0
-35.42,5.826679069438919e+28,9.313490896355208e-16,9.326729912599602e-16,1.0,2.0997,1.2658264216444743e+46,1.0185056693458617e+58,0.0,0.0,0.0
-35.4,5.5982117152468345e+28,9.501869156433923e-16,9.512233709120546e-16,1.0,2.0997,1.1921104295786073e+46,9.40199232260615e+57,-1.393796574908164e+42,1.393796574908164e+42,-1.4824481100193543e-16
-35.379999999999995,5.378702694148007e+28,9.694004503018636e-16,9.70306612414194e-16,1.0,2.0997,1.122687322693013e+46,8.67913280159928e+57,1.393796574908164e+42,1.393796574908164e+42,1.6059168660831295e-16
-35.36,5.167800744877662e+28,9.89003054727351e-16,9.899705104483575e-16,1.0,2.0997,1.057307102816947e+46,8.011849361616863e+57,-1.393796574908164e+42,1.393796574908164e+42,-1.7396689727888792e-16
-35.34,4.965168379322072e+28,1.0090005436550006e-15,1.0099261220001727e-15,1.0,2.0997,9.957343305397272e+45,7.395869110495976e+57,-1.393796574908164e+42,1.393796574908164e+42,-1.8845609002574923e-16
-35.32,4.7704813424657385e+28,1.0294011424109963e-15,1.0302493922566288e-15,1.0,2.0997,9.377472773745682e+45,6.827247671634737e+57,1.393796574908164e+42,1.393796574908164e+42,2.0415204514947886e-16
-35.3,4.5834280935143135e+28,1.050213638769988e-15,1.0509962195438727e-15,1.0,2.0997,8.831371272965447e+45,6.302343926516046e+57,-1.393796574908164e+42,1.393796574908164e+42,-2.2115527034982137e-16
-35.28,4.403709307362717e+28,1.0714441192077414e-15,1.0722388065254216e-15,1.0,2.0997,8.317072247793737e+45,5.817796699117589e+57,-6.96898287454082e+41,6.96898287454082e+41,-1.1978732215905504e-16
-35.26,4.231037395610925e+28,1.0931051707409528e-15,1.0938741021393868e-15,1.0,2.0997,7.832723666229949e+45,5.370503232909592e+57,0.0,0.0,0.0
-35.239999999999995,4.065136046361561e+28,1.11520142161696e-15,1.1158470931315227e-15,1.0,2.0997,7.376581350221234e+45,4.957599322621056e+57,-6.96898287454082e+41,6.96898287454082e+41,-1.4057172476064458e-16
-35.22,3.905739782061707e+28,1.1377409436595475e-15,1.1382175194128676e-15,1.0,2.0997,6.947002694737451e+45,4.576440973546882e+57,6.96898287454082e+41,6.96898287454082e+41,1.52279531513963e-16
-35.2,3.7525935346820723e+28,1.1607330280797888e-15,1.1611234476468078e-15,1.0,2.0997,6.542440752618012e+45,4.224587470954764e+57,6.96898287454082e+41,6.96898287454082e+41,1.6496244716066973e-16
-35.18,3.605452237553856e+28,1.1841848843027725e-15,1.1843885482910364e-15,1.0,2.0997,6.161438663891781e+45,3.899785751178471e+57,0.0,0.0,0.0
-35.16,3.4640804332098916e+28,1.20811056773661e-15,1.208224525165352e-15,1.0,2.0997,5.802624409507987e+45,3.599955974318487e+57,0.0,0.0,0.0
-35.14,3.3282518966023492e+28,1.2325194749090034e-15,1.2327024916004332e-15,1.0,2.0997,5.4647058705849316e+45,3.323178206165676e+57,0.0,0.0,0.0
-35.120000000000005,3.1977492730943057e+28,1.2574216362019102e-15,1.2576250879184465e-15,1.0,2.0997,5.146466175386585e+45,3.067680124067402e+57,-3.48449143727041e+41,3.48449143727041e+41,-1.1358718302886537e-16
-35.099999999999994,3.0723637306460165e+28,1.2828237132688723e-15,1.282836319600055e-15,1.0,2.0997,4.846759317269911e+45,2.8318256680118858e+57,-3.48449143727041e+41,3.48449143727041e+41,-1.2304752642879924e-16
-35.08,2.9518946256394e+28,1.3087366556295187e-15,1.3086502664389397e-15,1.0,2.0997,4.5645060278238637e+45,2.6141045642590676e+57,-3.48449143727041e+41,3.48449143727041e+41,-1.332957940897042e-16
-35.06,2.836149181804909e+28,1.3351717414057468e-15,1.3350411319140516e-15,1.0,2.0997,4.2986898903360844e+45,2.4131226544314975e+57,0.0,0.0,0.0
-35.04,2.7249421817386906e+28,1.3621411580125264e-15,1.3619399170439741e-15,1.0,2.0997,4.0483536795956786e+45,2.2275929681415963e+57,0.0,0.0,0.0
-35.019999999999996,2.6180956705152563e+28,1.389654828776415e-15,1.389443771235476e-15,1.0,2.0997,3.812595914848438e+45,2.056327481987406e+57,0.0,0.0,0.0
-35.0,2.515438670921546e+28,1.4177228439227623e-15,1.4174887025574848e-15,1.0,2.0997,3.590567613492494e+45,1.8982295121466755e+57,0.0,0.0,0.0
-34.980000000000004,2.416806909856843e+28,1.4463579406366513e-15,1.4461473164439012e-15,1.0,2.0997,3.381469233823508e+45,1.752286691856153e+57,3.48449143727041e+41,3.48449143727041e+41,1.9885395771468487e-16
-34.96,2.322042555460846e+28,1.4755725228361908e-15,1.4754363868800169e-15,1.0,2.0997,3.184547795821231e+45,1.6175644888081566e+57,0.0,0.0,0.0
-34.94,2.230993964549084e+28,1.5053794984541765e-15,1.5053193165905531e-15,1.0,2.0997,2.999094169608322e+45,1.4932002209533328e+57,0.0,0.0,0.0
-34.92,2.143515439951393e+28,1.5357857125752524e-15,1.5354457055618714e-15,1.0,2.0997,2.8244405218164545e+45,1.3783975323901798e+57,0.0,0.0,0.0
-34.9,2.059466997365274e+28,1.5668018737102763e-15,1.5664392219295171e-15,1.0,2.0997,2.6599579106648816e+45,1.2724212939683615e+57,1.742245718635205e+41,1.742245718635205e+41,1.3692365310847141e-16
-34.879999999999995,1.9787141413513302e+28,1.5984510008674823e-15,1.5983755110411427e-15,1.0,2.0997,2.5050540210910392e+45,1.1745928959526145e+57,1.742245718635205e+41,1.742245718635205e+41,1.4832762267121483e-16
-34.86,1.9011276501117714e+28,1.6307405957989789e-15,1.630739236737729e-15,1.0,2.0997,2.359171031776177e+45,1.0842859026034925e+57,0.0,0.0,0.0
-34.84,1.8265833687079177e+28,1.6636859577629575e-15,1.6638461439246186e-15,1.0,2.0997,2.221783606386189e+45,1.0009220408498876e+57,0.0,0.0,0.0
-34.82,1.7549620103858698e+28,1.697300636051098e-15,1.6975970432741096e-15,1.0,2.0997,2.0923970017934145e+45,9.239674973671917e+56,0.0,0.0,0.0
-34.8,1.6861489656923013e+28,1.7315949505007548e-15,1.7319977626509327e-15,1.0,2.0997,1.970545286467023e+45,8.529295003495948e+56,0.0,0.0,0.0
-34.78,1.620034119074827e+28,1.7665820709726825e-15,1.7668885181792282e-15,1.0,2.0997,1.8557896626162778e+45,7.873531640881094e+56,-1.742245718635205e+41,1.742245718635205e+41,-2.2127881084327883e-16
-34.76,1.5565116726735583e+28,1.8022753737894087e-15,1.8025311739012346e-15,1.0,2.0997,1.7477168860442852e+45,7.268185761489637e+56,0.0,0.0,0.0
-34.739999999999995,1.4954799770220995e+28,1.8386874809393093e-15,1.8388984247801617e-15,1.0,2.0997,1.6459377780227844e+45,6.709381085005599e+56,0.0,0.0,0.0
-34.72,1.4368413683866393e+28,1.8758341839341065e-15,1.87599187969489e-15,1.0,2.0997,1.550085823828341e+45,6.193539353706069e+56,8.711228593176025e+40,8.711228593176025e+40,1.406502501343053e-16
-34.7,1.3805020124831017e+28,1.913734906348998e-15,1.9140779164968956e-15,1.0,2.0997,1.459815852893271e+45,5.717357419395083e+56,0.0,0.0,0.0
-34.68,1.3263717543223184e+28,1.952404020646069e-15,1.9528286279960906e-15,1.0,2.0997,1.3748027958189007e+45,5.2777860919784466e+56,-8.711228593176025e+40,8.711228593176025e+40,-1.6505459754030722e-16
-34.66,1.274363973942849e+28,1.991852462905188e-15,1.9923070226954107e-15,1.0,2.0997,1.2947405137747052e+45,4.872010614237284e+56,0.0,0.0,0.0
-34.64,1.2243954478005184e+28,2.03210146581575e-15,2.0326646223452343e-15,1.0,2.0997,1.2193406960676804e+45,4.497432637771702e+56,0.0,0.0,0.0
-34.620000000000005,1.1763862155929593e+28,2.073165458788375e-15,2.0738364323480867e-15,1.0,2.0997,1.148331821912486e+45,4.15165358469989e+56,8.711228593176025e+40,8.711228593176025e+40,2.0982551687971903e-16
-34.599999999999994,1.1302594523060918e+28,2.1150605969143067e-15,2.1157410529766966e-15,1.0,2.0997,1.0814581826633297e+45,3.832459288570985e+56,0.0,0.0,0.0
-34.58,1.0859413452778215e+28,2.1578020266378714e-15,2.1585283380592774e-15,1.0,2.0997,1.018478960986812e+45,3.53780581614123e+56,-4.3556142965880123e+40,4.3556142965880123e+40,-1.2311626253490211e-16
-34.56,1.043360976081836e+28,2.2014065806278937e-15,2.202135527695304e-15,1.0,2.0997,9.591673636591267e+44,3.265806379221734e+56,-8.711228593176025e+40,8.711228593176025e+40,-2.6674051004904923e-16
-34.54,1.0024502070431112e+28,2.245891944977494e-15,2.2466311593911435e-15,1.0,2.0997,9.03309804865669e+44,3.014719252793297e+56,-4.3556142965880123e+40,4.3556142965880123e+40,-1.4447827248057193e-16
-34.519999999999996,9.631435722031044e+27,2.2912783824580917e-15,2.2920786493359304e-15,1.0,2.0997,8.507051370613812e+44,2.7829366220199626e+56,0.0,0.0,0.0
-34.5,9.253781725602217e+27,2.337581070197606e-15,2.3383793906984524e-15,1.0,2.0997,8.011639266223457e+44,2.568974286744675e+56,0.0,0.0,0.0
-34.480000000000004,8.890935754179723e+27,2.3848187664002784e-15,2.3855529425762124e-15,1.0,2.0997,7.545077716800277e+44,2.3714621575409955e+56,0.0,0.0,0.0
-34.46,8.542317176797894e+27,2.4330112272269065e-15,2.433804414611651e-15,1.0,2.0997,7.105686596819204e+44,2.1891354824633847e+56,0.0,0.0,0.0
-34.44,8.207368129357124e+27,2.482181128700138e-15,2.4832267791723347e-15,1.0,2.0997,6.69188362364927e+44,2.02082674831692e+56,0.0,0.0,0.0
-34.42,7.885552621922009e+27,2.5323468178138373e-15,2.533510105861508e-15,1.0,2.0997,6.302178659626202e+44,1.8654582045867301e+56,0.0,0.0,0.0
-34.4,7.57635568102279e+27,2.5835274636556982e-15,2.584757272784818e-15,1.0,2.0997,5.9351683459473785e+44,1.7220349621550542e+56,-4.3556142965880123e+40,4.3556142965880123e+40,-2.5293413852191087e-16
-34.379999999999995,7.279282525588613e+27,2.6357483358464684e-15,2.6371960160032456e-15,1.0,2.0997,5.589531049065117e+44,1.5896386226146022e+56,0.0,0.0,0.0
-34.36,6.993857775191894e+27,2.689026752604112e-15,2.690660003734403e-15,1.0,2.0997,5.264022101377549e+44,1.4674213973830992e+56,0.0,0.0,0.0
-34.34,6.719624689338032e+27,2.743381636050152e-15,2.7450853414204453e-15,1.0,2.0997,4.957469319081063e+44,1.3546006789618798e+56,0.0,0.0,0.0
-34.32,6.45614443658339e+27,2.798836633877896e-15,2.8005051862700873e-15,1.0,2.0997,4.66876878104259e+44,1.250454029576131e+56,0.0,0.0,0.0
-34.3,6.202995392311541e+27,2.855410814983366e-15,2.857116410232258e-15,1.0,2.0997,4.396880853491203e+44,1.1543145551067496e+56,-2.1778071482940062e+40,2.1778071482940062e+40,-1.8866669736173516e-16
-34.28,5.959772464043729e+27,2.913129015384459e-15,2.9148967787785947e-15,1.0,2.0997,4.140826446213706e+44,1.0655666346910747e+56,2.1778071482940062e+40,2.1778071482940062e+40,2.0438019335289385e-16
-34.26,5.726086443204222e+27,2.972014640217301e-15,2.973789290765021e-15,1.0,2.0997,3.899683486771764e+44,9.836419786475157e+55,0.0,0.0,0.0
-34.239999999999995,5.501563382304091e+27,3.0320899091843683e-15,3.0339454299742906e-15,1.0,2.0997,3.6725836000457466e+44,9.080159894816044e+55,0.0,0.0,0.0
-34.22,5.285843996545164e+27,3.093379553536382e-15,3.095231792829445e-15,1.0,2.0997,3.4587089811462846e+44,8.382044026709179e+55,-1.0889035741470031e+40,1.0889035741470031e+40,-1.2990907357116537e-16
-34.2,5.078583088887556e+27,3.155906608398587e-15,3.1577428732754568e-15,1.0,2.0997,3.257289450432922e+44,7.737601857187825e+55,2.1778071482940062e+40,2.1778071482940062e+40,2.8145763874652834e-16
-34.18,4.8794489976609243e+27,3.219697063026456e-15,3.2214971552178713e-15,1.0,2.0997,3.067599680035804e+44,7.142706756201584e+55,1.0889035741470031e+40,1.0889035741470031e+40,1.524497100762112e-16
-34.16,4.6881230658351794e+27,3.2847747764256013e-15,3.2865572255367926e-15,1.0,2.0997,2.8889565818921032e+44,6.593549364095863e+55,0.0,0.0,0.0
-34.14,4.504299131101087e+27,3.351169462145524e-15,3.353060923124489e-15,1.0,2.0997,2.7207168478907945e+44,6.086613198704195e+55,0.0,0.0,0.0
-34.120000000000005,4.32768303594514e+27,3.4189090496625363e-15,3.420951224125861e-15,1.0,2.0997,2.562274633268712e+44,5.61865213785658e+55,0.0,0.0,0.0
-34.099999999999994,4.1579921569348604e+27,3.4880194960743902e-15,3.4902560044660894e-15,1.0,2.0997,2.4130593749149863e+44,5.186669633115414e+55,-1.0889035741470031e+40,1.0889035741470031e+40,-2.0994272841084707e-16
-34.08,3.994954952461423e+27,3.558529135439215e-15,3.560905731809564e-15,1.0,2.0997,2.2725337367279376e+44,4.78789952163609e+55,-1.0889035741470031e+40,1.0889035741470031e+40,-2.274282426398417e-16
-34.06,3.8383105282144216e+27,3.630463658977525e-15,3.632716964080145e-15,1.0,2.0997,2.1401916746240817e+44,4.419788313279099e+55,1.0889035741470031e+40,1.0889035741470031e+40,2.463700740757555e-16
-34.04,3.687808219695749e+27,3.703845816193189e-15,3.705878979235935e-15,1.0,2.0997000000000003,2.015556614233236e+44,4.079978839556503e+55,0.0,0.0,0.0
-34.019999999999996,3.5432071911029607e+27,3.778709809464665e-15,3.780694047819554e-15,1.0,2.0997000000000003,1.8981797347159797e+44,3.7662951597061376e+55,0.0,0.0,0.0
-34.0,3.404276049940492e+27,3.855082028579849e-15,3.8569629273778845e-15,1.0,2.0997000000000003,1.7876383525238888e+44,3.476728627241656e+55,-5.444517870735016e+39,5.444517870735016e+39,-1.5659887366666742e-16
-33.980000000000004,3.270792476742208e+27,3.932998133693508e-15,3.934793629020895e-15,1.0,2.0997000000000003,1.6835343992819952e+44,3.2094250277571926e+55,5.444517870735016e+39,5.444517870735016e+39,1.6964153465554505e-16
-33.96,3.1425428693129306e+27,4.012486339871048e-15,4.014293254451915e-15,1.0,2.0997000000000003,1.5854929883128202e+44,2.9626727056250096e+55,-5.444517870735016e+39,5.444517870735016e+39,-1.8377048063286814e-16
-33.94,3.0193220009194477e+27,4.0935810883469904e-15,4.095427339872597e-15,1.0,2.0997000000000003,1.4931610646395166e+44,2.7348916035559334e+55,0.0,0.0,0.0
-33.92,2.9009326918838494e+27,4.176311390082985e-15,4.177982478980034e-15,1.0,2.0997000000000003,1.4062061336064113e+44,2.524623144838081e+55,-5.444517870735016e+39,5.444517870735016e+39,-2.1565665679001283e-16
-33.9,2.787185494053862e+27,4.260708891853764e-15,4.262188871682206e-15,1.0,2.0997000000000003,1.3243150635391298e+44,2.3305208934660388e+55,-5.444517870735016e+39,5.444517870735016e+39,-2.3361806735861457e-16
-33.879999999999995,2.677898387645638e+27,4.346813544526777e-15,4.348378939323827e-15,1.0,2.0997000000000003,1.2471929581325205e+44,2.1513419323540606e+55,0.0,0.0,0.0
-33.86,2.5728964899731347e+27,4.434655901380522e-15,4.436314172396117e-15,1.0,2.0997000000000003,1.1745620945052465e+44,1.985938904423077e+55,2.722258935367508e+39,2.722258935367508e+39,1.370766708526833e-16
-33.84,2.4720117755984362e+27,4.524278951093548e-15,4.5260579406734565e-15,1.0,2.0997000000000003,1.106160923097485e+44,1.8332526655981383e+55,0.0,0.0,0.0
-33.82,2.3750828074552901e+27,4.615712967454081e-15,4.617575410432695e-15,1.0,2.0997000000000003,1.0417431258100226e+44,1.6923055026704933e+55,0.0,0.0,0.0
-33.8,2.281954478515421e+27,4.708993846490938e-15,4.7109002394338385e-15,1.0,2.0997000000000003,9.810767289930572e+43,1.5621948725951653e+55,0.0,0.0,0.0
-33.78,2.19247776358412e+27,4.8041586710871235e-15,4.805958823478631e-15,1.0,2.0997000000000003,9.239432680905179e+43,1.442087623134008e+55,0.0,0.0,0.0
-33.76,2.1065094808280497e+27,4.901245059207496e-15,4.902945001844844e-15,1.0,2.0997000000000003,8.701370009315711e+43,1.3312146578368364e+55,0.0,0.0,0.0
-33.739999999999995,2.0239120626539543e+27,5.000291487129082e-15,5.0020407680743876e-15,1.0,2.0997000000000003,8.194641668367044e+43,1.2288660111986605e+55,0.0,0.0,0.0
-33.72,1.944553335571061e+27,5.101339795510258e-15,5.103043172256735e-15,1.0,2.0997000000000003,7.717422888699831e+43,1.1343863024564443e+55,1.361129467683754e+39,1.361129467683754e+39,1.1998817904686003e-16
-33.7,1.8683063086852422e+27,5.204426147829408e-15,5.206053866807639e-15,1.0,2.0997000000000003,7.267995167248889e+43,1.0471705389146547e+55,-2.722258935367508e+39,2.722258935367508e+39,-2.59963285270622e-16
-33.68,1.7950489704865556e+27,5.309596456727644e-15,5.31125429056909e-15,1.0,2.0997000000000003,6.84474007877661e+43,9.666602419266083e+54,0.0,0.0,0.0
-33.66,1.7246640936048457e+27,5.416890472808487e-15,5.418504791427418e-15,1.0,2.0997000000000003,6.446133447794454e+43,8.92339870724501e+54,0.0,0.0,0.0
-33.64,1.6570390472208837e+27,5.526350068042528e-15,5.527876891511888e-15,1.0,2.0997000000000003,6.070739859884041e+43,8.237335211983374e+54,0.0,0.0,0.0
-33.620000000000005,1.592065616832984e+27,5.6380197208466064e-15,5.639501354489113e-15,1.0,2.0997000000000003,5.71720749265507e+43,7.604018784848197e+54,0.0,0.0,0.0
-33.599999999999994,1.5296398310907448e+27,5.751945247455557e-15,5.753410346947966e-15,1.0,2.0997000000000003,5.384263247724508e+43,7.019394038524126e+54,-1.361129467683754e+39,1.361129467683754e+39,-1.9390982472320358e-16
-33.58,1.469661795418857e+27,5.868172288218513e-15,5.869649784790306e-15,1.0,2.0997000000000003,5.070708166188144e+43,6.479717378690626e+54,0.0,0.0,0.0
-33.56,1.4120355321642026e+27,5.986746270334471e-15,5.9881040397399075e-15,1.0,2.0997000000000003,4.775413111072076e+43,5.981533032234975e+54,-6.80564733841877e+38,6.80564733841877e+38,-1.137776436523587e-16
-33.54,1.3566688270112973e+27,6.107715138627918e-15,6.109147015666383e-15,1.0,2.0997000000000003,4.497314701220889e+43,5.521650918507656e+54,-1.361129467683754e+39,1.361129467683754e+39,-2.4650769991822333e-16
-33.519999999999996,1.3034730814197238e+27,6.231125899586207e-15,6.23241757221159e-15,1.0,2.0997000000000003,4.235411481976806e+43,5.097126221915136e+54,-1.361129467683754e+39,1.361129467683754e+39,-2.6703860340367015e-16
-33.5,1.252363170847522e+27,6.357026201176961e-15,6.358153368243287e-15,1.0,2.0997000000000003,3.988760318861306e+43,4.705240535045892e+54,-1.361129467683754e+39,1.361129467683754e+39,-2.892794656371249e-16
-33.480000000000004,1.2032573085337284e+27,6.485466618067076e-15,6.486445261636371e-15,1.0,2.0997000000000003,3.756473001271822e+43,4.343484451581932e+54,0.0,0.0,0.0
-33.46,1.1560769146221487e+27,6.6164999165163454e-15,6.617338105066943e-15,1.0,2.0997000000000003,3.5377130439645215e+43,4.009541497531423e+54,6.80564733841877e+38,6.80564733841877e+38,1.6973629883987463e-16
-33.44,1.1107464904168545e+27,6.750179452686567e-15,6.7509962811462095e-15,1.0,2.0997000000000003,3.331692674804153e+43,3.701273297886761e+54,0.0,0.0,0.0
-33.42,1.0671934975681266e+27,6.886557460532958e-15,6.887367170824855e-15,1.0,2.0997000000000003,3.1376699979330283e+43,3.416705883723696e+54,6.80564733841877e+38,6.80564733841877e+38,1.9918739189043501e-16
-33.4,1.0253482419955752e+27,7.0256927982933526e-15,7.026500463874076e-15,1.0,2.0997000000000003,2.9549463221446405e+43,3.1540170520607e+54,0.0,0.0,0.0
-33.379999999999995,9.851437623628363e+26,7.167637460368502e-15,7.168482836017353e-15,1.0,2.0997000000000003,2.7828636448410323e+43,2.9115246975393847e+54,-3.402823669209385e+38,3.402823669209385e+38,-1.1687428487392487e-16
-33.36,9.465157229250979e+26,7.312452540375747e-15,7.313406410505226e-15,1.0,2.0997000000000003,2.6208022825123084e+43,2.6876760412070547e+54,0.0,0.0,0.0
-33.34,9.094023105781573e+26,7.460191427302322e-15,7.461120607905865e-15,1.0,2.0997000000000003,2.468178639206768e+43,2.4810376874299924e+54,-3.402823669209385e+38,3.402823669209385e+38,-1.3715324383888668e-16
-33.32,8.73744135944297e+26,7.610916014788529e-15,7.61169913573988e-15,1.0,2.0997000000000003,2.3244431049551624e+43,2.2902864452678944e+54,0.0,0.0,0.0
-33.3,8.394841383366331e+26,7.764679630919444e-15,7.765328188922291e-15,1.0,2.0997000000000003,2.1890780765811853e+43,2.114200855534508e+54,-3.402823669209385e+38,3.402823669209385e+38,-1.6095082263666271e-16
-33.28,8.065674944498159e+26,7.92154945360255e-15,7.922232594211291e-15,1.0,2.0997000000000003,2.061596093771009e+43,1.9516533692885454e+54,0.0,0.0,0.0
-33.26,7.74941530631011e+26,8.081589208597959e-15,8.082217655611597e-15,1.0,2.0997000000000003,1.9415380836893587e+43,1.8016031276707872e+54,0.0,0.0,0.0
-33.239999999999995,7.445556385908883e+26,8.244858878320713e-15,8.245400767094222e-15,1.0,2.0997000000000003,1.8284717078217347e+43,1.663089296854172e+54,0.0,0.0,0.0
-33.22,7.153611944195246e+26,8.411430768507504e-15,8.412168849091652e-15,1.0,2.0997000000000003,1.7219898050887513e+43,1.5352249154267667e+54,0.0,0.0,0.0
-33.2,6.873114807777545e+26,8.581367335265755e-15,8.582133103210327e-15,1.0,2.0997000000000003,1.6217089256262585e+43,1.4171912148105117e+54,1.7014118346046923e+38,1.7014118346046923e+38,1.2005520615739305e-16
-33.18,6.603616121394836e+26,8.754739264242017e-15,8.755557619449924e-15,1.0,2.0997000000000003,1.5272679499518014e+43,1.308232376347101e+54,-1.7014118346046923e+38,1.7014118346046923e+38,-1.3005425223732651e-16
-33.16,6.344684629652893e+26,8.93161372425929e-15,8.932428069734164e-15,1.0,2.0997000000000003,1.4383267885445265e+43,1.2076506914782271e+54,1.7014118346046923e+38,1.7014118346046923e+38,1.4088608954480137e-16
-33.14,6.095905986923351e+26,9.112057762425137e-15,9.112749196678645e-15,1.0,2.0997000000000003,1.3545651571553827e+43,1.114802094028693e+54,0.0,0.0,0.0
-33.120000000000005,5.8568820943021406e+26,9.296146161808222e-15,9.29677216143177e-15,1.0,2.0997000000000003,1.2756814234379289e+43,1.0290920359839542e+54,0.0,0.0,0.0
-33.099999999999994,5.627230462566427e+26,9.483954566262815e-15,9.484576763260828e-15,1.0,2.0997000000000003,1.2013915207460745e+43,9.499716803530531e+53,0.0,0.0,0.0
-33.08,5.4065836001107995e+26,9.675555244892449e-15,9.676148420156076e-15,1.0,2.0997000000000003,1.1314279251875115e+43,8.769343867382975e+53,0.0,0.0,0.0
-33.06,5.194588424881322e+26,9.871024293353607e-15,9.871563267177987e-15,1.0,2.0997000000000003,1.0655386922484238e+43,8.095124671066753e+53,-1.7014118346046923e+38,1.7014118346046923e+38,-2.101773479367662e-16
-33.04,4.9909056993695076e+26,1.0070440833717145e-14,1.0070820602496223e-14,1.0,2.0997000000000003,1.003486549521305e+43,7.4727419098993625e+53,8.507059173023462e+37,8.507059173023462e+37,1.1384120146903065e-16
-33.019999999999996,4.795209487759983e+26,1.0273882739745853e-14,1.0274089075362033e-14,1.0,2.0997000000000003,9.450480422679833e+42,6.898210209356504e+53,0.0,0.0,0.0
-33.0,4.607186634363488e+26,1.048143285356514e-14,1.048160427541193e-14,1.0,2.0997000000000003,8.900127287412251e+42,6.367850605068268e+53,1.7014118346046923e+38,1.7014118346046923e+38,2.6718777498120526e-16
-32.980000000000004,4.426536262500835e+26,1.0693171558835842e-14,1.0693188349273181e-14,1.0,2.0997000000000003,8.381824223670344e+42,5.878266984886641e+53,8.507059173023462e+37,8.507059173023462e+37,1.4472053063895008e-16
-32.96,4.252969293036184e+26,1.0909190205199374e-14,1.090923750858845e-14,1.0,2.0997000000000003,7.89370478058993e+42,5.426324342173673e+53,8.507059173023462e+37,8.507059173023462e+37,1.5677387926818905e-16
-32.94,4.086207981788862e+26,1.1129570110897115e-14,1.1129554551020346e-14,1.0000000000000002,2.099700000000001,7.434011200944013e+42,5.009128701056164e+53,-8.507059173023462e+37,8.507059173023462e+37,-1.6983111596041672e-16
-32.92,3.925985475083287e+26,1.1354402215958416e-14,1.1354372549861864e-14,1.0000000000000002,2.099700000000001,7.001088091317201e+42,4.6240085850994745e+53,-8.507059173023462e+37,8.507059173023462e+37,-1.8397585160866758e-16
-32.9,3.772045382725992e+26,1.1583772873143157e-14,1.1583618590637597e-14,1.0000000000000002,2.099700000000001,6.593376460901473e+42,4.268497910737411e+53,-8.507059173023462e+37,8.507059173023462e+37,-1.9929866081209833e-16
-32.879999999999995,3.6241413677269586e+26,1.1817777809663072e-14,1.1817616765847083e-14,1.0000000000000002,2.099700000000001,6.209408107446227e+42,3.940320195918857e+53,-8.507059173023462e+37,8.507059173023462e+37,-2.1589766186261954e-16
-32.86,3.4820367521077e+26,1.2056509191966088e-14,1.2056369246593519e-14,1.0000000000000002,2.099700000000001,5.847800330143419e+42,3.6373739828501462e+53,-8.507059173023462e+37,8.507059173023462e+37,-2.338791450369587e-16
-32.84,3.345504138165905e+26,1.2300063858440438e-14,1.2299918242387651e-14,1.0000000000000002,2.099700000000001,5.5072509504113973e+42,3.3577193814904864e+53,8.507059173023462e+37,8.507059173023462e+37,2.533582532173269e-16
-32.82,3.214325044590708e+26,1.2548537359193498e-14,1.2548351124158727e-14,1.0000000000000002,2.099700000000001,5.1865336226455885e+42,3.099565647633053e+53,-8.507059173023462e+37,8.507059173023462e+37,-2.7445971919896024e-16
-32.8,3.0882895568460753e+26,1.2802030518009226e-14,1.280184548757078e-14,1.0000000000000002,2.099700000000001,4.8844934180497654e+42,2.861259716028515e+53,0.0,0.0,0.0
-32.78,2.967195991262653e+26,1.3060649181730575e-14,1.3060699370318793e-14,1.0000000000000002,2.099700000000001,4.600042665645025e+42,2.641275615123548e+53,4.253529586511731e+37,4.253529586511731e+37,1.6104073206455922e-16
-32.76,2.8508505723007498e+26,1.3324491860429406e-14,1.3324547964940483e-14,1.0000000000000002,2.099700000000001,4.332157035478822e+42,2.438204695632933e+53,4.253529586511731e+37,4.253529586511731e+37,1.744533424143858e-16
-32.739999999999995,2.739067122468391e+26,1.3593665422189853e-14,1.3593684494295169e-14,1.0000000000000002,2.099700000000001,4.079871849931367e+42,2.250746610375384e+53,0.0,0.0,0.0
-32.72,2.6316667643974763e+26,1.3868273453712092e-14,1.3868131014675898e-14,1.0000000000000002,2.099700000000001,3.842278609834166e+42,2.0777009876118626e+53,0.0,0.0,0.0
-32.7,2.5284776346017526e+26,1.4148425146785342e-14,1.4148095002084987e-14,1.0000000000000002,2.099700000000001,3.618521722891251e+42,1.9179597445681978e+53,0.0,0.0,0.0
-32.68,2.4293346084586584e+26,1.443423463932321e-14,1.4433854430003793e-14,1.0000000000000002,2.099700000000001,3.4077954226230955e+42,1.770499991922418e+53,0.0,0.0,0.0
-32.66,2.3340790359747623e+26,1.472581699158414e-14,1.4725482968358164e-14,1.0000000000000002,2.099700000000001,3.2093408667371703e+42,1.6343774838209701e+53,0.0,0.0,0.0
-32.64,2.2425584879118503e+26,1.502329188747585e-14,1.5022916403178274e-14,1.0000000000000002,2.099700000000001,3.022443404475636e+42,1.5087205714814211e+53,4.253529586511731e+37,4.253529586511731e+37,2.819295810522391e-16
-32.620000000000005,2.1546265118675612e+26,1.5326773877940426e-14,1.5326345010932174e-14,1.0000000000000002,2.099700000000001,2.8464300031008194e+42,1.3927246216643087e+53,-2.1267647932558654e+37,2.1267647932558654e+37,-1.5270533457439066e-16
-32.599999999999994,2.0701423979203457e+26,1.563638718203783e-14,1.5636046644298776e-14,1.0000000000000002,2.099700000000001,2.6806668242503727e+42,1.2856468642734137e+53,0.0,0.0,0.0
-32.58,1.9889709534637692e+26,1.5952256936460503e-14,1.5951909814484882e-14,1.0000000000000002,2.099700000000001,2.5245569414349515e+42,1.1868016360915277e+53,-2.1267647932558654e+37,2.1267647932558654e+37,-1.7920137018134394e-16
-32.56,1.910982286869142e+26,1.6274507235295924e-14,1.6274244696168855e-14,1.0000000000000002,2.099700000000001,2.377538190457393e+42,1.09555599019451e+53,0.0,0.0,0.0
-32.54,1.836051599631418e+26,1.6603269609769615e-14,1.6603122377746606e-14,1.0000000000000002,2.099700000000001,2.2390811450148403e+42,1.0113256429303363e+53,0.0,0.0,0.0
-32.519999999999996,1.7640589866649793e+26,1.6938675277600803e-14,1.6938576859221785e-14,1.0000000000000002,2.099700000000001,2.1086872101921518e+42,9.335712325089558e+52,-2.1267647932558654e+37,2.1267647932558654e+37,-2.278095895791675e-16
-32.5,1.6948892444298616e+26,1.7280858322836605e-14,1.728079161401894e-14,1.0000000000000002,2.099700000000001,1.9858868269817064e+42,8.617948652453495e+52,1.0633823966279327e+37,1.0633823966279327e+37,1.2339159114166776e-16
-32.480000000000004,1.6284316865814635e+26,1.762995574023656e-14,1.7630113635453193e-14,1.0000000000000002,2.099700000000001,1.8702377813635525e+42,7.955369273400629e+52,0.0,0.0,0.0
-32.46,1.5645799668488377e+26,1.7986113270928784e-14,1.7986531989262313e-14,1.0000000000000002,2.099700000000001,1.761323611857457e+42,7.343731417818002e+52,0.0,0.0,0.0
-32.44,1.50323190885801e+26,1.83494670220846e-14,1.8350069653923485e-14,1.0000000000000002,2.099700000000001,1.6587521098118587e+42,6.779118515260818e+52,0.0,0.0,0.0
-32.42,1.4442893426279321e+26,1.872016536924912e-14,1.872090784202878e-14,1.0000000000000002,2.0997000000000012,1.5621539070288722e+42,6.257915115529661e+52,0.0,0.0,0.0
-32.4,1.3876579474775097e+26,1.9098352902571196e-14,1.909914724680342e-14,1.0000000000000002,2.0997000000000012,1.4711811456398334e+42,5.77678373744537e+52,0.0,0.0,0.0
-32.379999999999995,1.3332471010925151e+26,1.948418075730812e-14,1.9484921132366253e-14,1.0000000000000002,2.0997000000000012,1.3855062254414353e+42,5.332643497576238e+52,0.0,0.0,0.0
-32.36,1.2809697345104848e+26,1.987780307310198e-14,1.9878599524621188e-14,1.0000000000000002,2.0997000000000012,1.3048206241809419e+42,4.922650382065105e+52,1.0633823966279327e+37,1.0633823966279327e+37,2.160182653787502e-16
-32.34,1.2307421927917683e+26,2.027937870643786e-14,2.0280266039051056e-14,1.0000000000000002,2.0997000000000012,1.2288337865428875e+42,4.544179035230789e+52,5.316911983139664e+36,5.316911983139664e+36,1.1700489663312416e-16
-32.32,1.1824841011538192e+26,2.0689066510847505e-14,2.068996373294232e-14,1.0000000000000002,2.0997000000000012,1.1572720778361262e+42,4.194805948328941e+52,0.0,0.0,0.0
-32.3,1.1361182363544264e+26,2.110703063232512e-14,2.1107828627237575e-14,1.0000000000000002,2.0997000000000012,1.0898777986133957e+42,3.8722939408222904e+52,5.316911983139664e+36,5.316911983139664e+36,1.3730651815809616e-16
-32.28,1.0915704031180148e+26,2.153343502756572e-14,2.1534133795766917e-14,1.0000000000000002,2.0997000000000012,1.0264082566749846e+42,3.574577834787037e+52,-5.316911983139664e+36,5.316911983139664e+36,-1.4874237542805552e-16
-32.26,1.0487693154073306e+26,2.1968453649911558e-14,2.1969180255782496e-14,1.0000000000000002,2.0997000000000012,9.666348931145364e+41,3.2997512307232204e+52,5.316911983139664e+36,5.316911983139664e+36,1.6113069171637456e-16
-32.239999999999995,1.0076464823506667e+26,2.2412263197872343e-14,2.2413162880820423e-14,1.0000000000000002,2.0997000000000012,9.103424592602566e+41,3.0460543000899856e+52,0.0,0.0,0.0
-32.22,9.681360986418086e+25,2.2865039844524986e-14,2.28660701648351e-14,1.0000000000000002,2.0997000000000012,8.573282415471837e+41,2.8118625163944136e+52,5.316911983139664e+36,5.316911983139664e+36,1.8908861837936887e-16
-32.2,9.301749392374753e+25,2.3326967816078677e-14,2.33281174363846e-14,1.0000000000000002,2.0997000000000012,8.074013315292972e+41,2.595676252675584e+52,-5.316911983139664e+36,5.316911983139664e+36,-2.0483725493476642e-16
-32.18,8.937022581837955e+25,2.3798230423345124e-14,2.379955851647141e-14,1.0000000000000002,2.0997000000000012,7.603819384029774e+41,2.3961111787724093e+52,0.0,0.0,0.0
-32.16,8.586596914098434e+25,2.4279014871828246e-14,2.428051514238695e-14,1.0000000000000002,2.0997000000000012,7.161007415659652e+41,2.211889396884534e+52,0.0,0.0,0.0
-32.14,8.249911633326466e+25,2.476951364202224e-14,2.4770995355303067e-14,1.0000000000000002,2.0997000000000012,6.743982808802141e+41,2.0418312586634228e+52,-5.316911983139664e+36,5.316911983139664e+36,-2.6039918628949225e-16
-32.120000000000005,7.926427971242671e+25,2.5269918012142082e-14,2.5271164241566382e-14,1.0000000000000002,2.0997000000000012,6.3512438244318144e+41,1.8848478114354346e+52,5.316911983139664e+36,5.316911983139664e+36,2.8208707094029656e-16
-32.099999999999994,7.615628284973969e+25,2.578042520428969e-14,2.578144465268338e-14,1.0000000000000002,2.0997000000000012,5.981376177995684e+41,1.7399338251870538e+52,0.0,0.0,0.0
-32.08,7.317015228715307e+25,2.6301246291467578e-14,2.630238298177066e-14,1.0000000000000002,2.0997000000000012,5.633047946462109e+41,1.606161355661222e+52,-2.658455991569832e+36,2.658455991569832e+36,-1.6551612215711457e-16
-32.06,7.030110957868934e+25,2.68325920810243e-14,2.6833866209914696e-14,1.0000000000000002,2.0997000000000012,5.3050047719576614e+41,1.4826738023454166e+52,0.0,0.0,0.0
-32.04,6.754456364391894e+25,2.7374671744782298e-14,2.7375995540701705e-14,1.0000000000000002,2.0997000000000012,4.996065344724909e+41,1.368680423304265e+52,0.0,0.0,0.0
-32.019999999999996,6.489610342125281e+25,2.7927706234795664e-14,2.7929114719702163e-14,1.0000000000000002,2.0997000000000012,4.705117149131205e+41,1.2634512717315316e+52,0.0,0.0,0.0
-32.0,6.235149080930059e+25,2.849191182787427e-14,2.849335602727851e-14,1.0000000000000002,2.0997000000000012,4.4311124574108526e+41,1.1663125217983784e+52,-2.658455991569832e+36,2.658455991569832e+36,-2.27936847267117e-16
-31.98,5.990665388500219e+25,2.906751752265422e-14,2.9069087375295656e-14,1.0000000000000002,2.0997000000000012,4.1730645567128765e+41,1.0766421538675045e+52,0.0,0.0,0.0
-31.96,5.755768038768618e+25,2.965475346238437e-14,2.965645010076824e-14,1.0000000000000002,2.0997000000000012,3.9300441958696525e+41,9.938659714440105e+51,0.0,0.0,0.0
-31.939999999999998,5.530081145861543e+25,3.025385314848661e-14,3.0255461731967706e-14,1.0000000000000002,2.0997000000000012,3.7011762390886586e+41,9.174539243573881e+51,2.658455991569832e+36,2.658455991569832e+36,2.89764523414584e-16
-31.919999999999998,5.313243562601318e+25,3.08650520228626e-14,3.086654243508113e-14,1.0000000000000002,2.0997000000000012,3.4856365145184264e+41,8.469167146308744e+51,1.329227995784916e+36,1.329227995784916e+36,1.5694908044288018e-16
-31.9,5.104908302593538e+25,3.1488597527638275e-14,3.149012318810207e-14,1.0000000000000002,2.0997000000000012,3.282648846339665e+41,7.818026633038272e+51,0.0,0.0,0.0
-31.88,4.904741984974968e+25,3.2124742816144465e-14,3.212642687587217e-14,1.0000000000000002,2.0997000000000012,3.0914822596939834e+41,7.216948181443713e+51,1.329227995784916e+36,1.329227995784916e+36,1.8418145209157802e-16
-31.86,4.712424300932995e+25,3.2773741955747134e-14,3.2775598450905065e-14,1.0000000000000002,2.0997000000000012,2.9114483483846767e+41,6.662082837316007e+51,0.0,0.0,0.0
-31.84,4.527647501143193e+25,3.3435853902696174e-14,3.343774406288075e-14,1.0000000000000004,2.0997000000000017,2.7418987958711203e+41,6.149877568108275e+51,-1.329227995784916e+36,1.329227995784916e+36,-2.1613893626414553e-16
-31.82,4.350115903304749e+25,3.411134288078861e-14,3.411340090863926e-14,1.0000000000000004,2.0997000000000017,2.5822230406288095e+41,5.6770525113972496e+51,-6.64613997892458e+35,6.64613997892458e+35,-1.1707025723787984e-16
-31.8,4.179545418985695e+25,3.4800483779620165e-14,3.480278392439767e-14,1.0000000000000004,2.0997000000000017,2.431846077468286e+41,5.240579972566113e+51,-1.329227995784916e+36,1.329227995784916e+36,-2.536413913501184e-16
-31.78,4.015663099020813e+25,3.550354828602542e-14,3.550604252418598e-14,1.0000000000000004,2.0997000000000017,2.2902263868955998e+41,4.837665037222214e+51,-6.64613997892458e+35,6.64613997892458e+35,-1.3738321953820417e-16
-31.759999999999998,3.8582066967347082e+25,3.622082047099361e-14,3.6223267422935305e-14,1.0000000000000004,2.0997000000000017,2.1568539850570688e+41,4.465727674202883e+51,-6.64613997892458e+35,6.64613997892458e+35,-1.4882546504114577e-16
-31.74,3.7069242482912896e+25,3.69525768849039e-14,3.6955012923345884e-14,1.0000000000000004,2.0997000000000017,2.031248587246594e+41,4.122386214567861e+51,0.0,0.0,0.0
-31.72,3.561573669497711e+25,3.769911836821883e-14,3.7701529719061863e-14,1.0000000000000004,2.0997000000000017,1.9129578783619483e+41,3.805442100786525e+51,0.0,0.0,0.0
-31.7,3.421922368418128e+25,3.846073980820449e-14,3.8463147797381975e-14,1.0000000000000004,2.0997000000000017,1.80155588408185e+41,3.512865808463946e+51,0.0,0.0,0.0
-31.68,3.2877468731769485e+25,3.923774761483663e-14,3.924020863082175e-14,1.0000000000000004,2.0997000000000017,1.6966414368982986e+41,3.242783850455779e+51,6.64613997892458e+35,6.64613997892458e+35,2.0495167994754635e-16
-31.66,3.1588324743561567e+25,4.003045020385259e-14,4.003284095165504e-14,1.0000000000000004,2.0997000000000017,1.5978367314802547e+41,2.993466780154331e+51,0.0,0.0,0.0
-31.64,3.0349728814144357e+25,4.083916761469086e-14,4.0841497789517346e-14,1.0000000000000004,2.099700000000002,1.5047859641662791e+41,2.763318117125837e+51,-3.32306998946229e+35,3.32306998946229e+35,-1.2025651222298276e-16
-31.62,2.9159698925782924e+25,4.166422176727661e-14,4.1666651230374544e-14,1.0000000000000004,2.099700000000002,1.4171540516871767e+41,2.5508641241852045e+51,-3.32306998946229e+35,3.32306998946229e+35,-1.302723244947093e-16
-31.599999999999998,2.8016330776769127e+25,4.250594399146065e-14,4.250837372108939e-14,1.0000000000000004,2.099700000000002,1.3346254245041993e+41,2.3547443704465624e+51,3.32306998946229e+35,3.32306998946229e+35,1.4112232440091764e-16
-31.58,2.6917794734133413e+25,4.3364671551546234e-14,4.336716583334018e-14,1.0000000000000004,2.099700000000002,1.2569028904178742e+41,2.173703019921133e+51,0.0,0.0,0.0
-31.56,2.586233290584053e+25,4.424074684622708e-14,4.424333450881572e-14,1.0000000000000004,2.099700000000002,1.1837065643550805e+41,2.0065807898791966e+51,0.0,0.0,0.0
-31.54,2.484825632778802e+25,4.513452178534898e-14,4.5137108283790616e-14,1.0000000000000004,2.099700000000002,1.1147728604804894e+41,1.8523075274828967e+51,0.0,0.0,0.0
-31.52,2.387394226110315e+25,4.6046352935969925e-14,4.6048977757283666e-14,1.0000000000000004,2.099700000000002,1.0498535430027844e+41,1.7098953571544773e+51,-3.32306998946229e+35,3.32306998946229e+35,-1.9434347109921073e-16
-31.5,2.293783159541449e+25,4.6976603146942804e-14,4.697923905866311e-14,1.0000000000000004,2.099700000000002,9.887148322577861e+40,1.5784323547999157e+51,-3.32306998946229e+35,3.32306998946229e+35,-2.1052976892857549e-16
-31.48,2.2038426353942687e+25,4.7925649561161107e-14,4.792841162541506e-14,1.0000000000000004,2.099700000000002,9.311365628490804e+40,1.4570767083813545e+51,0.0,0.0,0.0
-31.46,2.117428729641806e+25,4.889386891580905e-14,4.889670845938591e-14,1.0000000000000004,2.099700000000002,8.769113908148028e+40,1.345051327446064e+51,-1.661534994731145e+35,1.661534994731145e+35,-1.235294862522224e-16
-31.439999999999998,2.0344031615988943e+25,4.988164904664389e-14,4.9884501985518857e-14,1.0000000000000004,2.099700000000002,8.258440469654156e+40,1.2416388670944895e+51,1.661534994731145e+35,1.661534994731145e+35,1.3381789493338953e-16
-31.419999999999998,1.9546330726436296e+25,5.08893820171517e-14,5.0892231929343805e-14,1.0000000000000004,2.099700000000002,7.777506337037112e+40,1.1461771345239088e+51,3.32306998946229e+35,3.32306998946229e+35,2.8992639000926435e-16
-31.4,1.8779908136151436e+25,5.1917476345525823e-14,5.1920443234484547e-14,1.0000000000000004,2.099700000000002,7.324579627948278e+40,1.058054848733616e+51,1.661534994731145e+35,1.661534994731145e+35,1.570367544371457e-16
-31.38,1.804353740547772e+25,5.2966335449672966e-14,5.296912079466799e-14,1.0000000000000004,2.099700000000002,6.898029317015483e+40,9.767077262396418e+50,-1.661534994731145e+35,1.661534994731145e+35,-1.7011588523116991e-16
-31.36,1.7336040184145288e+25,5.403638135509523e-14,5.403902836046235e-14,1.0000000000000004,2.099700000000002,6.4963193623895445e+40,9.016148677339382e+50,1.661534994731145e+35,1.661534994731145e+35,1.8428433847674057e-16
-31.34,1.6656284325659224e+25,5.512804459580431e-14,5.51307844978442e-14,1.0000000000000004,2.099700000000002,6.118003174335099e+40,8.322954225504243e+50,0.0,0.0,0.0
-31.32,1.6003182075623653e+25,5.6241762166358554e-14,5.624464733130994e-14,1.0000000000000007,2.099700000000003,5.7617184059447175e+40,7.683055095790702e+50,0.0,0.0,0.0
-31.3,1.537568833110262e+25,5.737798159821559e-14,5.738097484471905e-14,1.0000000000000007,2.099700000000003,5.426182047218295e+40,7.092353749113549e+50,-8.307674973655724e+34,8.307674973655724e+34,-1.1713565435252684e-16
-31.28,1.4772798968232435e+25,5.853715349830592e-14,5.854018821402374e-14,1.0000000000000007,2.099700000000003,5.11018580484175e+40,6.547067680163269e+50,-8.307674973655724e+34,8.307674973655724e+34,-1.2689153952353997e-16
-31.259999999999998,1.4193549235409163e+25,5.971974260978615e-14,5.972268311818464e-14,1.0000000000000007,2.099700000000003,4.812591751025628e+40,6.043705196458269e+50,0.0,0.0,0.0
-31.24,1.3637012209480635e+25,6.092622017376998e-14,6.092914082784837e-14,1.0000000000000007,2.099700000000003,4.532328225736043e+40,5.579043059592491e+50,0.0,0.0,0.0
-31.22,1.3102297312471045e+25,6.215707247979927e-14,6.216004082354204e-14,1.0000000000000007,2.099700000000003,4.268385977561021e+40,5.150105845504746e+50,0.0,0.0,0.0
-31.2,1.2588548886466597e+25,6.341278772450874e-14,6.341571835711405e-14,1.0000000000000007,2.099700000000003,4.019814529315293e+40,4.754146891606806e+50,-8.307674973655724e+34,8.307674973655724e+34,-1.747458621360656e-16
-31.18,1.2094944824380184e+25,6.469386869030144e-14,6.469670022638365e-14,1.0000000000000007,2.099700000000003,3.7857187552957945e+40,4.388630708765463e+50,8.307674973655724e+34,8.307674973655724e+34,1.8929993258138742e-16
-31.16,1.1620695254404667e+25,6.600082768784423e-14,6.600357378768705e-14,1.0000000000000007,2.099700000000003,3.5652556578623293e+40,4.051216745515773e+50,8.307674973655724e+34,8.307674973655724e+34,2.050661688768008e-16
-31.14,1.1165041276049457e+25,6.733418762756866e-14,6.733690401910974e-14,1.0000000000000007,2.099700000000003,3.357631331735312e+40,3.7397444005408845e+50,0.0,0.0,0.0
-31.12,1.0727253745737835e+25,6.869448087275329e-14,6.869704978906843e-14,1.0000000000000007,2.099700000000003,3.162098105079559e+40,3.4522191874471867e+50,4.153837486827862e+34,4.153837486827862e+34,1.2032368922435153e-16
-31.099999999999998,1.0306632110021582e+25,7.008224993701632e-14,7.008455951108701e-14,1.0000000000000007,2.099700000000003,2.977951847077881e+40,3.1867999632420474e+50,-4.153837486827862e+34,4.153837486827862e+34,-1.3034509647144123e-16
-31.08,9.902503284546319e+24,7.149805006209778e-14,7.150016747319816e-14,1.0000000000000007,2.0997000000000035,2.8045294322996463e+40,2.941787138733069e+50,8.307674973655724e+34,8.307674973655724e+34,2.8240231468418066e-16
-31.06,9.514220576972464e+24,7.294244886933282e-14,7.294458163140622e-14,1.0000000000000007,2.0997000000000035,2.6412063527329683e+40,2.7156117953544704e+50,4.153837486827862e+34,4.153837486827862e+34,1.5296138768912868e-16
-31.04,9.141162652129856e+24,7.441602808517345e-14,7.441821910769601e-14,1.0000000000000007,2.0997000000000035,2.487394468881348e+40,2.506825638732076e+50,0.0,0.0,0.0
-31.02,8.782732537748817e+24,7.591937549405908e-14,7.59215245374097e-14,1.0000000000000007,2.0997000000000035,2.3425398918260775e+40,2.3140917246547024e+50,0.0,0.0,0.0
-31.0,8.438356669177181e+24,7.745308950292582e-14,7.745512219122421e-14,1.0000000000000007,2.0997000000000035,2.2061209886280773e+40,2.136175898066801e+50,0.0,0.0,0.0
-30.98,8.107483971554472e+24,7.901778508396651e-14,7.901973859170371e-14,1.0000000000000009,2.099700000000004,2.077646503885738e+40,1.971938890262619e+50,-4.153837486827862e+34,4.153837486827862e+34,-2.106473738563476e-16
-30.96,7.789584977974569e+24,8.061409077579617e-14,8.061607456585727e-14,1.0000000000000009,2.099700000000004,1.9566537906848925e+40,1.8203290236769494e+50,2.076918743413931e+34,2.076918743413931e+34,1.1409578796889369e-16
-30.939999999999998,7.484150982225626e+24,8.224264282543204e-14,8.224454261583526e-14,1.0000000000000009,2.099700000000004,1.8427071445702059e+40,1.6803754775581964e+50,0.0,0.0,0.0
-30.919999999999998,7.19069322475184e+24,8.390409213313324e-14,8.390598269244522e-14,1.0000000000000009,2.099700000000004,1.7353962345385187e+40,1.5511820714012232e+50,2.076918743413931e+34,2.076918743413931e+34,1.3389264751528742e-16
-30.9,6.908742110533542e+24,8.559910607358626e-14,8.560109533991662e-14,1.0000000000000009,2.099700000000004,1.634334625404026e+40,1.4319215263323532e+50,-4.153837486827862e+34,4.153837486827862e+34,-2.9008834701948904e-16
-30.88,6.637846457635219e+24,8.73283651300679e-14,8.733034102610375e-14,1.0000000000000009,2.099700000000004,1.5391583862142286e+40,1.321830167700299e+50,2.076918743413931e+34,2.076918743413931e+34,1.5712447740434646e-16
-30.86,6.377572775218084e+24,8.909255287614672e-14,8.909449068306541e-14,1.0000000000000009,2.099700000000004,1.4495247797053247e+40,1.2202030349511363e+50,0.0,0.0,0.0
-30.84,6.127504569862265e+24,9.089238288601886e-14,9.089445190296787e-14,1.0000000000000009,2.099700000000004,1.365111028077993e+40,1.1263893674739791e+50,0.0,0.0,0.0
-30.82,5.887241679088475e+24,9.272857437016796e-14,9.273071715247525e-14,1.0000000000000009,2.099700000000005,1.2856131506486005e+40,1.039788437511335e+50,0.0,0.0,0.0
-30.8,5.656399631012666e+24,9.460186007355915e-14,9.460401682590788e-14,1.0000000000000009,2.099700000000005,1.210744869190353e+40,9.59845703450534e+49,0.0,0.0,0.0
-30.78,5.434609029108996e+24,9.651298895382591e-14,9.651518997870468e-14,1.0000000000000009,2.099700000000005,1.1402365770225725e+40,8.860492588641688e+49,-1.0384593717069655e+34,1.0384593717069655e+34,-1.1720108799645463e-16
-30.759999999999998,5.221514961096539e+24,9.846272641542727e-14,9.846500723774076e-14,1.0000000000000009,2.099700000000005,1.0738343681353608e+40,8.179265545612677e+49,2.076918743413931e+34,2.076918743413931e+34,2.539248458873312e-16
-30.74,5.016776431004065e+24,1.004518516969329e-13,1.004541261584638e-13,1.000000000000001,2.099700000000005,1.0112991228537322e+40,7.55041372659208e+49,2.076918743413931e+34,2.076918743413931e+34,2.7507350171037283e-16
-30.72,4.8200658135035134e+24,1.0248116036783948e-13,1.0248348214168004e-13,1.000000000000001,2.099700000000005,9.524056467485028e+39,6.969910332999196e+49,0.0,0.0,0.0
-30.7,4.631068329639723e+24,1.0455146527986253e-13,1.0455392352058292e-13,1.000000000000001,2.099700000000005,8.969418596931063e+39,6.434038161240688e+49,1.0384593717069655e+34,1.0384593717069655e+34,1.6140087228857062e-16
-30.68,4.4494815431169053e+24,1.0666359555127319e-13,1.066660536848408e-13,1.000000000000001,2.099700000000005,8.447080321460651e+39,5.939365799916704e+49,1.0384593717069655e+34,1.0384593717069655e+34,1.7484347766117344e-16
-30.66,4.2750148763360494e+24,1.0881839207413651e-13,1.0882080632107143e-13,1.000000000000001,2.0997000000000052,7.95516065908917e+39,5.482725657072855e+49,0.0,0.0,0.0
-30.64,4.1073891454087746e+24,1.1101671850903012e-13,1.1101912061230082e-13,1.000000000000001,2.0997000000000052,7.491888167694861e+39,5.061193676797369e+49,0.0,0.0,0.0
-30.62,3.94633611340354e+24,1.1325945204144668e-13,1.1326177642127883e-13,1.000000000000001,2.0997000000000052,7.055594565914485e+39,4.6720706152803395e+49,0.0,0.0,0.0
-30.599999999999998,3.791598061109306e+24,1.1554749421702395e-13,1.1554987142527227e-13,1.000000000000001,2.0997000000000052,6.644708725528e+39,4.312864756437894e+49,0.0,0.0,0.0
-30.58,3.6429273746299185e+24,1.1788175387780852e-13,1.1788405778181797e-13,1.000000000000001,2.0997000000000052,6.25775101370005e+39,3.9812759564226435e+49,-5.192296858534828e+33,5.192296858534828e+33,-1.3041790909626417e-16
-30.56,3.5000861491488847e+24,1.2026316747541027e-13,1.202652915246785e-13,1.000000000000001,2.0997000000000052,5.893327964703575e+39,3.6751809148498364e+49,0.0,0.0,0.0
-30.54,3.362845808231021e+24,1.2269268625577278e-13,1.2269472106838832e-13,1.0000000000000013,2.099700000000006,5.550127261938136e+39,3.3926195784260796e+49,0.0,0.0,0.0
-30.52,3.230986738051365e+24,1.2517128363175885e-13,1.2517326151680234e-13,1.0000000000000013,2.099700000000006,5.2269130121723815e+39,3.131782589916457e+49,0.0,0.0,0.0
-30.5,3.104297935966201e+24,1.2769994829543332e-13,1.2770174138930668e-13,1.0000000000000013,2.099700000000006,4.922521294993952e+39,2.89099970208096e+49,0.0,0.0,0.0
-30.48,2.982576672863813e+24,1.302796938052767e-13,1.302814187660527e-13,1.0000000000000013,2.099700000000006,4.635855971438501e+39,2.668729082389833e+49,0.0,0.0,0.0
-30.46,2.8656281687546553e+24,1.329115530523385e-13,1.3291324226338212e-13,1.0000000000000013,2.099700000000006,4.365884736705524e+39,2.4635474400314657e+49,0.0,0.0,0.0
-30.439999999999998,2.7532652810817956e+24,1.3559657831767032e-13,1.355982155890507e-13,1.0000000000000013,2.099700000000006,4.111635402746059e+39,2.274140911991968e+49,2.596148429267414e+33,2.596148429267414e+33,1.14159523497777e-16
-30.419999999999998,2.6453082052529746e+24,1.3833584307612227e-13,1.3833743816411395e-13,1.0000000000000013,2.0997000000000066,3.8721923973356183e+39,2.099296649846401e+49,-5.192296858534828e+33,5.192296858534828e+33,-2.4733507091325105e-16
-30.4,2.5415841869147816e+24,1.4113044358916018e-13,1.4113195111525605e-13,1.0000000000000013,2.0997000000000066,3.646693467025244e+39,1.9378950533879178e+49,0.0,0.0,0.0
-30.38,2.44192724550891e+24,1.439814998088325e-13,1.4398314247677962e-13,1.0000000000000013,2.0997000000000066,3.434326572097797e+39,1.7889026013641923e+49,0.0,0.0,0.0
-30.36,2.3461779086678344e+24,1.468901564377292e-13,1.4689200956577738e-13,1.0000000000000016,2.099700000000007,3.234326962347666e+39,1.651365233412864e+49,2.596148429267414e+33,2.596148429267414e+33,1.5721224936978342e-16
-30.34,2.2541829570250007e+24,1.4985757132970124e-13,1.4985939009153048e-13,1.0000000000000016,2.099700000000007,3.0459744231543024e+39,1.5244022408179998e+49,0.0,0.0,0.0
-30.32,2.1657951790311486e+24,1.5288493011004272e-13,1.528866254284585e-13,1.0000000000000016,2.0997000000000074,2.868590681931497e+39,1.4072006269675147e+49,-2.596148429267414e+33,2.596148429267414e+33,-1.8449028368704095e-16
-30.3,2.0808731353844292e+24,1.5597344308417154e-13,1.5597503460945753e-13,1.0000000000000016,2.0997000000000074,2.7015369656133318e+39,1.299009901399238e+49,0.0,0.0,0.0
-30.28,1.9992809326973436e+24,1.5912434650831361e-13,1.5912597288230994e-13,1.0000000000000016,2.0997000000000074,2.5442117003814404e+39,1.1991372740997305e+49,0.0,0.0,0.0
-30.259999999999998,1.920888006038319e+24,1.623389046950555e-13,1.6234038869647012e-13,1.0000000000000016,2.0997000000000074,2.39604834534931e+39,1.1069432192829591e+49,1.298074214633707e+33,1.298074214633707e+33,1.172665581883757e-16
-30.24,1.8455689100000173e+24,1.656183973532848e-13,1.656198578928003e-13,1.0000000000000016,2.0997000000000074,2.2565133524031988e+39,1.0218373802419475e+49,0.0,0.0,0.0
-30.22,1.7732031179598376e+24,1.689641380374808e-13,1.689655254936587e-13,1.0000000000000018,2.099700000000008,2.1251042448526233e+39,9.432747890502397e+48,0.0,0.0,0.0
-30.2,1.7036748292116612e+24,1.723774651832682e-13,1.723785859696724e-13,1.0000000000000018,2.099700000000008,2.0013478079715332e+39,8.707523769066833e+48,0.0,0.0,0.0
-30.18,1.6368727836600036e+24,1.758597434486576e-13,1.7586083551273364e-13,1.0000000000000018,2.0997000000000083,1.8847983849141653e+39,8.038057527775777e+48,0.0,0.0,0.0
-30.16,1.572690083780123e+24,1.7941236625087226e-13,1.7941339308910395e-13,1.0000000000000018,2.0997000000000083,1.7750362718690553e+39,7.420062297085982e+48,0.0,0.0,0.0
-30.14,1.511024023559177e+24,1.8303675514829298e-13,1.8303763651254973e-13,1.0000000000000018,2.0997000000000083,1.6716662066718808e+39,6.849580797647252e+48,-1.298074214633707e+33,1.298074214633707e+33,-1.8951148291626543e-16
-30.12,1.4517759241446886e+24,1.8673436122288665e-13,1.8673521625671008e-13,1.0000000000000018,2.0997000000000083,1.5743159454348904e+39,6.3229600002042e+48,1.298074214633707e+33,1.298074214633707e+33,2.0529533861808163e-16
-30.099999999999998,1.39485097593732e+24,1.9050666120365054e-13,1.9050742392032207e-13,1.000000000000002,2.0997000000000092,1.482634922066732e+39,5.83682773373727e+48,6.490371073168535e+32,6.490371073168535e+32,1.1119689268890177e-16
-30.08,1.340158086875328e+24,1.9435516325704477e-13,1.9435577525633683e-13,1.000000000000002,2.0997000000000092,1.3962929858558914e+39,5.3880710920557455e+48,-6.490371073168535e+32,6.490371073168535e+32,-1.2045815581490912e-16
-30.06,1.2876097366677683e+24,1.9828141118605184e-13,1.9828202464973308e-13,1.000000000000002,2.0997000000000092,1.3149792125715284e+39,4.9738165005699585e+48,1.298074214633707e+33,1.298074214633707e+33,2.609815247791656e-16
-30.04,1.2371218367434003e+24,2.0228697331340494e-13,2.0228762167009822e-13,1.000000000000002,2.0997000000000092,1.238400784800423e+39,4.591411315603711e+48,0.0,0.0,0.0
-30.02,1.1886135956910226e+24,2.0637345491787097e-13,2.0637412177946873e-13,1.000000000000002,2.0997000000000097,1.1662819374879353e+39,4.238406838418361e+48,0.0,0.0,0.0
-30.0,1.1420073899759789e+24,2.1054249003478942e-13,2.105432579008992e-13,1.000000000000002,2.0997000000000097,1.0983629648860568e+39,3.912542635180896e+48,0.0,0.0,0.0
-29.98,1.0972286397259413e+24,2.1479574700711365e-13,2.1479660809600882e-13,1.0000000000000022,2.09970000000001,1.0343992853321275e+39,3.6117320624701356e+48,0.0,0.0,0.0
-29.96,1.0542056893872043e+24,2.1913492800476714e-13,2.1913583945379092e-13,1.0000000000000022,2.09970000000001,9.74160560490689e+38,3.334048905634906e+48,0.0,0.0,0.0
-29.939999999999998,1.0128696930605031e+24,2.2356176709368348e-13,2.235628187601599e-13,1.0000000000000022,2.09970000000001,9.17429865886682e+38,3.077715044444017e+48,0.0,0.0,0.0
-29.919999999999998,9.731545043329174e+23,2.28078036017381e-13,2.2807909843613706e-13,1.0000000000000022,2.0997000000000106,8.64002909743029e+38,2.841089067046348e+48,3.2451855365842673e+32,3.2451855365842673e+32,1.1422329462451992e-16
-29.9,9.349965704294535e+23,2.326855367299553e-13,2.3268638937248854e-13,1.0000000000000022,2.0997000000000106,8.136872973095754e+38,2.622655759330845e+48,-3.2451855365842673e+32,3.2451855365842673e+32,-1.2373661789320866e-16
-29.88,8.983348305150763e+23,2.3738611095466096e-13,2.3738674979630764e-13,1.0000000000000024,2.099700000000011,7.663018380341894e+38,2.4210164023833618e+48,0.0,0.0,0.0
-29.86,8.631106179843376e+23,2.4218163889737475e-13,2.421822313066403e-13,1.0000000000000024,2.0997000000000114,7.216758930810192e+38,2.23487981591025e+48,0.0,0.0,0.0
-29.84,8.292675665822922e+23,2.470740458527723e-13,2.4707469088170555e-13,1.0000000000000024,2.0997000000000114,6.796487608464407e+38,2.0630540902763106e+48,0.0,0.0,0.0
-29.82,7.967515202064643e+23,2.520652859605108e-13,2.5206591600119564e-13,1.0000000000000024,2.0997000000000114,6.400690982596685e+38,1.904438954213876e+48,-3.2451855365842673e+32,3.2451855365842673e+32,-1.704011319613627e-16
-29.8,7.655104462455291e+23,2.5715735307726326e-13,2.571579115604125e-13,1.0000000000000027,2.0997000000000123,6.027943757842059e+38,1.7580187293303016e+48,0.0,0.0,0.0
-29.78,7.354943523160344e+23,2.623522880950281e-13,2.623528687914251e-13,1.0000000000000027,2.0997000000000123,5.6769036415761975e+38,1.622855826298667e+48,3.2451855365842673e+32,3.2451855365842673e+32,1.999675807832256e-16
-29.759999999999998,7.066552062639162e+23,2.676521684307276e-13,2.6765270962081605e-13,1.0000000000000027,2.0997000000000123,5.346306510211719e+38,1.4980847410850714e+48,0.0,0.0,0.0
-29.74,6.789468593028254e+23,2.730591098900711e-13,2.730596487180467e-13,1.0000000000000027,2.099700000000013,5.03496185698796e+38,1.3829065127680226e+48,1.6225927682921336e+32,1.6225927682921336e+32,1.1733206494585037e-16
-29.72,6.523249721661922e+23,2.7857528020783196e-13,2.785758429749189e-13,1.0000000000000029,2.099700000000013,4.7417485048607384e+38,1.2765836074607029e+48,0.0,0.0,0.0
-29.7,6.267469441549625e+23,2.842028870085955e-13,2.842035030929869e-13,1.0000000000000029,2.099700000000013,4.465610569053972e+38,1.1784351955761972e+48,-3.2451855365842673e+32,3.2451855365842673e+32,-2.7538090745565234e-16
-29.68,6.021718449673843e+23,2.899441803581866e-13,2.899448696925635e-13,1.0000000000000029,2.0997000000000137,4.2055536547339955e+38,1.0878327921937215e+48,0.0,0.0,0.0
-29.66,5.785603492017926e+23,2.958014555990238e-13,2.958021608382715e-13,1.0000000000000029,2.0997000000000137,3.960641276114141e+38,1.0041962326094425e+48,-1.6225927682921336e+32,1.6225927682921336e+32,-1.6158124427889941e-16
-29.64,5.5587467342757745e+23,3.01777056756086e-13,3.017778446224591e-13,1.000000000000003,2.099700000000014,3.729991484094149e+38,9.269899573016542e+47,-1.6225927682921336e+32,1.6225927682921336e+32,-1.7503887230476522e-16
-29.62,5.3407851572363405e+23,3.078733734368982e-13,3.078742286796163e-13,1.000000000000003,2.0997000000000146,3.512773690291138e+38,8.55719582521408e+47,0.0,0.0,0.0
-29.599999999999998,5.1313699758754004e+23,3.1409284420025384e-13,3.140935647881568e-13,1.000000000000003,2.0997000000000146,3.3082056760240464e+38,7.899287345486496e+47,0.0,0.0,0.0
-29.58,4.9301660812252556e+23,3.2043795309581853e-13,3.2043857057076345e-13,1.000000000000003,2.0997000000000146,3.1155507754815434e+38,7.291961273423694e+47,0.0,0.0,0.0
-29.56,4.736851504128667e+23,3.269112421986916e-13,3.269118386514052e-13,1.0000000000000033,2.0997000000000154,2.934115222929413e+38,6.731328648715732e+47,8.112963841460668e+31,8.112963841460668e+31,1.2052544544043592e-16
-29.54,4.551116900019661e+23,3.335152957432014e-13,3.3351581019715294e-13,1.0000000000000033,2.0997000000000154,2.7632456544045957e+38,6.213799508530167e+47,0.0,0.0,0.0
-29.52,4.372665053906194e+23,3.402527631211607e-13,3.402532659901552e-13,1.0000000000000033,2.099700000000016,2.6023267548990404e+38,5.73605989949345e+47,0.0,0.0,0.0
-29.5,4.2012104047627503e+23,3.471263350356754e-13,3.47126836267312e-13,1.0000000000000036,2.0997000000000163,2.4507790425613007e+38,5.295050657075296e+47,0.0,0.0,0.0
-29.48,4.036478588571782e+23,3.541387611333943e-13,3.5413921173282017e-13,1.0000000000000036,2.0997000000000163,2.3080567819357896e+38,4.8879478164915116e+47,0.0,0.0,0.0
-29.46,3.8782059992827436e+23,3.6129284904223526e-13,3.612933319793055e-13,1.0000000000000036,2.0997000000000168,2.173646018725716e+38,4.5121445296881855e+47,-8.112963841460668e+31,8.112963841460668e+31,-1.7980283619401352e-16
-29.439999999999998,3.726139366986149e+23,3.685914590081049e-13,3.6859201866478853e-13,1.0000000000000038,2.099700000000017,2.0470627290024783e+38,4.16523437261415e+47,-8.112963841460668e+31,8.112963841460668e+31,-1.9477808717836078e-16
-29.419999999999998,3.58003535262779e+23,3.7603750971316663e-13,3.760380241902563e-13,1.0000000000000038,2.0997000000000177,1.927851076196714e+38,3.8449959358916126e+47,0.0,0.0,0.0
-29.4,3.4396601586141664e+23,3.836339797286111e-13,3.8363438193331713e-13,1.0000000000000038,2.0997000000000177,1.815581769594286e+38,3.5493786002117347e+47,4.056481920730334e+31,4.056481920730334e+31,1.1428710136510578e-16
-29.38,3.304789154686573e+23,3.9138390891269386e-13,3.913842624168156e-13,1.000000000000004,2.0997000000000186,1.7098505184260484e+38,3.2764894053703733e+47,0.0,0.0,0.0
-29.36,3.175206518464732e+23,3.992903962810439e-13,3.9929086189534673e-13,1.000000000000004,2.0997000000000186,1.6102765759842893e+38,3.0245809288600254e+47,0.0,0.0,0.0
-29.34,3.050704890084939e+23,4.07356606293058e-13,4.073570841778682e-13,1.000000000000004,2.099700000000019,1.516501368523482e+38,2.7920400963999682e+47,8.112963841460668e+31,8.112963841460668e+31,2.9057476099698133e-16
-29.32,2.9310850403800405e+23,4.1558576593737925e-13,4.155862195517176e-13,1.0000000000000042,2.099700000000019,1.4281872040074089e+38,2.5773778527537335e+47,-4.056481920730334e+31,4.056481920730334e+31,-1.5738794038865878e-16
-29.3,2.8161555520702683e+23,4.239811641372796e-13,4.239815944906533e-13,1.0000000000000042,2.09970000000002,1.3450160560530265e+38,2.3792196266918634e+47,0.0,0.0,0.0
-29.28,2.705732513454746e+23,4.325461590176654e-13,4.325465753319413e-13,1.0000000000000042,2.09970000000002,1.2666884186921014e+38,2.196296529043172e+47,-4.056481920730334e+31,4.056481920730334e+31,-1.8469645900492466e-16
-29.259999999999998,2.5996392241135187e+23,4.412841791260138e-13,4.412845320618613e-13,1.0000000000000044,2.0997000000000208,1.1929222278261337e+38,2.027437227471957e+47,0.0,0.0,0.0
-29.24,2.4977059121492545e+23,4.501987155998394e-13,4.501989707584095e-13,1.0000000000000044,2.0997000000000208,1.1234518454909593e+38,1.871560445952167e+47,-4.056481920730334e+31,4.056481920730334e+31,-2.1674330247087313e-16
-29.22,2.3997694625158757e+23,4.592933383775489e-13,4.592936088756628e-13,1.0000000000000047,2.0997000000000217,1.0580271032731543e+38,1.7276680409091099e+47,-4.056481920730334e+31,4.056481920730334e+31,-2.3479521656901117e-16
-29.2,2.3056731559997646e+23,4.685716861228652e-13,4.685720145736415e-13,1.0000000000000047,2.0997000000000217,9.964124014335336e+37,1.5948386096929772e+47,0.0,0.0,0.0
-29.18,2.215266418435562e+23,4.780374674847025e-13,4.780377465041487e-13,1.0000000000000049,2.0997000000000225,9.383858604936109e+37,1.4722215904561254e+47,-4.056481920730334e+31,4.056481920730334e+31,-2.7553473909372375e-16
-29.16,2.1284045797553842e+23,4.876944660042011e-13,4.876944680217918e-13,1.0000000000000049,2.0997000000000225,8.837385222298299e+37,1.359031815653383e+47,0.0,0.0,0.0
-29.14,2.044948642485845e+23,4.975465470777057e-13,4.975465149796726e-13,1.0000000000000049,2.099700000000023,8.322735971982069e+37,1.254544484289149e+47,0.0,0.0,0.0
-29.12,1.964765059322447e+23,5.075976533288026e-13,5.07597683915319e-13,1.000000000000005,2.099700000000024,7.838057560798525e+37,1.1580905207165074e+47,0.0,0.0,0.0
-29.099999999999998,1.887725519425388e+23,5.178518060164045e-13,5.178517133192213e-13,1.000000000000005,2.099700000000024,7.3816046229519e+37,1.0690522902688055e+47,2.028240960365167e+31,2.028240960365167e+31,1.8972326961244504e-16
-29.08,1.8137067430948967e+23,5.283131055320284e-13,5.283130153848335e-13,1.0000000000000053,2.0997000000000248,6.951733434837614e+37,9.868596442892065e+46,0.0,0.0,0.0
-29.06,1.742590284497333e+23,5.389857357896918e-13,5.38985674052702e-13,1.0000000000000053,2.099700000000025,6.546895995861859e+37,9.109862692326688e+46,1.0141204801825835e+31,1.0141204801825835e+31,1.1132115968201995e-16
-29.04,1.6742623421266342e+23,5.498739676136785e-13,5.498739608955009e-13,1.0000000000000056,2.099700000000025,6.165634453967502e+37,8.409463164624549e+46,-2.028240960365167e+31,2.028240960365167e+31,-2.411855452807205e-16
-29.02,1.6086135766976183e+23,5.609821594377921e-13,5.609821944042694e-13,1.0000000000000056,2.099700000000026,5.806575855791666e+37,7.762912911601224e+46,0.0,0.0,0.0
-29.0,1.545538936179795e+23,5.723147511365763e-13,5.72314706176217e-13,1.0000000000000058,2.0997000000000265,5.468427202551185e+37,7.166071804274973e+46,-1.0141204801825835e+31,1.0141204801825835e+31,-1.415169296522716e-16
-28.98,1.4849374876917105e+23,5.838762737356868e-13,5.838762242297242e-13,1.0000000000000058,2.099700000000027,5.149970793850023e+37,6.615118021906612e+46,0.0,0.0,0.0
-28.96,1.4267122559867983e+23,5.95671357732919e-13,5.956714167817706e-13,1.000000000000006,2.099700000000028,4.8500598426426595e+37,6.106523579298832e+46,-1.0141204801825835e+31,1.0141204801825835e+31,-1.660716553711515e-16
-28.939999999999998,1.3707700682722898e+23,6.077047224182129e-13,6.077050254193195e-13,1.000000000000006,2.0997000000000283,4.567614345562048e+37,5.637031735646108e+46,0.0,0.0,0.0
-28.919999999999998,1.3170214051129051e+23,6.199811805632824e-13,6.199817207425669e-13,1.0000000000000062,2.0997000000000288,4.301617193740956e+37,5.203636140275161e+46,0.0,0.0,0.0
-28.9,1.2653802571805994e+23,6.325056422466527e-13,6.325062049994397e-13,1.0000000000000062,2.099700000000029,4.0511105101214265e+37,4.80356158173627e+46,0.0,0.0,0.0
-28.88,1.2157639876213278e+23,6.452831153944073e-13,6.452837588723011e-13,1.0000000000000064,2.09970000000003,3.815192200062799e+37,4.4342462169756024e+46,0.0,0.0,0.0
-28.86,1.1680931998184399e+23,6.583187146200526e-13,6.583194473064497e-13,1.0000000000000067,2.0997000000000305,3.593012702826397e+37,4.093325166793286e+46,0.0,0.0,0.0
-28.84,1.1222916103411526e+23,6.716176515746391e-13,6.71618523339755e-13,1.0000000000000067,2.0997000000000314,3.383771932239575e+37,3.778615372542691e+46,-5.070602400912918e+30,5.070602400912918e+30,-1.3419207557397075e-16
-28.82,1.0782859268747878e+23,6.851852477319019e-13,6.851863356739627e-13,1.0000000000000069,2.0997000000000323,3.1867163955211137e+37,3.488101617101992e+46,0.0,0.0,0.0
-28.8,1.0360057309374313e+23,6.990269328845211e-13,6.990281630868886e-13,1.0000000000000069,2.0997000000000323,3.001136479893213e+37,3.219923620604512e+46,0.0,0.0,0.0
-28.779999999999998,9.953833651953318e+22,7.131482387081323e-13,7.131494710944158e-13,1.000000000000007,2.099700000000033,2.826363897209259e+37,2.972364128296428e+46,0.0,0.0,0.0
-28.759999999999998,9.563538251967608e+22,7.275548128476504e-13,7.275560079546453e-13,1.0000000000000073,2.0997000000000337,2.6617692773946692e+37,2.743837914243701e+46,0.0,0.0,0.0
-28.74,9.18854655350979e+22,7.422524205389714e-13,7.422536616278191e-13,1.0000000000000073,2.099700000000034,2.5067599020344677e+37,2.5328816304737764e+46,0.0,0.0,0.0
-28.72,8.828258489859942e+22,7.572469386041171e-13,7.572481828625153e-13,1.0000000000000075,2.099700000000035,2.360777569947182e+37,2.3381444365527817e+46,0.0,0.0,0.0
-28.7,8.482097523250779e+22,7.725443667915666e-13,7.725455483115707e-13,1.0000000000000078,2.099700000000036,2.223296587057459e+37,2.1583793495948466e+46,0.0,0.0,0.0
-28.68,8.149509722284224e+22,7.88150820901724e-13,7.881520201473014e-13,1.0000000000000078,2.0997000000000363,2.0938218733296153e+37,1.9924352593143617e+46,2.535301200456459e+30,2.535301200456459e+30,1.2724635272036875e-16
-28.66,7.829962875522983e+22,8.040725474526707e-13,8.040737126467282e-13,1.000000000000008,2.0997000000000376,1.9718871799447863e+37,1.839249556990186e+46,0.0,0.0,0.0
-28.64,7.522945639838708e+22,8.203159152556823e-13,8.203172035235623e-13,1.0000000000000082,2.0997000000000385,1.857053410301457e+37,1.6978413311420216e+46,0.0,0.0,0.0
-28.62,7.227966722153907e+22,8.368874247277314e-13,8.368887846656099e-13,1.0000000000000084,2.099700000000039,1.7489070387935863e+37,1.567305086348048e+46,2.535301200456459e+30,2.535301200456459e+30,1.6176181776675391e-16
-28.599999999999998,6.9445540932681355e+22,8.537936987249627e-13,8.537950784866299e-13,1.0000000000000084,2.0997000000000394,1.6470586216716475e+37,1.4468049449827825e+46,0.0,0.0,0.0
-28.58,6.672254232510789e+22,8.710415053523375e-13,8.710429945136019e-13,1.0000000000000087,2.0997000000000403,1.5511413946245111e+37,1.335569294746626e+46,0.0,0.0,0.0
-28.56,6.4106314020109635e+22,8.886377409886174e-13,8.886392336392426e-13,1.0000000000000089,2.099700000000041,1.4608099520317704e+37,1.2328858477126835e+46,2.535301200456459e+30,2.535301200456459e+30,2.0563957337624429e-16
-28.54,6.159266949424104e+22,9.065894453493641e-13,9.06590985094561e-13,1.000000000000009,2.099700000000042,1.3757390031304453e+37,1.1380970792523247e+46,0.0,0.0,0.0
-28.52,5.917758637998884e+22,9.249037979203326e-13,9.249052721017587e-13,1.0000000000000093,2.099700000000043,1.2956222006168001e+37,1.0505960176327093e+46,0.0,0.0,0.0
-28.5,5.68572000291259e+22,9.435881211987726e-13,9.435895181050578e-13,1.0000000000000093,2.099700000000044,1.220171037465276e+37,9.698223573254578e+45,-2.535301200456459e+30,2.535301200456459e+30,-2.6141913290785166e-16
-28.48,5.4627797328449585e+22,9.62649893843327e-13,9.626512818690733e-13,1.0000000000000095,2.0997000000000448,1.149113807991492e+37,8.952588711383524e+45,-1.2676506002282294e+30,1.2676506002282294e+30,-1.4159598295733938e-16
-28.46,5.248581075800835e+22,9.820967410445054e-13,9.820982471407351e-13,1.0000000000000098,2.0997000000000456,1.0821946294183248e+37,8.264280981954613e+45,-1.2676506002282294e+30,1.2676506002282294e+30,-1.5338909716843203e-16
-28.439999999999998,5.0427812682308484e+22,1.0019364413130066e-12,1.00193791388391e-12,1.00000000000001,2.0997000000000465,1.0191725204215252e+37,7.628892865574405e+45,0.0,0.0,0.0
-28.419999999999998,4.845050986536739e+22,1.0221769284543646e-12,1.0221782883949674e-12,1.0000000000000102,2.0997000000000474,9.598205333366586e+36,7.042355709044129e+45,-1.2676506002282294e+30,1.2676506002282294e+30,-1.8000377300915642e-16
-28.4,4.6550738200831315e+22,1.0428263012403646e-12,1.0428277673398186e-12,1.0000000000000104,2.0997000000000487,9.039249369023813e+36,6.500913672087894e+45,0.0,0.0,0.0
-28.38,4.472545764873152e+22,1.0638928207709889e-12,1.0638943276269359e-12,1.0000000000000107,2.0997000000000496,8.512844465970526e+36,6.001099677152714e+45,1.2676506002282294e+30,1.2676506002282294e+30,2.112363844340371e-16
-28.36,4.297174737077148e+22,1.0853849108503593e-12,1.0853863485977277e-12,1.0000000000000109,2.0997000000000505,8.017094997969968e+36,5.539713208275243e+45,-1.2676506002282294e+30,1.2676506002282294e+30,-2.2882964347325046e-16
-28.34,4.1286801056362396e+22,1.107311166129296e-12,1.1073123978156248e-12,1.000000000000011,2.0997000000000514,7.550215731463783e+36,5.113799816852839e+45,0.0,0.0,0.0
-28.32,3.9667922431927575e+22,1.1296803583193122e-12,1.129681505593621e-12,1.0000000000000113,2.0997000000000527,7.110525396802532e+36,4.720632203085848e+45,1.2676506002282294e+30,1.2676506002282294e+30,2.6853407420517856e-16
-28.3,3.811252094628942e+22,1.1525014437284883e-12,1.1525028808358158e-12,1.0000000000000115,2.0997000000000536,6.696440633858675e+36,4.3576927519477106e+45,-1.2676506002282294e+30,1.2676506002282294e+30,-2.9089948980768557e-16
-28.279999999999998,3.661810762523473e+22,1.175783548828481e-12,1.175785262723461e-12,1.0000000000000118,2.0997000000000545,6.306470290220422e+36,4.0226574118534455e+45,0.0,0.0,0.0
-28.259999999999998,3.518229108862582e+22,1.199535989365168e-12,1.1995378133992668e-12,1.000000000000012,2.099700000000056,5.939210051432429e+36,3.713380812795279e+45,-6.338253001141147e+29,6.338253001141147e+29,-1.7068685681694257e-16
-28.24,3.380277372368069e+22,1.2237682608456512e-12,1.223770121191978e-12,1.0000000000000122,2.0997000000000567,5.59333738394613e+36,3.4278825286498194e+45,6.338253001141147e+29,6.338253001141147e+29,1.8490286460590667e-16
-28.22,3.247734800830335e+22,1.248490057424082e-12,1.2484919351166299e-12,1.0000000000000124,2.099700000000058,5.2676067725713576e+36,3.1643343956898095e+45,-6.338253001141147e+29,6.338253001141147e+29,-2.003028819970296e-16
-28.2,3.1203892978577293e+22,1.2737112658326991e-12,1.2737130429775853e-12,1.0000000000000127,2.099700000000059,4.960845235275882e+36,2.9210488060947446e+45,0.0,0.0,0.0
-28.18,2.9980370834770694e+22,1.2994419742728253e-12,1.299443636538359e-12,1.000000000000013,2.0997000000000607,4.671948099183224e+36,2.6964679014992298e+45,0.0,0.0,0.0
-28.16,2.880482368042212e+22,1.3256924777656564e-12,1.3256942122312717e-12,1.0000000000000133,2.0997000000000616,4.3998750225571583e+36,2.4891535973808122e+45,-3.1691265005705735e+29,3.1691265005705735e+29,-1.2731743425971977e-16
-28.14,2.7675370389288463e+22,1.3524732797576336e-12,1.3524751094167676e-12,1.0000000000000135,2.099700000000063,4.1436462484475186e+36,2.2977783744093303e+45,-3.1691265005705735e+29,3.1691265005705735e+29,-1.37921330018186e-16
-28.12,2.659020359514163e+22,1.3797950902704868e-12,1.3797970433857252e-12,1.0000000000000138,2.099700000000064,3.90233907650729e+36,2.1211167777909677e+45,0.0,0.0,0.0
-28.099999999999998,2.5547586799596793e+22,1.4076688390232328e-12,1.407670750641301e-12,1.000000000000014,2.099700000000065,3.675084540274468e+36,1.9580375701737673e+45,0.0,0.0,0.0
-28.08,2.4545851593345252e+22,1.436105673366943e-12,1.436107565807008e-12,1.0000000000000144,2.099700000000067,3.4610642779542596e+36,1.807496487866577e+45,0.0,0.0,0.0
-28.06,2.358339498634249e+22,1.4651169723941577e-12,1.4651189110711068e-12,1.0000000000000147,2.099700000000068,3.2595075854326905e+36,1.6685295539860738e+45,-3.1691265005705735e+29,3.1691265005705735e+29,-1.899352928336605e-16
-28.04,2.2658676842682823e+22,1.494714339442536e-12,1.4947164251037456e-12,1.0000000000000149,2.0997000000000696,3.069688640909375e+36,1.54024690571375e+45,-3.1691265005705735e+29,3.1691265005705735e+29,-2.0575444641364045e-16
-28.02,2.177021741605322e+22,1.5249096142832895e-12,1.5249117676953502e-12,1.0000000000000153,2.099700000000071,2.8909238911548774e+36,1.4218270961358003e+45,0.0,0.0,0.0
-28.0,2.0916594981823494e+22,1.5557148775844733e-12,1.5557171491505252e-12,1.0000000000000155,2.0997000000000723,2.7225695899810284e+36,1.3125118341784022e+45,3.1691265005705735e+29,3.1691265005705735e+29,2.4145507960166925e-16
-27.979999999999997,2.0096443561983422e+22,1.5871424540178748e-12,1.5871449262402273e-12,1.0000000000000158,2.0997000000000736,2.5640194800591363e+36,1.2116011289559735e+45,0.0,0.0,0.0
-27.96,1.9308450739287237e+22,1.6192049092380678e-12,1.6192073877100106e-12,1.0000000000000162,2.0997000000000754,2.414702609738815e+36,1.1184488074397791e+45,0.0,0.0,0.0
-27.939999999999998,1.8551355557104474e+22,1.6519150661464497e-12,1.651917536631847e-12,1.0000000000000164,2.0997000000000767,2.274081277005338e+36,1.032458376744286e+45,-1.5845632502852868e+29,1.5845632502852868e+29,-1.5347478237252e-16
-27.92,1.7823946501622417e+22,1.6852860132839005e-12,1.685288411493989e-12,1.0000000000000169,2.0997000000000785,2.1416490931716304e+36,9.530792045364772e+44,0.0,0.0,0.0
-27.9,1.7125059563163392e+22,1.7193310935254307e-12,1.7193332549281458e-12,1.000000000000017,2.09970000000008,2.0169291593318766e+36,8.79802993108783e+44,0.0,0.0,0.0
-27.880000000000003,1.6453576373523003e+22,1.7540639258083802e-12,1.7540658860621314e-12,1.0000000000000175,2.0997000000000816,1.899472349010705e+36,8.121605245386192e+44,0.0,0.0,0.0
-27.86,1.5808422416340423e+22,1.7894984070491866e-12,1.7895002985293237e-12,1.000000000000018,2.0997000000000834,1.7888556908222147e+36,7.497186560915344e+44,0.0,0.0,0.0
-27.839999999999996,1.5188565307644684e+22,1.825648712273497e-12,1.8256507115577843e-12,1.0000000000000182,2.0997000000000847,1.6846808453166844e+36,6.920775466291073e+44,0.0,0.0,0.0
-27.82,1.4593013143819283e+22,1.8625293037204267e-12,1.862531379229302e-12,1.0000000000000187,2.0997000000000865,1.5865726705280264e+36,6.388680962604983e+44,0.0,0.0,0.0
-27.799999999999997,1.4020812914344216e+22,1.900154934191548e-12,1.9001570481724524e-12,1.000000000000019,2.0997000000000887,1.494177871057318e+36,5.8974958284296925e+44,-7.922816251426434e+28,7.922816251426434e+28,-1.3434204044978404e-16
-27.78,1.347104897677727e+22,1.938540655607702e-12,1.9385428163178787e-12,1.0000000000000193,2.09970000000009,1.4071637258282174e+36,5.44407480197053e+44,0.0,0.0,0.0
-27.759999999999998,1.2942841591529132e+22,1.9777018152801667e-12,1.977703826485353e-12,1.0000000000000198,2.099700000000092,1.3252168899312821e+36,5.025514440650521e+44,0.0,0.0,0.0
-27.740000000000002,1.243534551409395e+22,2.017654078601783e-12,2.017655878200484e-12,1.0000000000000202,2.099700000000094,1.2480422662440997e+36,4.639134529166661e+44,0.0,0.0,0.0
-27.72,1.1947748642476263e+22,2.0584134285216704e-12,2.0584150731764295e-12,1.0000000000000207,2.0997000000000954,1.1753619427628006e+36,4.28246091696036e+44,0.0,0.0,0.0
-27.700000000000003,1.1479270717656018e+22,2.099996169883801e-12,2.0999976957108716e-12,1.000000000000021,2.099700000000098,1.1069141918186985e+36,3.953209675208072e+44,0.0,0.0,0.0
-27.68,1.102916207500627e+22,2.1424189369530077e-12,2.1424203633074623e-12,1.0000000000000213,2.0997000000000994,1.042452527575905e+36,3.649272471878329e+44,-7.922816251426434e+28,7.922816251426434e+28,-2.171067326391254e-16
-27.659999999999997,1.059670244467103e+22,2.1856986963634656e-12,2.1857000378888806e-12,1.0000000000000218,2.0997000000001016,9.817448184162411e+35,3.368703071209608e+44,0.0,0.0,0.0
-27.64,1.0181199798979306e+22,2.2298527657483247e-12,2.229854068607453e-12,1.0000000000000222,2.0997000000001034,9.245724510145352e+35,3.109704871156502e+44,0.0,0.0,0.0
-27.619999999999997,9.781989245052772e+21,2.2748988105167437e-12,2.274900344145439e-12,1.0000000000000226,2.0997000000001056,8.707295430945351e+35,2.8706193990026783e+44,-3.961408125713217e+28,3.961408125713217e+28,-1.3799837467389715e-16
-27.6,9.398431960836328e+21,2.3208548476180233e-12,2.32085653131808e-12,1.0000000000000233,2.099700000000108,8.200222020304723e+35,2.649915691473995e+44,0.0,0.0,0.0
-27.58,9.02991417284539e+21,2.367739259156517e-12,2.367740968792874e-12,1.0000000000000238,2.0997000000001105,7.722678266239436e+35,2.446180491346059e+44,0.0,0.0,0.0
-27.560000000000002,8.675846173998458e+21,2.415570800089912e-12,2.4155725017130876e-12,1.0000000000000242,2.0997000000001123,7.272944495426283e+35,2.2581091977736754e+44,0.0,0.0,0.0
-27.54,8.335661379958931e+21,2.464368601706817e-12,2.464370349799848e-12,1.0000000000000246,2.099700000000115,6.849401180519248e+35,2.084497512390866e+44,3.961408125713217e+28,3.961408125713217e+28,1.9004139314864827e-16
-27.519999999999996,8.008815422480176e+21,2.514152185307702e-12,2.5141539268598114e-12,1.000000000000025,2.0997000000001167,6.450523108103005e+35,1.9242337276902634e+44,-3.961408125713217e+28,3.961408125713217e+28,-2.058693835072003e-16
-27.5,7.694785278299807e+21,2.5649414635834966e-12,2.5649432182738447e-12,1.0000000000000258,2.0997000000001194,6.074873886277117e+35,1.7762916082994007e+44,0.0,0.0,0.0
-27.479999999999997,7.393068432190562e+21,2.6167567541965817e-12,2.6167585537285802e-12,1.0000000000000262,2.099700000000122,5.721100772092889e+35,1.6397238195705636e+44,3.961408125713217e+28,3.961408125713217e+28,2.415899595170293e-16
-27.46,7.103182072829499e+21,2.6696187865635946e-12,2.669620699301752e-12,1.0000000000000266,2.0997000000001242,5.387929800218532e+35,1.5136558614051419e+44,1.9807040628566084e+28,1.9807040628566084e+28,1.3085563940323204e-16
-27.439999999999998,6.824662320196016e+21,2.7235487040622316e-12,2.7235507577479618e-12,1.0000000000000273,2.0997000000001265,5.0741611952874695e+35,1.397280468467013e+44,0.0,0.0,0.0
-27.42,6.557063483265685e+21,2.7785680803713785e-12,2.7785702044113365e-12,1.0000000000000278,2.099700000000129,4.7786650514112544e+35,1.2898524409286964e+44,0.0,0.0,0.0
-27.4,6.299957346808726e+21,2.83469892125988e-12,2.8347010300346887e-12,1.0000000000000284,2.099700000000132,4.500377263297595e+35,1.1906838726479676e+44,-1.9807040628566084e+28,1.9807040628566084e+28,-1.6635012036950901e-16
-27.380000000000003,6.052932486155042e+21,2.891963680119468e-12,2.891965695136643e-12,1.0000000000000289,2.0997000000001345,4.238295694322729e+35,1.0991397462202996e+44,-1.9807040628566084e+28,1.9807040628566084e+28,-1.8020493408869955e-16
-27.36,5.815593608826247e+21,2.9503852609370612e-12,2.950387143457785e-12,1.0000000000000295,2.099700000000137,3.9914765677559086e+35,1.0146338666992042e+44,0.0,0.0,0.0
-27.339999999999996,5.587560921983989e+21,3.009987033684969e-12,3.009988884738067e-12,1.0000000000000302,2.0997000000001402,3.759031068145039e+35,9.366251079475027e+43,-1.9807040628566084e+28,1.9807040628566084e+28,-2.114724491261781e-16
-27.32,5.368469524680102e+21,3.070792841506603e-12,3.0707946225907597e-12,1.0000000000000306,2.099700000000143,3.540122140620405e+35,8.646139475825006e+43,1.9807040628566084e+28,1.9807040628566084e+28,2.2908536928936243e-16
-27.299999999999997,5.157968823937015e+21,3.1328270076040904e-12,3.1328287586638204e-12,1.0000000000000313,2.0997000000001456,3.333961476592593e+35,7.981392683272743e+43,1.9807040628566084e+28,1.9807040628566084e+28,2.4816521792418493e-16
-27.28,4.955721973724742e+21,3.196114345847989e-12,3.1961160613464797e-12,1.000000000000032,2.0997000000001487,3.139806674991114e+35,7.367754052859878e+43,9.903520314283042e+27,9.903520314283042e+27,1.3441708560065886e-16
-27.259999999999998,4.761405335934759e+21,3.2606801740214077e-12,3.2606819286330262e-12,1.0000000000000326,2.099700000000152,2.9569585688177108e+35,6.801294202351255e+43,0.0,0.0,0.0
-27.240000000000002,4.5747079624905625e+21,3.326550320830603e-12,3.3265522879680997e-12,1.0000000000000333,2.0997000000001544,2.7847587073905527e+35,6.278385854775198e+43,0.0,0.0,0.0
-27.22,4.395331097763861e+21,3.3937511347298145e-12,3.393753128241124e-12,1.000000000000034,2.099700000000158,2.6225869852103333e+35,5.795680611465544e+43,0.0,0.0,0.0
-27.200000000000003,4.222987700502353e+21,3.462309495829329e-12,3.4623114763363592e-12,1.0000000000000346,2.099700000000161,2.4698594089107598e+35,5.350087510880022e+43,0.0,0.0,0.0
-27.18,4.057401984501981e+21,3.5322528276584264e-12,3.5322547837153106e-12,1.0000000000000353,2.099700000000164,2.3260259942514715e+35,4.938753235892274e+43,0.0,0.0,0.0
-27.159999999999997,3.8983089772906037e+21,3.603609109116268e-12,3.603611260224404e-12,1.000000000000036,2.0997000000001673,2.1905687855810707e+35,4.559043842821994e+43,0.0,0.0,0.0
-27.14,3.7454540961153087e+21,3.676406887218467e-12,3.676409095696346e-12,1.0000000000000369,2.0997000000001713,2.0629999906369957e+35,4.2085278952023933e+43,-4.951760157141521e+27,4.951760157141521e+27,-1.17660147590161e-16
-27.119999999999997,3.5985927405555517e+21,3.7506752785939774e-12,3.750677508284531e-12,1.0000000000000375,2.0997000000001744,1.9428602239665275e+35,3.8849608942854237e+43,0.0,0.0,0.0
-27.1,3.457489901110664e+21,3.826443992050923e-12,3.8264463208118044e-12,1.0000000000000382,2.099700000000178,1.8297168526432736e+35,3.586270906587774e+43,4.951760157141521e+27,4.951760157141521e+27,1.3807546225193196e-16
-27.08,3.3219197831341036e+21,3.903743335304485e-12,3.90374566757479e-12,1.000000000000039,2.0997000000001815,1.7231624383208037e+35,3.310545296441953e+43,4.951760157141521e+27,4.951760157141521e+27,1.4957536260534533e-16
-27.060000000000002,3.1916654455142466e+21,3.982604226454296e-12,3.9826064714600605e-12,1.0000000000000397,2.099700000000185,1.622813270015108e+35,3.056018478599006e+43,4.951760157141521e+27,4.951760157141521e+27,1.6203305593612295e-16
-27.04,3.066518453521939e+21,4.06305821368816e-12,4.063060382735186e-12,1.0000000000000406,2.099700000000189,1.528307982330104e+35,2.821060612454324e+43,0.0,0.0,0.0
-27.019999999999996,2.9462785452707933e+21,4.14513747909628e-12,4.145139680607393e-12,1.0000000000000415,2.0997000000001926,1.4393062541521708e+35,2.6041671655040485e+43,-4.951760157141521e+27,4.951760157141521e+27,-1.9014755255986147e-16
-27.0,2.8307533112552975e+21,4.228874855845015e-12,4.228877044216801e-12,1.0000000000000422,2.0997000000001966,1.3554875831265276e+35,2.403949279200177e+43,-4.951760157141521e+27,4.951760157141521e+27,-2.0598438461514062e-16
-26.979999999999997,2.71975788645444e+21,4.314303837118262e-12,4.3143059663992936e-12,1.000000000000043,2.0997000000002006,1.2765501315023918e+35,2.2191248755140266e+43,2.4758800785707605e+27,2.4758800785707605e+27,1.1157010998557603e-16
-26.96,2.61311465450852e+21,4.4014586011190616e-12,4.401460863401246e-12,1.000000000000044,2.0997000000002046,1.2022096391912588e+35,2.0485104472602385e+43,-2.4758800785707605e+27,2.4758800785707605e+27,-1.2086245727240018e-16
-26.939999999999998,2.510652963494766e+21,4.490374005768539e-12,4.490376140347871e-12,1.0000000000000449,2.099700000000209,1.132198400123441e+35,1.8910134796097008e+43,-2.4758800785707605e+27,2.4758800785707605e+27,-1.3092873691508766e-16
-26.92,2.4122088528481506e+21,4.581085625451224e-12,4.581087855952733e-12,1.0000000000000457,2.099700000000213,1.0662642982170978e+35,1.745625454265214e+43,0.0,0.0,0.0
-26.9,2.3176247909892172e+21,4.673629738230852e-12,4.67363202513234e-12,1.0000000000000466,2.099700000000217,1.0041698994879448e+35,1.6114153915007955e+43,0.0,0.0,0.0
-26.880000000000003,2.226749423240225e+21,4.7680433698782906e-12,4.768045717821583e-12,1.0000000000000477,2.0997000000002215,9.45691597030631e+34,1.4875238887134283e+43,0.0,0.0,0.0
-26.86,2.1394373296251032e+21,4.86436428399315e-12,4.864366744479053e-12,1.0000000000000486,2.099700000000226,8.906188057920808e+34,1.3731576173119632e+43,0.0,0.0,0.0
-26.839999999999996,2.0555487921666958e+21,4.962631011324555e-12,4.9626335290363924e-12,1.0000000000000495,2.0997000000002304,8.387532042381258e+34,1.267584242705982e+43,2.4758800785707605e+27,2.4758800785707605e+27,1.9532272323791327e-16
-26.82,1.9749495713080853e+21,5.062882858790141e-12,5.062885263751723e-12,1.0000000000000506,2.0997000000002353,7.899080201816333e+34,1.1701277348640354e+43,-2.4758800785707605e+27,2.4758800785707605e+27,-2.1159058007839966e-16
-26.799999999999997,1.8975106911005856e+21,5.16515992418029e-12,5.1651623015867544e-12,1.0000000000000517,2.09970000000024,7.439073582008009e+34,1.0801640394133447e+43,1.2379400392853803e+27,1.2379400392853803e+27,1.146066695047589e-16
-26.78,1.8231082328149026e+21,5.2695031252225616e-12,5.269505542883471e-12,1.0000000000000526,2.099700000000245,7.005855662258762e+34,9.971170815614927e+42,-1.2379400392853803e+27,1.2379400392853803e+27,-1.241519229265286e-16
-26.759999999999998,1.7516231366445108e+21,5.375954196060525e-12,5.375956433045685e-12,1.0000000000000537,2.09970000000025,6.597866390125676e+34,9.204550772507388e+42,2.4758800785707605e+27,2.4758800785707605e+27,2.6898434502839775e-16
-26.740000000000002,1.6829410111847724e+21,5.484555713731885e-12,5.484557682769034e-12,1.0000000000000548,2.0997000000002553,6.213636563547884e+34,8.496871279247442e+42,-2.4758800785707605e+27,2.4758800785707605e+27,-2.9138726233408366e-16
-26.72,1.6169519503820852e+21,5.5953511287194235e-12,5.595353016196025e-12,1.000000000000056,2.09970000000026,5.851782540131694e+34,7.843600771016341e+42,0.0,0.0,0.0
-26.700000000000003,1.55355035766094e+21,5.708384756615952e-12,5.708386595485218e-12,1.000000000000057,2.0997000000002655,5.51100125454364e+34,7.24055608625612e+42,0.0,0.0,0.0
-26.68,1.4926347769466873e+21,5.8237018144867406e-12,5.823703578445793e-12,1.0000000000000582,2.099700000000271,5.190065526067415e+34,6.683875680152184e+42,1.2379400392853803e+27,1.2379400392853803e+27,1.8521290474459014e-16
-26.659999999999997,1.4341077303143304e+21,5.941348430047388e-12,5.941350089222271e-12,1.0000000000000595,2.0997000000002766,4.887819639428557e+34,6.169994897564497e+42,0.0,0.0,0.0
-26.64,1.377875562002979e+21,6.06137166204955e-12,6.061373275181322e-12,1.0000000000000606,2.099700000000282,4.60317518297042e+34,5.695623147064014e+42,1.2379400392853803e+27,1.2379400392853803e+27,2.1734935709686884e-16
-26.619999999999997,1.3238482885465942e+21,6.1838195223844496e-12,6.183820972348336e-12,1.0000000000000617,2.0997000000002872,4.335107129196655e+34,5.257722829912819e+42,-6.189700196426902e+26,6.189700196426902e+26,-1.177258738360331e-16
-26.6,1.2719394547813838e+21,6.308740993771625e-12,6.308742561975478e-12,1.000000000000063,2.0997000000002934,4.082650143565746e+34,4.853489889062802e+42,0.0,0.0,0.0
-26.58,1.2220659954989408e+21,6.436186050466864e-12,6.436187779513837e-12,1.0000000000000644,2.099700000000299,3.844895108242798e+34,4.480335853616076e+42,1.2379400392853803e+27,1.2379400392853803e+27,2.7630518539421433e-16
-26.560000000000002,1.1741481025243367e+21,6.566205668997114e-12,6.566207416224464e-12,1.0000000000000657,2.0997000000003054,3.620985848294681e+34,4.1358712637751864e+42,0.0,0.0,0.0
-26.54,1.1281090970058747e+21,6.698851858416363e-12,6.698853623927524e-12,1.000000000000067,2.0997000000003117,3.410116048534398e+34,3.8178903701415813e+42,0.0,0.0,0.0
-26.519999999999996,1.0838753067126855e+21,6.834177678754977e-12,6.8341794822093746e-12,1.0000000000000684,2.099700000000318,3.211526349916105e+34,3.5243570093897724e+42,0.0,0.0,0.0
-26.5,1.0413759481433897e+21,6.972237259636603e-12,6.97223896499546e-12,1.0000000000000697,2.099700000000324,3.024501615022302e+34,3.2533915658700694e+42,0.0,0.0,0.0
-26.479999999999997,1.00054301325735e+21,7.113085828937886e-12,7.113087446622965e-12,1.000000000000071,2.0997000000003307,2.848368352796278e+34,3.0032589356510364e+42,-6.189700196426902e+26,6.189700196426902e+26,-2.0609944964270632e-16
-26.46,9.613111606474021e+20,7.256779726295545e-12,7.256781261436116e-12,1.0000000000000726,2.099700000000337,2.682492293247316e+34,2.7723574159312456e+42,-3.094850098213451e+26,3.094850098213451e+26,-1.116324342050451e-16
-26.439999999999998,9.236176109795468e+20,7.403376429191996e-12,7.40337777719162e-12,1.000000000000074,2.099700000000344,2.5262761033933944e+34,2.5592084486723142e+42,-3.094850098213451e+26,3.094850098213451e+26,-1.2092997228376497e-16
-26.42,8.874020465327332e+20,7.552934581430343e-12,7.552935917337855e-12,1.0000000000000755,2.099700000000351,2.379157236217342e+34,2.3624471527802343e+42,0.0,0.0,0.0
-26.4,8.526065146775301e+20,7.705514007850969e-12,7.705515441260846e-12,1.000000000000077,2.0997000000003583,2.240605904889778e+34,2.180813584205973e+42,0.0,0.0,0.0
-26.380000000000003,8.191753351396571e+20,7.861175747435279e-12,7.861177264734793e-12,1.0000000000000786,2.0997000000003654,2.110123174964691e+34,2.0131446680025935e+42,0.0,0.0,0.0
-26.36,7.870550108995689e+20,8.019982061207352e-12,8.019983489415874e-12,1.0000000000000802,2.099700000000373,1.9872391676759033e+34,1.858366750674268e+42,0.0,0.0,0.0
-26.339999999999996,7.56194142585894e+20,8.181996473522525e-12,8.181997781925337e-12,1.0000000000000817,2.0997000000003805,1.8715113678666168e+34,1.7154887251288127e+42,0.0,0.0,0.0
-26.32,7.265433462254376e+20,8.34728378997943e-12,8.347284902022685e-12,1.0000000000000835,2.099700000000388,1.7625230304565697e+34,1.5835956842084026e+42,-3.094850098213451e+26,3.094850098213451e+26,-1.9543183241972356e-16
-26.299999999999997,6.980551742182598e+20,8.515910129418571e-12,8.515911230451126e-12,1.0000000000000853,2.099700000000396,1.6598816797094005e+34,1.461843062160087e+42,0.0,0.0,0.0
-26.28,6.706840394114643e+20,8.687942950525238e-12,8.687944214978018e-12,1.0000000000000868,2.099700000000404,1.5632176958965817e+34,1.3494512265318928e+42,3.094850098213451e+26,3.094850098213451e+26,2.2934137977822324e-16
-26.259999999999998,6.44386142149948e+20,8.863451065999614e-12,8.863452406423285e-12,1.0000000000000886,2.099700000000412,1.4721829842666847e+34,1.2457004858630696e+42,-1.5474250491067253e+26,1.5474250491067253e+26,-1.2422127536917225e-16
-26.240000000000002,6.191194001876863e+20,9.042504682316667e-12,9.042505928153204e-12,1.0000000000000904,2.0997000000004205,1.3864497215285785e+34,1.1499264812019921e+42,0.0,0.0,0.0
-26.22,5.948433813470865e+20,9.225175415303042e-12,9.225176405326086e-12,1.0000000000000921,2.0997000000004284,1.3057091753333705e+34,1.0615159319404102e+42,-3.094850098213451e+26,3.094850098213451e+26,-2.9155003396776423e-16
-26.200000000000003,5.715192388189492e+20,9.41153633792678e-12,9.4115372455519e-12,1.0000000000000941,2.0997000000004378,1.2296705925045202e+34,9.799027087240517e+41,0.0,0.0,0.0
-26.18,5.491096489992173e+20,9.60166200088226e-12,9.601662783097452e-12,1.000000000000096,2.099700000000446,1.158060152012267e+34,9.045642082917029e+41,1.5474250491067253e+26,1.5474250491067253e+26,1.7106856706372624e-16
-26.159999999999997,5.2757875176330546e+20,9.79562845386595e-12,9.795629135591845e-12,1.000000000000098,2.0997000000004555,1.0906199789223344e+34,8.350180070303463e+41,0.0,0.0,0.0
-26.14,5.0689209308222384e+20,9.993513287180532e-12,9.993513916293103e-12,1.0000000000001,2.0997000000004644,1.0271072157674678e+34,7.708187718169156e+41,-1.5474250491067253e+26,1.5474250491067253e+26,-2.0075082302938607e-16
-26.119999999999997,4.870165698887608e+20,1.0195395658017168e-11,1.0195396169655016e-11,1.000000000000102,2.0997000000004737,9.672931479982496e+33,7.115554083658561e+41,0.0,0.0,0.0
-26.1,4.6792037710556325e+20,1.0401356322229909e-11,1.0401356867713256e-11,1.000000000000104,2.0997000000004835,9.10962380363835e+33,6.568484288223503e+41,7.737125245533627e+25,7.737125245533627e+25,1.177916365287134e-16
-26.08,4.495729567501714e+20,1.0611477669856265e-11,1.061147825140069e-11,1.0000000000001061,2.0997000000004933,8.5791206125613e+33,6.063475217442826e+41,-7.737125245533627e+25,7.737125245533627e+25,-1.276021564960763e-16
-26.060000000000002,4.3194494903578185e+20,1.0825843745226322e-11,1.08258439804379e-11,1.0000000000001084,2.0997000000005035,8.079511522251902e+33,5.597293089131823e+41,0.0,0.0,0.0
-26.04,4.1500814538927237e+20,1.1044540300339456e-11,1.1044540470183463e-11,1.0000000000001104,2.0997000000005133,7.608997400342109e+33,5.16695274609447e+41,0.0,0.0,0.0
-26.019999999999996,3.987354433115114e+20,1.1267654820775958e-11,1.1267655167051044e-11,1.0000000000001126,2.0997000000005235,7.16588388777683e+33,4.769698540927062e+41,-7.737125245533627e+25,7.737125245533627e+25,-1.6221413288289366e-16
-26.0,3.831008030075577e+20,1.1495276554361526e-11,1.1495277034931089e-11,1.000000000000115,2.0997000000005346,6.748575297291108e+33,4.402986690466327e+41,0.0,0.0,0.0
-25.979999999999997,3.680792057174173e+20,1.1727496556503516e-11,1.1727497127589398e-11,1.0000000000001172,2.099700000000545,6.355568867211529e+33,4.0644689868922094e+41,0.0,0.0,0.0
-25.96,3.5364661368072805e+20,1.196440771772769e-11,1.1964408479917756e-11,1.0000000000001197,2.0997000000005563,5.985449349892024e+33,3.7519777611817874e+41,-7.737125245533627e+25,7.737125245533627e+25,-2.0621457840592095e-16
-25.939999999999998,3.397799316711721e+20,1.2206104800910827e-11,1.2206105592353772e-11,1.0000000000001221,2.0997000000005674,5.636883915293193e+33,3.4635120026259976e+41,3.8685626227668134e+25,3.8685626227668134e+25,1.1169479294059476e-16
-25.92,3.2645697003922784e+20,1.2452684491491905e-11,1.2452685378202349e-11,1.0000000000001246,2.0997000000005785,5.308617351354711e+33,3.197224545530422e+41,3.8685626227668134e+25,3.8685626227668134e+25,1.2099752467939531e-16
-25.9,3.1365640920395704e+20,1.2704245423333988e-11,1.2704246345875625e-11,1.000000000000127,2.0997000000005905,4.9994675438757377e+33,2.9514102410476783e+41,3.8685626227668134e+25,3.8685626227668134e+25,1.3107505366190707e-16
-25.880000000000003,3.013577655371647e+20,1.2960888219552025e-11,1.296088894819608e-11,1.0000000000001297,2.0997000000006025,4.708321219627846e+33,2.7244950384040765e+41,-7.737125245533627e+25,7.737125245533627e+25,-2.839838209563078e-16
-25.86,2.8954135858518793e+20,1.3222715545822737e-11,1.3222716326618233e-11,1.0000000000001321,2.0997000000006145,4.4341299373675666e+33,2.5150259056000564e+41,0.0,0.0,0.0
-25.839999999999996,2.7818827957600177e+20,1.348983213586869e-11,1.3489832962867147e-11,1.000000000000135,2.0997000000006274,4.1759063123168516e+33,2.321661525045235e+41,3.8685626227668134e+25,3.8685626227668134e+25,1.6662905042149534e-16
-25.82,2.6728036116113677e+20,1.3762344838241551e-11,1.3762345710930235e-11,1.0000000000001377,2.09970000000064,3.932720460510703e+33,2.1431637045462167e+41,0.0,0.0,0.0
-25.799999999999997,2.5680014834403407e+20,1.4040362663466668e-11,1.4040363484097524e-11,1.0000000000001403,2.0997000000006527,3.7036966502100324e+33,1.978389448649126e+41,0.0,0.0,0.0
-25.78,2.4673087054835404e+20,1.432399681855021e-11,1.432399756320838e-11,1.0000000000001432,2.099700000000666,3.4880101483226374e+33,1.826283639566881e+41,3.8685626227668134e+25,3.8685626227668134e+25,2.1182703853158266e-16
-25.759999999999998,2.3705641478144642e+20,1.461336076379919e-11,1.4613361487148812e-11,1.000000000000146,2.0997000000006794,3.284884250472187e+33,1.6858722808226457e+41,-3.8685626227668134e+25,3.8685626227668134e+25,-2.2946949133661663e-16
-25.740000000000002,2.2776129985015313e+20,1.4908570242819423e-11,1.4908570729164746e-11,1.000000000000149,2.099700000000693,3.0935874840241767e+33,1.5562562603475297e+41,1.9342813113834067e+25,1.9342813113834067e+25,1.2429066614652876e-16
-25.72,2.1883065158756863e+20,1.5209743346078344e-11,1.5209743582309853e-11,1.000000000000152,2.0997000000007073,2.913430973994092e+33,1.4366055930933227e+41,0.0,0.0,0.0
-25.699999999999996,2.1025017905122348e+20,1.5517000551713082e-11,1.551700097915348e-11,1.0000000000001552,2.0997000000007215,2.743765962353443e+33,1.3261541062948976e+41,1.9342813113834067e+25,1.9342813113834067e+25,1.4585644776744245e-16
-25.68,2.020061516545166e+20,1.5830464763776784e-11,1.583046516322815e-11,1.0000000000001583,2.099700000000736,2.5839814718001217e+33,1.2241945333485995e+41,0.0,0.0,0.0
-25.659999999999997,1.940853771948395e+20,1.615026137312924e-11,1.615026177859404e-11,1.0000000000001614,2.099700000000751,2.4335021055801763e+33,1.1300739848912376e+41,0.0,0.0,0.0
-25.64,1.8647518074325765e+20,1.6476518305750186e-11,1.647651891598989e-11,1.0000000000001648,2.099700000000766,2.2917859754380295e+33,1.0431897680794021e+41,1.9342813113834067e+25,1.9342813113834067e+25,1.854198850560342e-16
-25.619999999999997,1.7916338436189756e+20,1.6809366067012684e-11,1.6809366739258565e-11,1.000000000000168,2.0997000000007815,2.1583227502332826e+33,9.629855272973677e+40,-1.9342813113834067e+25,1.9342813113834067e+25,-2.0086296348183796e-16
-25.6,1.7213828761666994e+20,1.7148937800988876e-11,1.7148938491258605e-11,1.0000000000001714,2.0997000000007975,2.0326318181977735e+33,8.88947681581968e+40,1.9342813113834067e+25,1.9342813113834067e+25,2.1759225061622e-16
-25.58,1.6538864885405778e+20,1.7495369338890145e-11,1.7495370061580563e-11,1.000000000000175,2.0997000000008135,1.914260556213498e+33,8.206021359508065e+40,0.0,0.0,0.0
-25.560000000000002,1.5890366721209283e+20,1.784879925895566e-11,1.784880003273e-11,1.0000000000001785,2.09970000000083,1.8027826998811508e+33,7.5751124557599e+40,-9.671406556917033e+24,9.671406556917033e+24,-1.276734356517138e-16
-25.54,1.5267296533665264e+20,1.8209368939951194e-11,1.8209369875157106e-11,1.000000000000182,2.0997000000008468,1.697796808507321e+33,6.992710133628888e+40,-9.671406556917033e+24,9.671406556917033e+24,-1.3830698166064085e-16
-25.519999999999996,1.4668657277549643e+20,1.8577222614213113e-11,1.857722371920494e-11,1.0000000000001859,2.0997000000008637,1.5989248194846968e+33,6.455085029896222e+40,-9.671406556917033e+24,9.671406556917033e+24,-1.4982616452864522e-16
-25.5,1.4093491002340729e+20,1.8952507426649265e-11,1.8952508495596585e-11,1.0000000000001896,2.0997000000008814,1.5058106868583023e+33,5.958794508412963e+40,0.0,0.0,0.0
-25.479999999999997,1.3540877319293406e+20,1.933537349535068e-11,1.933537454016136e-11,1.0000000000001934,2.099700000000899,1.4181190991752834e+33,5.500660615474855e+40,-9.671406556917033e+24,9.671406556917033e+24,-1.7582263265563598e-16
-25.46,1.300993192862222e+20,1.9725973969251052e-11,1.972597492980873e-11,1.0000000000001972,2.099700000000917,1.3355342720017224e+33,5.077749730070092e+40,0.0,0.0,0.0
-25.439999999999998,1.2499805204431476e+20,2.0124465094181062e-11,2.0124465969676263e-11,1.0000000000002012,2.0997000000009356,1.2577588107574784e+33,4.68735377868797e+40,9.671406556917033e+24,9.671406556917033e+24,2.063297705707004e-16
-25.42,1.2009680835134056e+20,2.0531006272964618e-11,2.053100701400125e-11,1.0000000000002054,2.0997000000009547,1.1845126397745103e+33,4.3269728944041e+40,4.835703278458517e+24,4.835703278458517e+24,1.1175718600720928e-16
-25.4,1.1538774517177283e+20,2.0945760122978768e-11,2.0945760715063978e-11,1.0000000000002094,2.099700000000974,1.1155319937218704e+33,3.994299409196269e+40,0.0,0.0,0.0
-25.380000000000003,1.1086332699991294e+20,2.136889255631577e-11,2.136889302582722e-11,1.0000000000002136,2.0997000000009933,1.0505684677658118e+33,3.6872030769916163e+40,4.835703278458517e+24,4.835703278458517e+24,1.311482725443948e-16
-25.36,1.0651631380146029e+20,2.1800572830859646e-11,2.1800573280121913e-11,1.000000000000218,2.0997000000010133,9.893881230437722e+32,3.4037174328180198e+40,0.0,0.0,0.0
-25.339999999999996,1.0233974942792425e+20,2.2240973623522867e-11,2.2240974075049476e-11,1.0000000000002225,2.099700000001034,9.317706442320982e+32,3.1420272007154307e+40,-4.835703278458517e+24,4.835703278458517e+24,-1.5390392336368962e-16
-25.32,9.832695048529745e+19,2.269027110185052e-11,2.2690271451451946e-11,1.000000000000227,2.099700000001055,8.775085461727599e+32,2.900456669771903e+40,-4.835703278458517e+24,4.835703278458517e+24,-1.6672212974444162e-16
-25.299999999999997,9.447149563919545e+19,2.3148644991408426e-11,2.3148645365837495e-11,1.0000000000002316,2.099700000001077,8.264064267025677e+32,2.677458963852555e+40,-4.835703278458517e+24,4.835703278458517e+24,-1.8060792693699943e-16
-25.28,9.076721533936168e+19,2.3616278648363705e-11,2.3616279108455152e-11,1.0000000000002363,2.099700000001098,7.782802629945785e+32,2.471606136311757e+40,4.835703278458517e+24,4.835703278458517e+24,1.9565023144844017e-16
-25.259999999999998,8.720818194705978e+19,2.4093359132969068e-11,2.4093359630977205e-11,1.000000000000241,2.0997000000011203,7.32956748876914e+32,2.2815800262588697e+40,0.0,0.0,0.0
-25.240000000000002,8.378870024959766e+19,2.4580077284034564e-11,2.458007777680012e-11,1.0000000000002458,2.099700000001143,6.902726707434926e+32,2.1061638178288462e+40,0.0,0.0,0.0
-25.22,8.050329834676185e+19,2.507662779180217e-11,2.5076628166481644e-11,1.0000000000002507,2.0997000000011656,6.500743198086975e+32,1.944234248405868e+40,-2.4178516392292583e+24,2.4178516392292583e+24,-1.2436009500235985e-16
-25.199999999999996,7.73467188946186e+19,2.5583209283080607e-11,2.558320964578463e-11,1.0000000000002558,2.099700000001189,6.122169385897344e+32,1.7947544159081692e+40,4.835703278458517e+24,4.835703278458517e+24,2.6943536511978394e-16
-25.18,7.431391069263797e+19,2.6100024399153588e-11,2.6100024665897344e-11,1.000000000000261,2.099700000001213,5.765641996233365e+32,1.656767139074456e+40,0.0,0.0,0.0
-25.159999999999997,7.140002060069239e+19,2.6627279867133186e-11,2.662727990776935e-11,1.0000000000002662,2.099700000001238,5.429877145396459e+32,1.5293888282358323e+40,0.0,0.0,0.0
-25.14,6.860038577300452e+19,2.7165186599249836e-11,2.7165186474495558e-11,1.0000000000002716,2.099700000001263,5.11366571725413e+32,1.4118038273256219e+40,2.4178516392292583e+24,2.4178516392292583e+24,1.7125973912628396e-16
-25.119999999999997,6.59105261965909e+19,2.771395976703206e-11,2.7713959548013132e-11,1.0000000000002771,2.099700000001288,4.815869009115519e+32,1.3032591908954808e+40,0.0,0.0,0.0
-25.1,6.332613752229339e+19,2.8273818889344434e-11,2.8273818758732848e-11,1.0000000000002827,2.0997000000013144,4.535414631172633e+32,1.2030598626942584e+40,0.0,0.0,0.0
-25.08,6.084308417689456e+19,2.8844987914188708e-11,2.8844987802050966e-11,1.0000000000002884,2.099700000001341,4.271292644737402e+32,1.1105642249347175e+40,-2.4178516392292583e+24,2.4178516392292583e+24,-2.1771379736092737e-16
-25.060000000000002,5.8457392745325625e+19,2.9427695324315736e-11,2.942769533711231e-11,1.0000000000002942,2.099700000001368,4.0225519253729994e+32,1.0251799897494587e+40,1.2089258196146292e+24,1.2089258196146292e+24,1.179232704761266e-16
-25.04,5.6165245612347515e+19,3.00221742073155e-11,3.00221745021214e-11,1.0000000000003002,2.0997000000013957,3.788296737817316e+32,9.463604065261973e+39,0.0,0.0,0.0
-25.019999999999996,5.396297485355812e+19,3.06286623638331e-11,3.0628662705214264e-11,1.0000000000003062,2.099700000001424,3.567683510369197e+32,8.736007608374237e+39,-1.2089258196146292e+24,1.2089258196146292e+24,-1.3838423962504906e-16
-25.0,5.1847056365928006e+19,3.124740239075469e-11,3.124740257505538e-11,1.0000000000003124,2.0997000000014525,3.359917797119101e+32,8.064351425448406e+39,1.2089258196146292e+24,1.2089258196146292e+24,1.499098570321703e-16
-24.979999999999997,4.981410422848162e+19,3.187864179666508e-11,3.187864206427117e-11,1.0000000000003189,2.0997000000014823,3.1642514170852796e+32,7.444334623837697e+39,0.0,0.0,0.0
-24.96,4.78608652841066e+19,3.2522633084543373e-11,3.2522633395308e-11,1.0000000000003253,2.099700000001512,2.97997975995461e+32,6.871986979236695e+39,1.2089258196146292e+24,1.2089258196146292e+24,1.7592084659695528e-16
-24.939999999999998,4.5984213933802504e+19,3.317963386176986e-11,3.3179634220549613e-11,1.0000000000003317,2.0997000000015427,2.806439248724148e+32,6.343643512689433e+39,0.0,0.0,0.0
-24.92,4.418114713506119e+19,3.3849906933509926e-11,3.3849907282981986e-11,1.0000000000003384,2.0997000000015738,2.6430049501072586e+32,5.855921022213246e+39,0.0,0.0,0.0
-24.9,4.2448779596352815e+19,3.453372042241479e-11,3.453372076991106e-11,1.0000000000003453,2.0997000000016053,2.4890883240985816e+32,5.405696418754118e+39,0.0,0.0,0.0
-24.880000000000003,4.07843391600489e+19,3.5231347854062366e-11,3.523134812359869e-11,1.0000000000003524,2.099700000001638,2.3441351045947613e+32,4.990086727755702e+39,-1.2089258196146292e+24,1.2089258196146292e+24,-2.422654812991684e-16
-24.86,3.918516236637386e+19,3.5943068297214965e-11,3.5943068556635316e-11,1.0000000000003595,2.099700000001671,2.2076233034371132e+32,4.606430628278229e+39,0.0,0.0,0.0
-24.839999999999996,3.764869019130527e+19,3.6669166446801683e-11,3.6669166769593046e-11,1.0000000000003666,2.0997000000017048,2.079061330691137e+32,4.252271411459641e+39,0.0,0.0,0.0
-24.82,3.6172463951587607e+19,3.740993275252304e-11,3.7409933021688446e-11,1.0000000000003741,2.0997000000017394,1.9579862243914373e+32,3.9253412491910293e+39,0.0,0.0,0.0
-24.799999999999997,3.475412137031311e+19,3.816566353083104e-11,3.8165663801869454e-11,1.0000000000003817,2.0997000000017745,1.8439619833783558e+32,3.62354667227393e+39,0.0,0.0,0.0
-24.78,3.3391392796778287e+19,3.893666108136255e-11,3.893666136519777e-11,1.0000000000003895,2.0997000000018105,1.736577997223424e+32,3.344955165071016e+39,0.0,0.0,0.0
-24.759999999999998,3.2082097574554604e+19,3.972323381907613e-11,3.972323413525281e-11,1.0000000000003972,2.099700000001847,1.635447567587783e+32,3.0877827908074236e+39,0.0,0.0,0.0
-24.740000000000002,3.0824140551976817e+19,4.052569637817533e-11,4.052569667891729e-11,1.0000000000004052,2.099700000001884,1.5402065156907987e+32,2.850382768285724e+39,-6.044629098073146e+23,6.044629098073146e+23,-2.1206375644371875e-16
-24.72,2.9615508729449628e+19,4.134436975909091e-11,4.1344370219040494e-11,1.0000000000004134,2.0997000000019224,1.4505118708729627e+32,2.6312349268633097e+39,3.022314549036573e+23,3.022314549036573e+23,1.1486296231364553e-16
-24.699999999999996,2.8454268038222017e+19,4.217958144139243e-11,4.217958202662191e-11,1.0000000000004219,2.099700000001961,1.3660406355310887e+32,2.4289359721709346e+39,-3.022314549036573e+23,3.022314549036573e+23,-1.2442956149064114e-16
-24.68,2.733856024546326e+19,4.303166551648876e-11,4.3031665887791184e-11,1.0000000000004303,2.0997000000020005,1.2864886219780634e+32,2.24219050023754e+39,-3.022314549036573e+23,3.022314549036573e+23,-1.3479293464613327e-16
-24.659999999999997,2.6266599980692804e+19,4.3900962828024244e-11,4.390096299283569e-11,1.000000000000439,2.099700000002041,1.2115693570386111e+32,2.0698027024820754e+39,3.022314549036573e+23,3.022314549036573e+23,1.4601944274686555e-16
-24.64,2.5236671878809362e+19,4.4787821106030664e-11,4.4787821054612077e-11,1.0000000000004479,2.0997000000020822,1.1410130504364493e+32,1.9106687084564687e+39,-3.022314549036573e+23,3.022314549036573e+23,-1.581809737697327e-16
-24.619999999999997,2.4247127835137753e+19,4.5692595103838275e-11,4.569259486802703e-11,1.000000000000457,2.0997000000021244,1.0745656232578058e+32,1.7637695173055856e+39,0.0,0.0,0.0
-24.6,2.3296384368112718e+19,4.661564675102693e-11,4.661564652986781e-11,1.000000000000466,2.0997000000021675,1.0119877929930816e+32,1.6281644726832784e+39,-3.022314549036573e+23,3.022314549036573e+23,-1.8562709185045233e-16
-24.58,2.2382920085367804e+19,4.75573452778285e-11,4.7557345102639066e-11,1.0000000000004756,2.099700000002211,9.530542118610669e+31,1.5029852393398926e+39,3.022314549036573e+23,3.022314549036573e+23,2.0108742775922038e-16
-24.560000000000002,2.1505273249185698e+19,4.85180673755204e-11,4.851806709039413e-11,1.0000000000004852,2.099700000002256,8.97552655313852e+31,1.387430242812507e+39,-3.022314549036573e+23,3.022314549036573e+23,-2.1783540968453928e-16
-24.54,2.0662039437403447e+19,4.94981973427413e-11,4.949819689980601e-11,1.000000000000495,2.0997000000023016,8.45283257798952e+31,1.2807595366113884e+39,-1.5111572745182865e+23,1.5111572745182865e+23,-1.1798914094227515e-16
-24.519999999999996,1.985186929603957e+19,5.049812724822198e-11,5.049812664751783e-11,1.000000000000505,2.099700000002348,7.9605779302759115e+31,1.1822900640365307e+39,0.0,0.0,0.0
-24.5,1.907346638003885e+19,5.1518257075341454e-11,5.151825644836928e-11,1.0000000000005151,2.0997000000023953,7.496989961567447e+31,1.0913912842826414e+39,1.5111572745182865e+23,1.5111572745182865e+23,1.3846153918180454e-16
-24.479999999999997,1.8325585078682853e+19,5.255899489345245e-11,5.2558994544253085e-11,1.0000000000005256,2.0997000000024437,7.060399254441346e+31,1.0074811348251974e+39,0.0,0.0,0.0
-24.46,1.7607028622349007e+19,5.36207570153117e-11,5.36207566830365e-11,1.0000000000005362,2.099700000002493,6.649233610777515e+31,9.300223042333127e+38,0.0,0.0,0.0
-24.439999999999998,1.6916647167421698e+19,5.4703968152813765e-11,5.4703967822188356e-11,1.0000000000005471,2.099700000002543,6.262012390146583e+31,8.58518791541925e+38,0.0,0.0,0.0
-24.42,1.6253335956299264e+19,5.580906160682598e-11,5.580906122767477e-11,1.000000000000558,2.0997000000025947,5.897341177905254e+31,7.925127301524643e+38,0.0,0.0,0.0
-24.4,1.5616033549544157e+19,5.693647942864028e-11,5.693647898174867e-11,1.0000000000005693,2.099700000002647,5.553906763797034e+31,7.315814559232314e+38,0.0,0.0,0.0
-24.380000000000003,1.5003720127355298e+19,5.8086672599582224e-11,5.808667207471377e-11,1.0000000000005809,2.099700000002701,5.230472412977854e+31,6.753348006760798e+38,7.555786372591432e+22,7.555786372591432e+22,1.1188207360010487e-16
-24.36,1.4415415857637005e+19,5.926010121394773e-11,5.9260100695055e-11,1.0000000000005926,2.0997000000027555,4.925873412433288e+31,6.23412593787842e+38,1.5111572745182865e+23,1.5111572745182865e+23,2.424008064920469e-16
-24.339999999999996,1.3850179328060152e+19,6.045723465975379e-11,6.045723423256992e-11,1.0000000000006046,2.099700000002811,4.639012876755209e+31,5.754823558688413e+38,0.0,0.0,0.0
-24.32,1.3307106039600916e+19,6.167855180464906e-11,6.167855137478371e-11,1.0000000000006168,2.0997000000028674,4.368857798168808e+31,5.3123716975962706e+38,-7.555786372591432e+22,7.555786372591432e+22,-1.4222999031915734e-16
-24.299999999999997,1.2785326959148833e+19,6.292454119256474e-11,6.292454073562135e-11,1.0000000000006293,2.099700000002926,4.114435326588288e+31,4.903937152132777e+38,0.0,0.0,0.0
-24.28,1.2284007128869743e+19,6.419570123443616e-11,6.419570075485373e-11,1.000000000000642,2.0997000000029846,3.8748292663070214e+31,4.526904546786565e+38,0.0,0.0,0.0
-24.259999999999998,1.1802344330093654e+19,6.549254041450858e-11,6.549253980391861e-11,1.000000000000655,2.099700000003045,3.64917677670222e+31,4.178859585670611e+38,0.0,0.0,0.0
-24.240000000000002,1.1339567799595153e+19,6.681557747753223e-11,6.681557672932905e-11,1.0000000000006681,2.0997000000031063,3.4366652650774307e+31,3.857573592787087e+38,0.0,0.0,0.0
-24.22,1.0894936996206432e+19,6.816534166133683e-11,6.816534081804361e-11,1.0000000000006817,2.0997000000031694,3.236529460450828e+31,3.560989240891139e+38,-7.555786372591432e+22,7.555786372591432e+22,-2.121822104681962e-16
-24.199999999999996,1.0467740415794614e+19,6.954237288891145e-11,6.954237202101809e-11,1.0000000000006954,2.0997000000032333,3.0480486577531466e+31,3.2872073775735067e+38,-3.777893186295716e+22,3.777893186295716e+22,-1.1492712208442884e-16
-24.18,1.0057294452702816e+19,7.094722199389552e-11,7.094722107332386e-11,1.0000000000007094,2.099700000003299,2.8705441225109812e+31,3.034474864200898e+38,3.777893186295716e+22,3.777893186295716e+22,1.244990648459542e-16
-24.159999999999997,9.662942305834854e+18,7.238045092739057e-11,7.238044982913751e-11,1.0000000000007239,2.099700000003365,2.7033766466695546e+31,2.8011733498431808e+38,3.777893186295716e+22,3.777893186295716e+22,1.3486822662751667e-16
-24.14,9.284052927634385e+18,7.384263300350674e-11,7.384263182585712e-11,1.0000000000007385,2.099700000003433,2.5459442467533337e+31,2.585808908302892e+38,0.0,0.0,0.0
-24.119999999999997,8.920020014273051e+18,7.533435311623287e-11,7.533435180587139e-11,1.0000000000007534,2.0997000000035024,2.3976799960751153e+31,2.3870024718865506e+38,0.0,0.0,0.0
-24.1,8.5702610354361e+18,7.685620797129537e-11,7.685620663507963e-11,1.0000000000007685,2.0997000000035735,2.258049983188023e+31,2.203481000663816e+38,0.0,0.0,0.0
-24.08,8.234216302148563e+18,7.840880633796396e-11,7.84088050202635e-11,1.000000000000784,2.0997000000036454,2.126551389226954e+31,2.034069330665125e+38,3.777893186295716e+22,3.777893186295716e+22,1.8573077792261534e-16
-24.060000000000002,7.911348071154484e+18,7.999276927024941e-11,7.999276806244055e-11,1.0000000000008,2.0997000000037196,2.0027106772182826e+31,1.8776826488207298e+38,0.0,0.0,0.0
-24.04,7.601139684412048e+18,8.16087303771308e-11,8.160872910657336e-11,1.000000000000816,2.099700000003794,1.8860818868346666e+31,1.7333195464529506e+38,3.777893186295716e+22,3.777893186295716e+22,2.1795708604001196e-16
-24.019999999999996,7.303094742331288e+18,8.325733606199294e-11,8.325733460776521e-11,1.0000000000008327,2.099700000003871,1.77624502845652e+31,1.6000556068421686e+38,0.0,0.0,0.0
-24.0,7.016736309428492e+18,8.493924578451816e-11,8.493924415063182e-11,1.0000000000008493,2.099700000003949,1.6728045707557151e+31,1.4770374858036174e+38,0.0,0.0,0.0
-23.979999999999997,6.741606151127389e+18,8.665513233620295e-11,8.665513060237984e-11,1.0000000000008666,2.099700000004029,1.5753880163553518e+31,1.3634774473711207e+38,3.777893186295716e+22,3.777893186295716e+22,2.770777585705414e-16
-23.96,6.47726400048677e+18,8.840568209453569e-11,8.84056802775145e-11,1.000000000000884,2.09970000000411,1.4836445604371094e+31,1.2586483195978255e+38,0.0,0.0,0.0
-23.939999999999998,6.223286853678677e+18,9.019159530215505e-11,9.019159341903289e-11,1.000000000000902,2.0997000000041934,1.3972438274648589e+31,1.1618788381728086e+38,0.0,0.0,0.0
-23.92,5.979268293092792e+18,9.201358634822274e-11,9.201358442402524e-11,1.0000000000009202,2.0997000000042783,1.315874681475929e+31,1.0725493480380495e+38,0.0,0.0,0.0
-23.9,5.744817836980826e+18,9.387238405443673e-11,9.387238205670753e-11,1.0000000000009388,2.099700000004365,1.2392441056554797e+31,9.9008783548024e+37,0.0,0.0,0.0
-23.880000000000003,5.519560314603119e+18,9.576873196210385e-11,9.576872982213598e-11,1.0000000000009577,2.099700000004453,1.1670761471596929e+31,9.139662652903862e+37,0.0,0.0,0.0
-23.86,5.303135265874749e+18,9.77033886360688e-11,9.770338633142856e-11,1.000000000000977,2.0997000000045425,1.0991109233871319e+31,8.436971995354896e+37,1.888946593147858e+22,1.888946593147858e+22,2.2388913322325286e-16
-23.839999999999996,5.095196364553066e+18,9.967712796467275e-11,9.967712553637976e-11,1.0000000000009968,2.0997000000046344,1.0351036861210182e+31,7.788306762918278e+37,0.0,0.0,0.0
-23.82,4.895410864041573e+18,1.0169073946383245e-10,1.0169073661439533e-10,1.000000000001017,2.099700000004728,9.748239401711227e+30,7.189513283523562e+37,0.0,0.0,0.0
-23.799999999999997,4.703459064924174e+18,1.0374502860437471e-10,1.0374502529833658e-10,1.0000000000010374,2.0997000000048236,9.180546133420018e+30,6.636757234584372e+37,9.44473296573929e+21,9.44473296573929e+21,1.4230943404173562e-16
-23.78,4.5190338033784033e+18,1.0584081714061951e-10,1.0584081382060553e-10,1.0000000000010585,2.099700000004921,8.645912747389085e+30,6.126499090244697e+37,0.0,0.0,0.0
-23.759999999999998,4.3418399596472335e+18,1.0797894340834915e-10,1.0797893996480993e-10,1.0000000000010798,2.0997000000050203,8.142413985954972e+30,5.655471456327661e+37,0.0,0.0,0.0
-23.740000000000002,4.1715939857850296e+18,1.1016026268741218e-10,1.1016025902500346e-10,1.0000000000011016,2.099700000005122,7.668236709732731e+30,5.22065814785918e+37,0.0,0.0,0.0
-23.72,4.0080234519198413e+18,1.1238564753467253e-10,1.1238564358177725e-10,1.0000000000011238,2.099700000005225,7.221673368355042e+30,4.819274875185327e+37,0.0,0.0,0.0
-23.699999999999996,3.850866610307918e+18,1.1465598812978967e-10,1.1465598384406909e-10,1.0000000000011466,2.099700000005331,6.801115851446662e+30,4.448751415013934e+37,0.0,0.0,0.0
-23.68,3.699871976481288e+18,1.1697219264367769e-10,1.1697218810617474e-10,1.0000000000011697,2.0997000000054387,6.405049697690092e+30,4.1067151522101038e+37,0.0,0.0,0.0
-23.659999999999997,3.554797926818812e+18,1.1933518758879e-10,1.193351828427197e-10,1.0000000000011933,2.099700000005548,6.032048641129029e+30,3.7909758869587805e+37,0.0,0.0,0.0
-23.64,3.4154123118972073e+18,1.2174591818981153e-10,1.2174591303801725e-10,1.0000000000012175,2.0997000000056607,5.680769475070449e+30,3.4995118100092805e+37,9.44473296573929e+21,9.44473296573929e+21,2.698871141271491e-16
-23.619999999999997,3.281492085002038e+18,1.242053487709195e-10,1.2420534321407073e-10,1.0000000000012421,2.099700000005775,5.34994721508927e+30,3.23045655619261e+37,0.0,0.0,0.0
-23.6,3.1528229452057825e+18,1.2671446314037696e-10,1.2671445730062597e-10,1.0000000000012672,2.0997000000058916,5.038390543719029e+30,2.982087253313323e+37,-4.722366482869645e+21,4.722366482869645e+21,-1.5835773013531554e-16
-23.58,3.0291989944402534e+18,1.2927426497464005e-10,1.292742587868705e-10,1.0000000000012927,2.0997000000060106,4.7449775204207625e+30,2.7528134898847185e+37,0.0,0.0,0.0
-23.560000000000002,2.9104224080161265e+18,1.3188577822906092e-10,1.318857716942551e-10,1.000000000001319,2.0997000000061323,4.4686515413868577e+30,2.5411671310662658e+37,-4.722366482869645e+21,4.722366482869645e+21,-1.8583451653801522e-16
-23.54,2.796303118060887e+18,1.345500475436908e-10,1.3455004061757453e-10,1.0000000000013456,2.099700000006256,4.208417534624718e+30,2.345792917587671e+37,-4.722366482869645e+21,4.722366482869645e+21,-2.0131212777811893e-16
-23.519999999999996,2.686658509369984e+18,1.3726813866357763e-10,1.3726813149387467e-10,1.0000000000013727,2.099700000006382,3.9633383766235563e+30,2.1654397874631504e+37,0.0,0.0,0.0
-23.5,2.581313127183412e+18,1.4004113886447096e-10,1.4004113156033605e-10,1.0000000000014004,2.099700000006511,3.732531517697482e+30,1.9989528649232687e+37,0.0,0.0,0.0
-23.479999999999997,2.4800983964205604e+18,1.428701573766118e-10,1.4287014973719783e-10,1.0000000000014286,2.0997000000066426,3.515165803852869e+30,1.8452660652670428e+37,0.0,0.0,0.0
-23.46,2.3828523519243807e+18,1.457563258457922e-10,1.457563177888345e-10,1.0000000000014575,2.099700000006777,3.31045848373679e+30,1.7033952682805832e+37,-4.722366482869645e+21,4.722366482869645e+21,-2.772325163184052e-16
-23.439999999999998,2.2894193792822943e+18,1.4870079877888047e-10,1.4870079019933894e-10,1.000000000001487,2.099700000006914,3.1176723898863905e+30,1.5724320165074353e+37,0.0,0.0,0.0
-23.42,2.199649965810213e+18,1.5170475400257408e-10,1.517047450957292e-10,1.000000000001517,2.0997000000070534,2.9361132841298816e+30,1.4515376980197372e+37,0.0,0.0,0.0
-23.4,2.1134004613000817e+18,1.5476939313737185e-10,1.5476938385209892e-10,1.0000000000015477,2.099700000007196,2.7651273575790486e+30,1.3399381764384309e+37,2.3611832414348226e+21,2.3611832414348226e+21,1.7621579828792884e-16
-23.380000000000003,2.0305328481491558e+18,1.5789594208056014e-10,1.5789593217232785e-10,1.000000000001579,2.099700000007341,2.604098876211547e+30,1.2369188338178353e+37,0.0,0.0,0.0
-23.36,1.9509145205021514e+18,1.6108565148891318e-10,1.6108564102076688e-10,1.000000000001611,2.0997000000074895,2.452447963562593e+30,1.141819994650724e+37,0.0,0.0,0.0
-23.339999999999996,1.8744180720537935e+18,1.6433979729246132e-10,1.6433978632031565e-10,1.0000000000016434,2.099700000007641,2.3096285125441283e+30,1.0540327016931712e+37,1.1805916207174113e+21,1.1805916207174113e+21,1.1200709049407761e-16
-23.32,1.8009210921714568e+18,1.6765968119222792e-10,1.6765966972075574e-10,1.0000000000016767,2.099700000007795,2.1751262188690598e+30,9.729948165590506e+36,0.0,0.0,0.0
-23.299999999999997,1.7303059700119657e+18,1.7104663118353762e-10,1.7104661914619672e-10,1.0000000000017104,2.0997000000079526,2.048456729000057e+30,8.981874201151145e+36,1.1805916207174113e+21,1.1805916207174113e+21,1.3144153714753672e-16
-23.28,1.6624597063193362e+18,1.7450200209101595e-10,1.7450198940291985e-10,1.000000000001745,2.0997000000081134,1.9291638959542775e+30,8.29131489627116e+36,0.0,0.0,0.0
-23.259999999999998,1.5972737326016591e+18,1.7802717610730593e-10,1.7802716269205056e-10,1.0000000000017804,2.0997000000082773,1.816818136680948e+30,7.653848313786825e+36,0.0,0.0,0.0
-23.240000000000002,1.534643737398547e+18,1.8162356334821865e-10,1.81623549234795e-10,1.0000000000018163,2.0997000000084447,1.711014885098733e+30,7.06539249122052e+36,1.1805916207174113e+21,1.1805916207174113e+21,1.6709494005923778e-16
-23.22,1.4744694993603564e+18,1.8529260241417296e-10,1.8529258749333312e-10,1.000000000001853,2.0997000000086152,1.6113731352207115e+30,6.522179302282974e+36,0.0,0.0,0.0
-23.199999999999996,1.41665472687281e+18,1.890357609732019e-10,1.8903574544481583e-10,1.0000000000018903,2.099700000008789,1.5175340691213185e+30,6.020730328001922e+36,-1.1805916207174113e+21,1.1805916207174113e+21,-1.9608772670929512e-16
-23.18,1.3611069039697997e+18,1.9285453633904163e-10,1.928545201531894e-10,1.0000000000019285,2.0997000000089665,1.4291597648042422e+30,5.557834582964433e+36,-1.1805916207174113e+21,1.1805916207174113e+21,-2.1241929739236596e-16
-23.159999999999997,1.30773714228805e+18,1.967504560677762e-10,1.9675043909278203e-10,1.0000000000019675,2.0997000000091477,1.3459319793182388e+30,5.130527954047356e+36,5.902958103587057e+20,5.902958103587057e+20,1.1505553829720516e-16
-23.14,1.25646003882691e+18,2.0072507858074188e-10,2.0072506064421514e-10,1.0000000000020073,2.0997000000093324,1.2675510027387807e+30,4.736074219974772e+36,-1.1805916207174113e+21,1.1805916207174113e+21,-2.4927635208242367e-16
-23.119999999999997,1.2071935392851837e+18,2.0477999377191596e-10,2.0477997483965872e-10,1.0000000000020477,2.0997000000095207,1.1937345788885152e+30,4.3719475301589925e+36,0.0,0.0,0.0
-23.1,1.1598588067568878e+18,2.0891682366700853e-10,2.0891680386321636e-10,1.0000000000020892,2.0997000000097135,1.1242168889103614e+30,4.03581623063451e+36,-1.1805916207174113e+21,1.1805916207174113e+21,-2.925285058547654e-16
-23.08,1.1143800955752456e+18,2.1313722305249922e-10,2.131372024286209e-10,1.0000000000021314,2.0997000000099098,1.0587475940321842e+30,3.7255279335111666e+36,5.902958103587057e+20,5.902958103587057e+20,1.5844617276775333e-16
-23.060000000000002,1.0706846301035946e+18,2.1744288013936133e-10,2.174428584269668e-10,1.0000000000021745,2.09970000001011,9.970909340771772e+29,3.439095734344236e+36,0.0,0.0,0.0
-23.04,1.0287024882787165e+18,2.2183551725002596e-10,2.2183549456397867e-10,1.0000000000022184,2.0997000000103143,9.390248784722736e+29,3.1746854891616753e+36,0.0,0.0,0.0
-23.019999999999996,9.883664897207279e+17,2.2631689149533438e-10,2.2631686771552385e-10,1.000000000002263,2.099700000010522,8.843403266984321e+29,2.930604069681559e+36,0.0,0.0,0.0
-23.0,9.496120882300927e+17,2.3088879548128946e-10,2.3088877042802915e-10,1.0000000000023088,2.099700000010735,8.328403553029008e+29,2.705288521510289e+36,0.0,0.0,0.0
-22.979999999999997,9.123772684998962e+17,2.35553058030479e-10,2.355530318366377e-10,1.0000000000023554,2.0997000000109516,7.843395087619746e+29,2.497296055898251e+36,0.0,0.0,0.0
-22.96,8.766024468782181e+17,2.403115449092074e-10,2.4031151753220153e-10,1.0000000000024032,2.099700000011173,7.386631316409181e+29,2.305294810966586e+36,-5.902958103587057e+20,5.902958103587057e+20,-2.560607946575529e-16
-22.939999999999998,8.422303760214746e+17,2.4516615957651734e-10,2.451661309741338e-10,1.0000000000024516,2.099700000011399,6.956467396456881e+29,2.1280553232435182e+36,0.0,0.0,0.0
-22.92,8.092060532865573e+17,2.501188439386462e-10,2.5011881398460995e-10,1.000000000002501,2.099700000011629,6.551354273018326e+29,1.9644426549012193e+36,2.9514790517935283e+20,2.9514790517935283e+20,1.5024506111802577e-16
-22.9,7.774766327147736e+17,2.551715791307258e-10,2.5517154766088567e-10,1.0000000000025517,2.099700000011864,6.169833101274178e+29,1.8134091262784536e+36,0.0,0.0,0.0
-22.880000000000003,7.469913404671341e+17,2.6032638631498514e-10,2.6032635329104373e-10,1.0000000000026033,2.0997000000121036,5.810529992914286e+29,1.673987607154374e+36,0.0,0.0,0.0
-22.86,7.177013935752882e+17,2.6558532747734976e-10,2.655852927513609e-10,1.0000000000026559,2.0997000000123482,5.4721510686541204e+29,1.5452853238128335e+36,0.0,0.0,0.0
-22.839999999999996,6.895599218784456e+17,2.709505062680317e-10,2.7095046991030307e-10,1.0000000000027096,2.099700000012598,5.153477798873511e+29,1.4264781422429745e+36,-2.9514790517935283e+20,2.9514790517935283e+20,-2.0690663937295898e-16
-22.82,6.625218930210867e+17,2.764240688257435e-10,2.764240309234147e-10,1.0000000000027642,2.0997000000128523,4.85336261559302e+29,1.3168052908677512e+36,2.9514790517935283e+20,2.9514790517935283e+20,2.2413928501299763e-16
-22.799999999999997,6.365440403915601e+17,2.8200820464847596e-10,2.820081650005564e-10,1.0000000000028202,2.0997000000131116,4.5707247799891146e+29,1.2155644890084145e+36,-1.4757395258967641e+20,1.4757395258967641e+20,-1.2140359350232181e-16
-22.78,6.115847938863412e+17,2.877051474609403e-10,2.8770510600072853e-10,1.000000000002877,2.0997000000133763,4.304546490568467e+29,1.1221074498908033e+36,1.4757395258967641e+20,1.4757395258967641e+20,1.3151494181133837e-16
-22.759999999999998,5.876042133889249e+17,2.9351717611625885e-10,2.9351713262417354e-10,1.0000000000029352,2.099700000013647,4.053869217981918e+29,1.0358357293964104e+36,0.0,0.0,0.0
-22.740000000000002,5.645639248571899e+17,2.9944661549451297e-10,2.994465699423113e-10,1.0000000000029945,2.0997000000139225,3.8177902532842756e+29,9.561968939771655e+35,1.4757395258967641e+20,1.4757395258967641e+20,1.5433421149727737e-16
-22.72,5.4242705891667814e+17,3.054958374534572e-10,3.0549578986479013e-10,1.000000000003055,2.0997000000142036,3.595459457206748e+29,8.826809831944393e+35,1.4757395258967641e+20,1.4757395258967641e+20,1.6718825406631592e-16
-22.699999999999996,5.211581918617881e+17,3.116672617631379e-10,3.116672121640344e-10,1.0000000000031166,2.099700000014491,3.386076198737382e+29,8.148172442314041e+35,0.0,0.0,0.0
-22.68,5.007232889702643e+17,3.179633570689724e-10,3.179633052538297e-10,1.0000000000031797,2.099700000014783,3.1888864719846285e+29,7.521711174677328e+35,-1.4757395258967641e+20,1.4757395258967641e+20,-1.9619723038745605e-16
-22.659999999999997,4.81089650040361e+17,3.2438664189049997e-10,3.243865877249022e-10,1.0000000000032438,2.099700000015082,3.0031801809417173e+29,6.943414538143578e+35,0.0,0.0,0.0
-22.64,4.622258570635937e+17,3.3093968562718503e-10,3.309396291890558e-10,1.0000000000033094,2.0997000000153867,2.82828858237407e+29,6.409579459899053e+35,1.4757395258967641e+20,1.4757395258967641e+20,2.302395787345515e-16
-22.619999999999997,4.44101723949168e+17,3.376251095800441e-10,3.3762505060059607e-10,1.0000000000033762,2.0997000000156976,2.663581877621128e+29,5.9167875728967654e+35,0.0,0.0,0.0
-22.6,4.2668824821984954e+17,3.4444558799999643e-10,3.4444552622903845e-10,1.0000000000034444,2.0997000000160146,2.5084669446413847e+29,5.461883326638399e+35,0.0,0.0,0.0
-22.58,4.099575646017616e+17,3.5140384916530407e-10,3.514037845014121e-10,1.000000000003514,2.099700000016338,2.36238520213166e+29,5.041953780876461e+35,0.0,0.0,0.0
-22.560000000000002,3.93882900434053e+17,3.5850267647225424e-10,3.5850260886060254e-10,1.0000000000035851,2.0997000000166683,2.2248105980318806e+29,4.6543099528530366e+35,0.0,0.0,0.0
-22.54,3.784385328268816e+17,3.6574490954394537e-10,3.657448389091262e-10,1.0000000000036575,2.099700000017005,2.0952477151687827e+29,4.296469598628596e+35,-7.378697629483821e+19,7.378697629483821e+19,-1.7173853699538052e-16
-22.519999999999996,3.635997474993451e+17,3.731334453690953e-10,3.731333717321053e-10,1.0000000000037312,2.0997000000173482,1.973229987219359e+29,3.966141318247236e+35,-7.378697629483821e+19,7.378697629483821e+19,-1.8604213431571611e-16
-22.5,3.4934279923134074e+17,3.8067123945408787e-10,3.80671162674178e-10,1.0000000000038067,2.099700000017699,1.8583180185681145e+29,3.661209882953522e+35,-7.378697629483821e+19,7.378697629483821e+19,-2.0153703612130327e-16
-22.479999999999997,3.3564487386613485e+17,3.883613070172169e-10,3.8836122692187295e-10,1.0000000000038836,2.0997000000180566,1.750098002008002e+29,3.379722690506656e+35,0.0,0.0,0.0
-22.46,3.224840518028796e+17,3.9620672418035553e-10,3.9620664050665086e-10,1.0000000000039622,2.099700000018421,1.6481802285877878e+29,3.1198772618605643e+35,-3.6893488147419103e+19,3.6893488147419103e+19,-1.1825294894838312e-16
-22.439999999999998,3.098392729205381e+17,4.0421062921057967e-10,4.0421054199406183e-10,1.000000000004042,2.0997000000187933,1.5521976842387547e+29,2.8800096991434296e+35,0.0,0.0,0.0
-22.42,2.9769030287723514e+17,4.1237622377489796e-10,4.123761328116261e-10,1.0000000000041238,2.099700000019173,1.4618047281276793e+29,2.658584031031399e+35,-3.6893488147419103e+19,3.6893488147419103e+19,-1.3877111812590932e-16
-22.4,2.860177007309587e+17,4.2070677421461113e-10,4.2070667944554154e-10,1.000000000004207,2.0997000000195607,1.3766758479763906e+29,2.4541823772875286e+35,3.6893488147419103e+19,3.6893488147419103e+19,1.5032895596280462e-16
-22.380000000000003,2.7480278782993984e+17,4.2920561285686997e-10,4.2920551407868896e-10,1.0000000000042921,2.0997000000199555,1.2965044878662195e+29,2.2654958694881675e+35,0.0,0.0,0.0
-22.36,2.640276179227933e+17,4.3787613934795106e-10,4.378760364159312e-10,1.0000000000043787,2.0997000000203587,1.2210019443051954e+29,2.0913162697959058e+35,3.6893488147419103e+19,3.6893488147419103e+19,1.7641266000861498e-16
-22.339999999999996,2.5367494844071475e+17,4.4672182200587155e-10,4.467217147771369e-10,1.0000000000044673,2.09970000002077,1.1498963265840243e+29,1.9305282341129e+35,0.0,0.0,0.0
-22.32,2.4372821290568083e+17,4.557461992171759e-10,4.557460873384915e-10,1.0000000000045575,2.0997000000211896,1.0829315776756728e+29,1.7821021700705727e+35,0.0,0.0,0.0
-22.299999999999997,2.341714944205404e+17,4.6495288084528924e-10,4.6495276419827344e-10,1.0000000000046496,2.0997000000216177,1.0198665521533678e+29,1.6450876441232216e+35,0.0,0.0,0.0
-22.28,2.249895001986086e+17,4.743455496840947e-10,4.743454281896136e-10,1.0000000000047435,2.0997000000220547,9.604741478069036e+28,1.5186072955288505e+35,-3.6893488147419103e+19,3.6893488147419103e+19,-2.429427602647398e-16
-22.259999999999998,2.1616753709191898e+17,4.839279629197138e-10,4.839278364097807e-10,1.0000000000048392,2.0997000000225,9.045404878290953e+28,1.401851218244665e+35,0.0,0.0,0.0
-22.240000000000002,2.0769148807907875e+17,4.937039536419509e-10,4.937038220832457e-10,1.000000000004937,2.099700000022954,8.51864150628435e+28,1.2940717747636901e+35,3.6893488147419103e+19,3.6893488147419103e+19,2.850959628406482e-16
-22.22,1.9954778967499846e+17,5.036774323704553e-10,5.036772953675397e-10,1.0000000000050369,2.099700000023418,8.022554444937283e+28,1.194578808681912e+35,-1.8446744073709552e+19,1.8446744073709552e+19,-1.5442038274230093e-16
-22.199999999999996,1.9172341022644438e+17,5.138523886223705e-10,5.138522458885017e-10,1.0000000000051386,2.0997000000238915,7.555357244990585e+28,1.102735225341333e+35,-1.8446744073709552e+19,1.8446744073709552e+19,-1.6728160134067624e-16
-22.18,1.842058290586038e+17,5.242328925030398e-10,5.242327436866503e-10,1.0000000000052423,2.0997000000243737,7.115367491890917e+28,1.0179529122489509e+35,-1.8446744073709552e+19,1.8446744073709552e+19,-1.81213992884149e-16
-22.159999999999997,1.7698301643932758e+17,5.348230963500595e-10,5.348229412810119e-10,1.0000000000053482,2.099700000024866,6.701000747281159e+28,9.396889731488754e+34,0.0,0.0,0.0
-22.14,1.7004341432901104e+17,5.456272363758889e-10,5.456270747858755e-10,1.0000000000054563,2.0997000000253685,6.310764843311019e+28,8.674422516330133e+34,-1.8446744073709552e+19,1.8446744073709552e+19,-2.126565845590928e-16
-22.119999999999997,1.633759178852451e+17,5.5664963437244e-10,5.566494659370711e-10,1.0000000000055664,2.099700000025881,5.943254509220577e+28,8.00750122028854e+34,1.8446744073709552e+19,1.8446744073709552e+19,2.3036812452313174e-16
-22.1,1.569698576927192e+17,5.678946994343334e-10,5.678945237086839e-10,1.000000000005679,2.0997000000264037,5.597146310848746e+28,7.391855270159402e+34,-9.223372036854776e+18,9.223372036854776e+18,-1.2477740317935173e-16
-22.08,1.5081498268986275e+17,5.793669297313784e-10,5.793667464199208e-10,1.0000000000057936,2.099700000026937,5.271193884839181e+28,6.82354243000826e+34,1.8446744073709552e+19,1.8446744073709552e+19,2.703394902692579e-16
-22.060000000000002,1.4490144376497773e+17,5.910709142986855e-10,5.910707233163724e-10,1.0000000000059106,2.099700000027481,4.964223450387775e+28,6.298923557403511e+34,0.0,0.0,0.0
-22.04,1.3921977799554229e+17,6.030113348801962e-10,6.030111359415714e-10,1.00000000000603,2.0997000000280366,4.675129582362422e+28,5.814639300478968e+34,0.0,0.0,0.0
-22.019999999999996,1.3376089350553109e+17,6.151929677935865e-10,6.15192760545683e-10,1.000000000006152,2.099700000028603,4.402871230579397e+28,5.367588586614221e+34,-9.223372036854776e+18,9.223372036854776e+18,-1.7183441544324222e-16
-22.0,1.2851605491646792e+17,6.27620685844778e-10,6.276204700422126e-10,1.0000000000062763,2.0997000000291806,4.1464679708981625e+28,4.954908764982005e+34,0.0,0.0,0.0
-21.979999999999997,1.234768693689517e+17,6.402994602822198e-10,6.402992356344774e-10,1.000000000006403,2.0997000000297703,3.9049964746349254e+28,4.57395727580925e+34,0.0,0.0,0.0
-21.96,1.1863527309230437e+17,6.532343627657689e-10,6.532341287829375e-10,1.0000000000065323,2.0997000000303716,3.6775871835826877e+28,4.222294728973671e+34,0.0,0.0,0.0
-21.939999999999998,1.1398351850080352e+17,6.664305674219565e-10,6.664303236749498e-10,1.0000000000066642,2.099700000030985,3.4634211786621525e+28,3.8976692835776774e+34,0.0,0.0,0.0
-21.92,1.0951416179590662e+17,6.798933528935098e-10,6.798930991182986e-10,1.000000000006799,2.099700000031611,3.26172723092861e+28,3.5980022284796986e+34,0.0,0.0,0.0
-21.9,1.052200510545726e+17,6.936281044682689e-10,6.936278403090956e-10,1.0000000000069362,2.0997000000322497,3.0717790243144746e+28,3.3213746714451116e+34,0.0,0.0,0.0
-21.880000000000003,1.0109431478467226e+17,7.076403162142135e-10,7.076400412092739e-10,1.0000000000070763,2.099700000032901,2.8928925401074754e+28,3.066015251685573e+34,4.611686018427388e+18,4.611686018427388e+18,1.5041287431982757e-16
-21.86,9.713035092912307e+16,7.219355931881144e-10,7.219353067140244e-10,1.0000000000072193,2.0997000000335655,2.724423593743624e+28,2.8302887971016523e+34,0.0,0.0,0.0
-21.839999999999996,9.332181630120043e+16,7.365196536766561e-10,7.36519355277943e-10,1.0000000000073652,2.099700000034244,2.5657655150478448e+28,2.612685853599471e+34,-4.611686018427388e+18,4.611686018427388e+18,-1.7651113635464647e-16
-21.82,8.966261643408118e+16,7.513983314863117e-10,7.513980208228414e-10,1.000000000007514,2.0997000000349355,2.416346963565646e+28,2.411813019430831e+34,-4.611686018427388e+18,4.611686018427388e+18,-1.9121222752022688e-16
-21.799999999999997,8.614689582839338e+16,7.665775782762725e-10,7.665772549839916e-10,1.0000000000076659,2.099700000035641,2.275629871120079e+28,2.226384022664681e+34,4.611686018427388e+18,4.611686018427388e+18,2.0713772906166434e-16
-21.78,8.276902858217744e+16,7.820634659297414e-10,7.820631294640948e-10,1.0000000000078206,2.099700000036361,2.143107504185811e+28,2.0552114846558338e+34,-2.305843009213694e+18,2.305843009213694e+18,-1.1219480924341246e-16
-21.759999999999998,7.95236093882332e+16,7.978621889937467e-10,7.978618387784377e-10,1.0000000000079787,2.099700000037096,2.018302639100449e+28,1.897199316767323e+34,0.0,0.0,0.0
-21.740000000000002,7.640544488448523e+16,8.13980067150029e-10,8.139797024878497e-10,1.0000000000081397,2.099700000037845,1.9007658435442885e+28,1.7513357016615006e+34,0.0,0.0,0.0
-21.72,7.340954534348666e+16,8.304235477442309e-10,8.304231680211052e-10,1.0000000000083042,2.0997000000386095,1.7900738580983536e+28,1.6166866142142196e+34,0.0,0.0,0.0
-21.699999999999996,7.053111668779905e+16,8.471992083693759e-10,8.471988128827611e-10,1.000000000008472,2.0997000000393893,1.6858280720533488e+28,1.4923898405655923e+34,2.305843009213694e+18,2.305843009213694e+18,1.5450657340474984e-16
-21.68,6.776555281844256e+16,8.643137594951846e-10,8.643133476508968e-10,1.000000000008643,2.0997000000401855,1.5876530879805516e+28,1.3776494570074651e+34,-2.305843009213694e+18,2.305843009213694e+18,-1.6737496902068134e-16
-21.659999999999997,6.51084282441526e+16,8.817740471521153e-10,8.817736184495987e-10,1.0000000000088178,2.0997000000409973,1.495195369895593e+28,1.271730733354248e+34,2.305843009213694e+18,2.305843009213694e+18,1.8131513517145475e-16
-21.64,6.2555490999656664e+16,8.995870556700641e-10,8.995866093578949e-10,1.000000000008996,2.0997000000418256,1.408121970147068e+28,1.1739554281615892e+34,0.0,0.0,0.0
-21.619999999999997,6.01026558416157e+16,9.177599104654864e-10,9.17759445785059e-10,1.0000000000091775,2.09970000004267,1.3261193304452653e+28,1.0836974456652713e+34,2.305843009213694e+18,2.305843009213694e+18,2.1277527198969714e-16
-21.6,5.7745997711370744e+16,9.362998809001566e-10,9.362993970054968e-10,1.000000000009363,2.0997000000435326,1.248892152713874e+28,1.0003788266310709e+34,0.0,0.0,0.0
-21.58,5.548174545400513e+16,9.552143831879313e-10,9.552138793256807e-10,1.0000000000095521,2.0997000000444115,1.1761623356975905e+28,9.234660474422123e+33,-2.305843009213694e+18,2.305843009213694e+18,-2.496940822884164e-16
-21.560000000000002,5.330627578369909e+16,9.745109833556273e-10,9.74510458809421e-10,1.000000000009745,2.099700000045309,1.107667973497615e+28,8.524666037269764e+33,1.152921504606847e+18,1.152921504606847e+18,1.3524518162925426e-16
-21.54,5.121610748569326e+16,9.941974002787327e-10,9.941968542702212e-10,1.000000000009942,2.0997000000462243,1.043162412427189e+28,7.869258566490606e+33,-1.152921504606847e+18,1.152921504606847e+18,-1.4650935237860807e-16
-21.519999999999996,4.920789584560836e+16,1.0142815087632008e-09,1.0142809403784465e-09,1.0000000000101428,2.099700000047158,9.824133627920951e+27,7.264241216670453e+33,0.0,0.0,0.0
-21.5,4.727842729718629e+16,1.0347713426860191e-09,1.0347707508267382e-09,1.0000000000103477,2.0997000000481107,9.252020623968419e+27,6.705739811204145e+33,-1.152921504606847e+18,1.152921504606847e+18,-1.7193030841694091e-16
-21.479999999999997,4.5424614279897096e+16,1.0556750982322448e-09,1.0556744821465042e-09,1.0000000000105567,2.0997000000490824,8.713224887643447e+27,6.190178034338101e+33,0.0,0.0,0.0
-21.46,4.364349029818831e+16,1.0770011371527093e-09,1.0770004957937471e-09,1.00000000001077,2.099700000050074,8.205806172326181e+27,5.714254530541086e+33,0.0,0.0,0.0
-21.439999999999998,4.1932205174454344e+16,1.0987579901129008e-09,1.0987573223908714e-09,1.0000000000109877,2.0997000000510857,7.727937222563497e+27,5.274921764556303e+33,0.0,0.0,0.0
-21.42,4.028802048814951e+16,1.1209543601152278e-09,1.120953664956519e-09,1.0000000000112095,2.0997000000521178,7.277897193975953e+27,4.8693665067726366e+33,5.764607523034235e+17,5.764607523034235e+17,1.1838498702200381e-16
-21.4,3.870830519372642e+16,1.143599125966431e-09,1.1435984020347962e-09,1.000000000011436,2.0997000000531703,6.854065456358764e+27,4.4949918189493557e+33,-5.764607523034235e+17,5.764607523034235e+17,-1.2824492157564734e-16
-21.380000000000003,3.719053141040673e+16,1.1667013458396624e-09,1.1667005920809317e-09,1.0000000000116671,2.099700000054245,6.45491575766379e+27,4.1494004249464136e+33,-5.764607523034235e+17,5.764607523034235e+17,-1.3892606075848881e-16
-21.36,3.5732270377028396e+16,1.1902702609012993e-09,1.190269476276453e-09,1.0000000000119027,2.0997000000553405,6.079010727841757e+27,3.8303793599716394e+33,0.0,0.0,0.0
-21.339999999999996,3.4331188565513744e+16,1.2143152989952503e-09,1.2143144822067274e-09,1.0000000000121432,2.0997000000564583,5.724996702759442e+27,3.535885800051756e+33,0.0,0.0,0.0
-21.32,3.2985043946725268e+16,1.238846078415819e-09,1.2388452281881684e-09,1.0000000000123885,2.099700000057599,5.391598849545709e+27,3.2640339809842156e+33,0.0,0.0,0.0
-21.299999999999997,3.1691682402739624e+16,1.2638724117610782e-09,1.2638715266860856e-09,1.0000000000126388,2.0997000000587622,5.077616575815739e+27,3.013083123007937e+33,0.0,0.0,0.0
-21.28,3.044903427980294e+16,1.2894043098594753e-09,1.289403388509368e-09,1.0000000000128941,2.0997000000599497,4.7819192062428175e+27,2.7814262838703656e+33,0.0,0.0,0.0
-21.259999999999998,2.9255111076439828e+16,1.3154519857686372e-09,1.3154510268324962e-09,1.0000000000131546,2.0997000000611608,4.5034419109047856e+27,2.5675800689101371e+33,-5.764607523034235e+17,5.764607523034235e+17,-2.2451480605967103e-16
-21.240000000000002,2.810800226143061e+16,1.3420258588566901e-09,1.3420248606879455e-09,1.0000000000134202,2.0997000000623958,4.2411818707470537e+27,2.3701751322675103e+33,0.0,0.0,0.0
-21.22,2.700587221655056e+16,1.3691365589798252e-09,1.3691355197541528e-09,1.0000000000136913,2.0997000000636565,3.9941946663500326e+27,2.187947408395218e+33,0.0,0.0,0.0
-21.199999999999996,2.5946957299192336e+16,1.3967949307302019e-09,1.396793848813088e-09,1.000000000013968,2.0997000000649426,3.761590876999797e+27,2.019730017723877e+33,2.8823037615171174e+17,2.8823037615171174e+17,1.427071127411164e-16
-21.18,2.4929563020160424e+16,1.4250120377747024e-09,1.4250109115031641e-09,1.0000000000142502,2.099700000066255,3.5425328778125215e+27,1.8644457946487097e+33,2.8823037615171174e+17,2.8823037615171174e+17,1.5459276388138166e-16
-21.159999999999997,2.395206133212619e+16,1.4537991672784824e-09,1.4537979949104376e-09,1.000000000014538,2.099700000067593,3.336231823379944e+27,1.7211003899920233e+33,2.8823037615171174e+17,2.8823037615171174e+17,1.6746833544082656e-16
-21.14,2.30128880244075e+16,1.4831678344221851e-09,1.4831666139704365e-09,1.0000000000148317,2.0997000000689585,3.1419448070743786e+27,1.5887759037740758e+33,0.0,0.0,0.0
-21.119999999999997,2.2110540219895376e+16,1.5131297870057894e-09,1.5131285165014633e-09,1.0000000000151312,2.099700000070351,2.9589721857818266e+27,1.4666250075190317e+33,-2.8823037615171174e+17,2.8823037615171174e+17,-1.9652589663981274e-16
-21.1,2.1243573970132896e+16,1.543697010152685e-09,1.5436956877030847e-09,1.000000000015437,2.0997000000717727,2.78665506043162e+27,1.3538655184602624e+33,2.8823037615171174e+17,2.8823037615171174e+17,2.1289395361623458e-16
-21.08,2.0410601944687216e+16,1.5748817310963573e-09,1.5748803545948342e-09,1.0000000000157487,2.0997000000732227,2.6243729032475463e+27,1.2497753908998702e+33,0.0,0.0,0.0
-21.060000000000002,1.9610291211127612e+16,1.6066964240805996e-09,1.6066949913431807e-09,1.000000000016067,2.099700000074702,2.4715413231780956e+27,1.153688092651436e+33,-1.4411518807585587e+17,1.4411518807585587e+17,-1.249166739754812e-16
-21.04,1.884136110204705e+16,1.6391538153366369e-09,1.6391523241557706e-09,1.0000000000163916,2.099700000076211,2.3276099614569943e+27,1.064988336958147e+33,0.0,0.0,0.0
-21.019999999999996,1.810258116572331e+16,1.6722668881855645e-09,1.6722653362624367e-09,1.0000000000167226,2.0997000000777506,2.192060509717577e+27,9.831081425571717e+32,1.4411518807585587e+17,1.4411518807585587e+17,1.465910620621238e-16
-21.0,1.739276919713305e+16,1.7060488882234987e-09,1.70604727282272e-09,1.0000000000170606,2.099700000079321,2.064404843522649e+27,9.075231966603427e+32,1.4411518807585587e+17,1.4411518807585587e+17,1.5880019461574442e-16
-20.979999999999997,1.671078934617101e+16,1.7405133286227655e-09,1.7405116470980708e-09,1.0000000000174052,2.099700000080923,1.9441832645891533e+27,8.377494975622053e+32,1.4411518807585587e+17,1.4411518807585587e+17,1.720261892663405e-16
-20.96,1.6055550300049476e+16,1.7756739955354556e-09,1.7756722451718762e-09,1.0000000000177567,2.0997000000825583,1.8309628453781276e+27,7.733402553768751e+32,0.0,0.0,0.0
-20.939999999999998,1.5426003536963218e+16,1.8115449536208546e-09,1.811543131634585e-09,1.0000000000181155,2.0997000000842263,1.7243358700876052e+27,7.138830310571999e+32,0.0,0.0,0.0
-20.92,1.4821141648232974e+16,1.848140551650956e-09,1.8481386551830413e-09,1.0000000000184814,2.0997000000859276,1.6239183664356626e+27,6.589970953769502e+32,0.0,0.0,0.0
-20.9,1.4239996726235006e+16,1.8854754282648804e-09,1.8854734542268094e-09,1.0000000000188547,2.0997000000876636,1.5293487229451625e+27,6.08330990963768e+32,-7.205759403792794e+16,7.205759403792794e+16,-1.1845099782091722e-16
-20.880000000000003,1.3681638815544316e+16,1.9235645178191087e-09,1.923562463184134e-09,1.0000000000192357,2.099700000089434,1.4402863867521346e+27,5.6156028177224395e+32,-1.4411518807585587e+17,1.4411518807585587e+17,-2.566328551517785e-16
-20.86,1.314517442480609e+16,1.962423056362719e-09,1.96242091790538e-09,1.0000000000196243,2.0997000000912407,1.356410637247354e+27,5.1838547558543705e+32,-7.205759403792794e+16,7.205759403792794e+16,-1.3900351936114306e-16
-20.839999999999996,1.2629745096960474e+16,2.0020665877272905e-09,2.002064361845684e-09,1.0000000000200207,2.099700000093084,1.277419431135956e+27,4.785301062423212e+32,7.205759403792794e+16,7.205759403792794e+16,1.5058070692571648e-16
-20.82,1.2134526035527674e+16,2.042510969745766e-09,2.042508652941445e-09,1.0000000000204252,2.099700000094965,1.2030283147552243e+27,4.417389633104273e+32,7.205759403792794e+16,7.205759403792794e+16,1.6312212365735289e-16
-20.799999999999997,1.1658724784757294e+16,2.0837723806100296e-09,2.083769969385594e-09,1.0000000000208378,2.099700000096883,1.1329693997340878e+27,4.0777645786773664e+32,7.205759403792794e+16,7.205759403792794e+16,1.7670807728791365e-16
-20.78,1.1201579961531448e+16,2.1258673253149492e-09,2.125864815679221e-09,1.0000000000212588,2.0997000000988404,1.0669903983058122e+27,3.76425113929355e+32,0.0,0.0,0.0
-20.759999999999998,1.0762360036988126e+16,2.168812642282425e-09,2.1688100301523965e-09,1.0000000000216882,2.099700000100837,1.0048537147993357e+27,3.47484175858635e+32,0.0,0.0,0.0
-20.740000000000002,1.0340362165920408e+16,2.2126255100880245e-09,2.2126227912039717e-09,1.0000000000221263,2.0997000001028736,9.463355900384074e+26,3.2076832284579944e+32,-7.205759403792794e+16,7.205759403792794e+16,-2.246399545125397e-16
-20.72,9934911062073092.0,2.257323454331144e-09,2.2573206244693736e-09,1.0000000000225733,2.099700000104952,8.91225295566687e+26,2.9610648222197948e+32,3.602879701896397e+16,3.602879701896397e+16,1.2167477155167586e-16
-20.699999999999996,9545357917541816.0,2.30292435466129e-09,2.3029214092749973e-09,1.0000000000230291,2.099700000107072,8.393243747978373e+26,2.7334073401014963e+32,-7.205759403792794e+16,7.205759403792794e+16,-2.6361739693998716e-16
-20.68,9171079364541676.0,2.349446451906524e-09,2.3494433863864054e-09,1.0000000000234945,2.099700000109235,7.90445928357386e+26,2.523252996980946e+32,0.0,0.0,0.0
-20.659999999999997,8811476477885532.0,2.3969083553788363e-09,2.396905164902178e-09,1.000000000023969,2.099700000111442,7.44413941043055e+26,2.3292560875821505e+32,3.602879701896397e+16,3.602879701896397e+16,1.5467892116241154e-16
-20.64,8465973816577001.0,2.4453290503244115e-09,2.4453257295895783e-09,1.0000000000244533,2.099700000113693,7.010626479800334e+26,2.150174369367699e+32,0.0,0.0,0.0
-20.619999999999997,8134018502981202.0,2.49472790550949e-09,2.4947244491654815e-09,1.0000000000249474,2.0997000001159902,6.602359376882484e+26,1.984861107944874e+32,3.602879701896397e+16,3.602879701896397e+16,1.8151737182243385e-16
-20.6,7815079338103705.0,2.5451246809690646e-09,2.5451210835403064e-09,1.0000000000254512,2.0997000001183332,6.217867899125398e+26,1.832257734051031e+32,0.0,0.0,0.0
-20.58,7508645951557999.0,2.59653953591825e-09,2.596535791571954e-09,1.0000000000259655,2.0997000001207233,5.855767461908248e+26,1.691387065095823e+32,0.0,0.0,0.0
-20.560000000000002,7214227984865020.0,2.648993036806927e-09,2.6489891396040488e-09,1.00000000002649,2.0997000001231623,5.514754112541907e+26,1.5613470478568957e+32,3.602879701896397e+16,3.602879701896397e+16,2.3075375723413787e-16
-20.54,6931354306774232.0,2.7025061655526714e-09,2.7025021091963285e-09,1.000000000027025,2.09970000012565,5.193599834629797e+26,1.4413049822591993e+32,-1.8014398509481984e+16,1.8014398509481984e+16,-1.2498627159657178e-16
-20.519999999999996,6659572259353974.0,2.757100327925155e-09,2.757096105790257e-09,1.000000000027571,2.0997000001281885,4.8911481258833164e+26,1.3304921892519503e+32,0.0,0.0,0.0
-20.5,6398446933641986.0,2.8127973621166637e-09,2.812792967347294e-09,1.000000000028128,2.0997000001307784,4.606309833464029e+26,1.2281990886382363e+32,0.0,0.0,0.0
-20.479999999999997,6147560473698143.0,2.8696195474789344e-09,2.8696149731863824e-09,1.0000000000286962,2.0997000001334203,4.338059231856749e+26,1.1337706553391104e+32,-1.8014398509481984e+16,1.8014398509481984e+16,-1.5888865616524298e-16
-20.46,5906511407946562.0,2.9275896134295292e-09,2.927584852322523e-09,1.000000000029276,2.0997000001361155,4.085430329150464e+26,1.0466022249970379e+32,-1.8014398509481984e+16,1.8014398509481984e+16,-1.721220131199673e-16
-20.439999999999998,5674914006734827.0,2.986730748543931e-09,2.986725793033842e-09,1.0000000000298672,2.099700000138865,3.847513388423294e+26,9.661356220593773e+31,-1.8014398509481984e+16,1.8014398509481984e+16,-1.8645753617175052e-16
-20.42,5452397665085049.0,3.0470666098336237e-09,3.0470614520880633e-09,1.0000000000304707,2.09970000014167,3.6234516517076593e+26,8.918555855494462e+31,0.0,0.0,0.0
-20.4,5238606309646288.0,3.1086213322035793e-09,3.1086159638779647e-09,1.0000000000310862,2.0997000001445323,3.412438254735507e+26,8.23286469636908e+31,0.0,0.0,0.0
-20.380000000000003,5033197828901962.0,3.171419538110716e-09,3.1714139505566404e-09,1.0000000000317142,2.099700000147452,3.2137133213560714e+26,7.599891978807866e+31,-1.8014398509481984e+16,1.8014398509481984e+16,-2.3703392605850127e-16
-20.36,4835843525717936.0,3.2354863474086123e-09,3.235480531744183e-09,1.0000000000323548,2.0997000001504307,3.026561227160359e+26,7.015584516410129e+31,9007199254740992.0,9007199254740992.0,1.2838788238234018e-16
-20.339999999999996,4646227591357593.0,3.3008473874060435e-09,3.3008413342830393e-09,1.0000000000330085,2.0997000001534696,2.8503080224608198e+26,6.476200746555091e+31,-9007199254740992.0,9007199254740992.0,-1.390809205101595e-16
-20.32,4464046600120360.0,3.3675288031067046e-09,3.3675225031274313e-09,1.0000000000336753,2.0997000001565698,2.6843190053442883e+26,5.978286771626433e+31,0.0,0.0,0.0
-20.299999999999997,4289009023795763.5,3.435557267669139e-09,3.435550710588754e-09,1.0000000000343556,2.0997000001597326,2.5279964360593745e+26,5.518654242275281e+31,-9007199254740992.0,9007199254740992.0,-1.6321294285060435e-16
-20.28,4120834765156642.0,3.5049599930748516e-09,3.5049531682602516e-09,1.0000000000350495,2.0997000001629598,2.3807773845081282e+26,5.094359941100346e+31,9007199254740992.0,9007199254740992.0,1.7680645390586238e-16
-20.259999999999998,3959254709743424.0,3.575764741018029e-09,3.5757576376023135e-09,1.0000000000357576,2.0997000001662514,2.242131703089204e+26,4.702686936006929e+31,9007199254740992.0,9007199254740992.0,1.9153212691558863e-16
-20.240000000000002,3804010295224149.0,3.647999834008131e-09,3.64799244063273e-09,1.00000000003648,2.09970000016961,2.1115601175942866e+26,4.341127182566949e+31,0.0,0.0,0.0
-20.22,3654853097639206.0,3.721694166698295e-09,3.7216864714571858e-09,1.000000000037217,2.0997000001730366,1.988592429281266e+26,4.007365463970862e+31,4503599627370496.0,4503599627370496.0,1.1238249467294986e-16
-20.199999999999996,3511544433870479.5,3.79687721744276e-09,3.796869208265985e-09,1.0000000000379687,2.099700000176532,1.872785821651222e+26,3.6992645657367213e+31,0.0,0.0,0.0
-20.18,3373854979697351.5,3.873579060089118e-09,3.873570724061696e-09,1.0000000000387357,2.099700000180098,1.7637232658305783e+26,3.414851590240481e+31,0.0,0.0,0.0
-20.159999999999997,3241564402828973.0,3.95183037599709e-09,3.9518216996167075e-09,1.0000000000395184,2.0997000001837365,1.661012018816607e+26,3.152305323435347e+31,0.0,0.0,0.0
-20.14,3114461010326013.0,4.031662466334407e-09,4.0316534357290215e-09,1.0000000000403166,2.099700000187448,1.5642822091786714e+26,2.9099445728648257e+31,4503599627370496.0,4503599627370496.0,1.5476498967555087e-16
-20.119999999999997,2992341409846499.0,4.1131072645731824e-09,4.1130978653618515e-09,1.000000000041131,2.099700000191235,1.473185505121276e+26,2.6862174022905637e+31,0.0,0.0,0.0
-20.1,2875010184175121.0,4.196197349276085e-09,4.196187566337453e-09,1.000000000041962,2.099700000195098,1.387393860113631e+26,2.4796911940027046e+31,-4503599627370496.0,4503599627370496.0,-1.81618357989221e-16
-20.08,2762279578513726.0,4.280965957128028e-09,4.280955774922521e-09,1.0000000000428098,2.0997000001990394,1.3065983315675518e+26,2.2890434751748623e+31,0.0,0.0,0.0
-20.060000000000002,2653969200033998.0,4.367446996222663e-09,4.3674363986625255e-09,1.0000000000436744,2.09970000020306,1.2305079683106876e+26,2.1130534495236205e+31,0.0,0.0,0.0
-20.04,2549905729210200.5,4.455675059635964e-09,4.455664029761945e-09,1.0000000000445568,2.099700000207162,1.1588487628478053e+26,1.9505941800438977e+31,4503599627370496.0,4503599627370496.0,2.3088210339708664e-16
-20.019999999999996,2449922642471309.0,4.545685439248038e-09,4.545673959402786e-09,1.0000000000454567,2.099700000211347,1.0913626646380368e+26,1.8006253727651358e+31,2251799813685248.0,2251799813685248.0,1.2505578337519416e-16
-20.0,2353859945727720.5,4.637514139868759e-09,4.637502191590625e-09,1.0000000000463751,2.0997000002156163,1.0278066508341159e+26,1.6621867153180527e+31,0.0,0.0,0.0
-19.979999999999997,2261563918346553.5,4.7311978936367325e-09,4.731185457719251e-09,1.000000000047312,2.0997000002199724,9.67951851137571e+25,1.5343917276567847e+31,-2251799813685248.0,2251799813685248.0,-1.4675428497101174e-16
-19.96,2172886867166145.8,4.826774174723979e-09,4.826761231103505e-09,1.0000000000482678,2.0997000002244164,9.115827236185953e+25,1.4164220855604317e+31,2251799813685248.0,2251799813685248.0,1.5897699877545587e-16
-19.939999999999998,2087686890155290.8,4.924281214298812e-09,4.924267742518558e-09,1.0000000000492428,2.0997000002289496,8.584962785321176e+25,1.3075223805638682e+31,2251799813685248.0,2251799813685248.0,1.7221770444100016e-16
-19.92,2005827649340036.8,5.023758015850762e-09,5.0237439942982725e-09,1.0000000000502376,2.0997000002335744,8.085013473356227e+25,1.2069952827648936e+31,0.0,0.0,0.0
-19.9,1927178152633663.8,5.125244370766348e-09,5.12522977706962e-09,1.0000000000512523,2.099700000238293,7.614178942757622e+25,1.114197075531819e+31,-2251799813685248.0,2251799813685248.0,-2.0209929418532574e-16
-19.880000000000003,1851612544221697.5,5.2287808742562704e-09,5.228765685187021e-09,1.0000000000522877,2.0997000002431068,7.170763680653225e+25,1.0285335335196235e+31,0.0,0.0,0.0
-19.86,1779009903165593.2,5.334408941583889e-09,5.334393132604121e-09,1.000000000053344,2.099700000248018,6.753170913153191e+25,9.494561175987593e+30,-1125899906842624.0,1125899906842624.0,-1.1858282630156193e-16
-19.839999999999996,1709254049903693.8,5.44217082463703e-09,5.442154370275328e-09,1.0000000000544218,2.0997000002530286,6.3598968552403714e+25,8.764584623321958e+30,0.0,0.0,0.0
-19.82,1642233360339116.5,5.552109628832857e-09,5.552092502759995e-09,1.0000000000555211,2.0997000002581396,5.98952529551945e+25,8.090731335077583e+30,1125899906842624.0,1125899906842624.0,1.3915819538414004e-16
-19.799999999999997,1577840587217380.0,5.664269330351066e-09,5.6642515053976035e-09,1.0000000000566427,2.0997000002633546,5.64072249632588e+25,7.468686349632594e+30,0.0,0.0,0.0
-19.78,1515972688508137.5,5.778694793736474e-09,5.778676241420407e-09,1.0000000000577869,2.0997000002686748,5.312232390830586e+25,6.894466455380689e+30,0.0,0.0,0.0
-19.759999999999998,1456530662515822.0,5.895431789823111e-09,5.895412480389523e-09,1.0000000000589544,2.0997000002741024,5.002872059841658e+25,6.364394684576161e+30,0.0,0.0,0.0
-19.740000000000002,1399419389456042.2,6.0145270140570885e-09,6.0145069165948995e-09,1.0000000000601452,2.0997000002796393,4.711527472018504e+25,5.875076768188565e+30,1125899906842624.0,1125899906842624.0,1.9163849634076564e-16
-19.72,1344547479243521.2,6.1360281051694265e-09,6.136007187386568e-09,1.0000000000613603,2.0997000002852886,4.43714947215484e+25,5.423379400991164e+30,0.0,0.0,0.0
-19.699999999999996,1291827125248662.0,6.259983664229208e-09,6.25996189257044e-09,1.0000000000626,2.099700000291052,4.178750003087459e+25,5.0064101777114424e+30,-562949953421312.0,562949953421312.0,-1.1244489257723916e-16
-19.68,1241173963788195.2,6.386443274090449e-09,6.386420613894611e-09,1.0000000000638645,2.0997000002969317,3.935398547622886e+25,4.6214990717619276e+30,-562949953421312.0,562949953421312.0,-1.2181007741600043e-16
-19.659999999999997,1192506939125289.0,6.51545751921658e-09,6.51543393414326e-09,1.0000000000651545,2.0997000003029296,3.7062187776701618e+25,4.266181337954046e+30,1125899906842624.0,1125899906842624.0,2.639105177562394e-16
-19.64,1145748173763252.5,6.6470780059157144e-09,6.6470534583434015e-09,1.0000000000664708,2.099700000309049,3.4903853985137665e+25,3.938181729715052e+30,-562949953421312.0,562949953421312.0,-1.429454003679667e-16
-19.619999999999997,1100822843824839.6,6.781357382985486e-09,6.781331833586394e-09,1.0000000000678135,2.0997000003152926,3.2871211768605582e+25,3.6353999297411146e+30,0.0,0.0,0.0
-19.6,1057659059318262.4,6.9183493627637e-09,6.918322770767206e-09,1.0000000000691835,2.0997000003216617,3.0956941419610275e+25,3.3558971007969034e+30,-562949953421312.0,562949953421312.0,-1.677479206156474e-16
-19.58,1016187749097788.9,7.058108742620287e-09,7.058081065500164e-09,1.000000000070581,2.0997000003281596,2.91541494972339e+25,3.0978834705371023e+30,0.0,0.0,0.0
-19.560000000000002,976342550335343.8,7.200691426866299e-09,7.2006626201825024e-09,1.0000000000720068,2.099700000334789,2.7456344003308274e+25,2.8597068708538065e+30,0.0,0.0,0.0
-19.54,938059702325752.9,7.346154449116701e-09,7.346124466751622e-09,1.0000000000734615,2.099700000341552,2.585741100420406e+25,2.639842158359292e+30,562949953421312.0,562949953421312.0,2.1324927991032414e-16
-19.519999999999996,901277944456158.4,7.494555995115016e-09,7.49452478931102e-09,1.0000000000749456,2.099700000348452,2.4351592614070224e+25,2.43688144826201e+30,0.0,0.0,0.0
-19.5,865938418175969.1,7.64595542598986e-09,7.645922946847905e-09,1.0000000000764595,2.099700000355491,2.293346626022376e+25,2.249525099097036e+30,0.0,0.0,0.0
-19.479999999999997,831984572810629.4,7.80041330200097e-09,7.80037949732529e-09,1.000000000078004,2.0997000003626725,2.159792515602953e+25,2.076573390583465e+30,0.0,0.0,0.0
-19.46,799362075068605.1,7.957991406767502e-09,7.957956222337829e-09,1.00000000007958,2.0997000003699986,2.0340159910955905e+25,1.9169188413191466e+30,0.0,0.0,0.0
-19.439999999999998,768018722096471.8,8.118752771972119e-09,8.118716151550202e-09,1.0000000000811875,2.099700000377473,1.9155641211570242e+25,1.769539117118212e+30,281474976710656.0,281474976710656.0,1.5906510740204557e-16
-19.42,737904357943343.9,8.282761702585001e-09,8.282723587652152e-09,1.0000000000828275,2.0997000003850985,1.8040103511121877e+25,1.6334904845824227e+30,0.0,0.0,0.0
-19.4,708970793300605.9,8.450083802573728e-09,8.450044132199556e-09,1.0000000000845009,2.099700000392878,1.6989529668963101e+25,1.5079017679850426e+30,-281474976710656.0,281474976710656.0,-1.8666455026699932e-16
-19.380000000000003,681171728388861.9,8.620786001140673e-09,8.620744711947325e-09,1.000000000086208,2.099700000400815,1.6000136484506982e+25,1.3919687707723233e+30,-281474976710656.0,281474976710656.0,-2.022112472731184e-16
-19.36,654462678868367.1,8.794936579502486e-09,8.794893605389212e-09,1.0000000000879494,2.099700000408912,1.5068361073615898e+25,1.2849491259596277e+30,281474976710656.0,281474976710656.0,2.1905277824450062e-16
-19.339999999999996,628800904654702.2,8.972605198188978e-09,8.972560470440068e-09,1.000000000089726,2.0997000004171724,1.419084803837279e+25,1.1861575424485375e+30,281474976710656.0,281474976710656.0,2.3729698559616524e-16
-19.32,604145341525525.6,9.153862924915102e-09,9.153816372129373e-09,1.0000000000915386,2.0997000004255995,1.3364437384023263e+25,1.0949614168240623e+30,140737488355328.0,140737488355328.0,1.2853034678405457e-16
-19.299999999999997,580456535409069.0,9.338782262996057e-09,9.33873381069404e-09,1.0000000000933877,2.099700000434197,1.2586153139580447e+25,1.01077678253295e+30,140737488355328.0,140737488355328.0,1.3923522814478213e-16
-19.28,557696579249301.0,9.527437180357892e-09,9.527386750958161e-09,1.0000000000952745,2.0997000004429687,1.1853192641117047e+25,9.330645705042706e+29,0.0,0.0,0.0
-19.259999999999998,535829052346518.5,9.719903139099793e-09,9.719850651584729e-09,1.0000000000971991,2.0997000004519175,1.1162916439145742e+25,8.613271572667071e+29,0.0,0.0,0.0
-19.240000000000002,514818962076555.4,9.916257125700965e-09,9.916202496154253e-09,1.0000000000991627,2.0997000004610467,1.0512838793752157e+25,7.951051784596426e+29,0.0,0.0,0.0
-19.22,494632687895090.4,1.0116577681809746e-08,1.0116520822961073e-08,1.0000000001011657,2.09970000047036,9.900618723244303e+24,7.3397458733275e+29,0.0,0.0,0.0
-19.199999999999996,475237927537689.0,1.0320944935638097e-08,1.0320885756365166e-08,1.0000000001032094,2.099700000479862,9.324051574091563e+24,6.775439393992384e+29,0.0,0.0,0.0
-19.18,456603645329298.1,1.0529440634029093e-08,1.0529379039621132e-08,1.0000000001052944,2.099700000489556,8.781061081789926e+24,6.2545188585464315e+29,70368744177664.0,70368744177664.0,1.1250706543173486e-16
-19.159999999999997,438700022520557.2,1.0742148175145769e-08,1.074208406716796e-08,1.0000000001074214,2.0997000004994453,8.269691894066611e+24,5.773648597107622e+29,-70368744177664.0,70368744177664.0,-1.2187741443815842e-16
-19.14,421498409571514.7,1.095915264182063e-08,1.0959085917636445e-08,1.0000000001095914,2.099700000509535,7.788102529501177e+24,5.329749398282398e+29,70368744177664.0,70368744177664.0,1.320281887010875e-16
-19.119999999999997,404971280306231.3,1.118054083559661e-08,1.1180471388364738e-08,1.0000000001118055,2.099700000519828,7.334558746201916e+24,4.9199787916987565e+29,-70368744177664.0,70368744177664.0,-1.4302438716935569e-16
-19.1,389092187865105.06,1.1406401311431903e-08,1.1406329030050878e-08,1.000000000114064,2.099700000530329,6.907427296663201e+24,4.541712846492763e+29,0.0,0.0,0.0
-19.08,373835722384235.3,1.1636824413126884e-08,1.163674918186315e-08,1.0000000001163682,2.0997000005410427,6.505170046309066e+24,4.192529369191594e+29,-70368744177664.0,70368744177664.0,-1.678405710483478e-16
-19.060000000000002,359177470334293.94,1.1871902309453932e-08,1.1871824007976592e-08,1.000000000118719,2.099700000551972,6.126338434548556e+24,3.870192393406873e+29,0.0,0.0,0.0
-19.04,345093975453654.0,1.2111729031023982e-08,1.2111647534076415e-08,1.0000000001211173,2.099700000563123,5.769568258391824e+24,3.572637862015057e+29,0.0,0.0,0.0
-19.019999999999996,331562701213432.1,1.235640050788758e-08,1.235631568504982e-08,1.000000000123564,2.0997000005744986,5.433574759846812e+24,3.29796041014586e+29,-70368744177664.0,70368744177664.0,-2.1336697862034741e-16
-19.0,318561994754244.3,1.2606014607904187e-08,1.2605926323506399e-08,1.00000000012606,2.099700000586104,5.117147999402338e+24,3.044401164341666e+29,0.0,0.0,0.0
-18.979999999999997,306071052237024.8,1.2860671175890361e-08,1.2860579288580547e-08,1.0000000001286067,2.0997000005979443,4.81914849893867e+24,2.8103364797622637e+29,0.0,0.0,0.0
-18.96,294069885552503.56,1.3120472073541714e-08,1.3120376436291463e-08,1.0000000001312048,2.0997000006100235,4.538503138376263e+24,2.5942675433152613e+29,35184372088832.0,35184372088832.0,1.356211569714336e-16
-18.939999999999998,282539290335956.44,1.3385521220181693e-08,1.338542167992701e-08,1.0000000001338551,2.0997000006223465,4.2742012912835305e+24,2.3948107761345876e+29,35184372088832.0,35184372088832.0,1.4691659352947936e-16
-18.92,271460815236183.88,1.3655924634319511e-08,1.3655821031859176e-08,1.0000000001365592,2.0997000006349187,4.025291185530876e+24,2.2106889739527393e+29,0.0,0.0,0.0
-18.9,260816732389404.03,1.39317904760509e-08,1.393168264560142e-08,1.000000000139318,2.0997000006477444,3.790876475882237e+24,2.0407231286324477e+29,-35184372088832.0,35184372088832.0,-1.72408094059392e-16
-18.880000000000003,250590009050944.22,1.4213229090314775e-08,1.4213116859226938e-08,1.0000000001421323,2.09970000066083,3.570113016184778e+24,1.8838248784899196e+29,0.0,0.0,0.0
-18.86,240764280339208.53,1.4500353051025446e-08,1.4500236239625867e-08,1.0000000001450036,2.0997000006741793,3.3622058195302813e+24,1.738989539063841e+29,0.0,0.0,0.0
-18.839999999999996,231323823048424.94,1.4793277206102094e-08,1.4793155627647839e-08,1.0000000001479328,2.0997000006877986,3.1664061954441523e+24,1.6052896697051727e+29,0.0,0.0,0.0
-18.82,222253530488172.62,1.5092118723391298e-08,1.5091992183313495e-08,1.0000000001509213,2.0997000007016933,2.9820090537907734e+24,1.481869134790472e+29,0.0,0.0,0.0
-18.799999999999997,213538888309467.47,1.5396997137526865e-08,1.5396865433294118e-08,1.00000000015397,2.0997000007158677,2.808350365687248e+24,1.3679376215308886e+29,0.0,0.0,0.0
-18.78,205165951278750.94,1.5708034397748793e-08,1.5707897318855906e-08,1.0000000001570803,2.0997000007303295,2.644804772282637e+24,1.2627655792724385e+29,0.0,0.0,0.0
-18.759999999999998,197121320962537.84,1.602535491665219e-08,1.6025212243555107e-08,1.0000000001602536,2.0997000007450826,2.4907833327901294e+24,1.1656795478807626e+29,-17592186044416.0,17592186044416.0,-1.509146332776032e-16
-18.740000000000002,189392124287108.97,1.6349085619959687e-08,1.6348937124247702e-08,1.0000000001634908,2.0997000007601345,2.345731403664545e+24,1.0760578452973321e+29,0.0,0.0,0.0
-18.72,181965992938844.03,1.6679355997284612e-08,1.6679201441380247e-08,1.0000000001667935,2.09970000077549,2.209126641286044e+24,9.933265866515366e+28,-17592186044416.0,17592186044416.0,-1.7709980830989856e-16
-18.699999999999996,174831043572320.94,1.7016298153900848e-08,1.7016137290380628e-08,1.000000000170163,2.099700000791156,2.08047712095927e+24,9.169560094384628e+28,17592186044416.0,17592186044416.0,1.9184984583910575e-16
-18.68,167975858794438.66,1.7360046863599435e-08,1.7359879435191723e-08,1.0000000001736005,2.099700000807138,1.9593195654529307e+24,8.46457081230117e+28,0.0,0.0,0.0
-18.659999999999997,161389468894164.8,1.7710739622566435e-08,1.771056536126659e-08,1.0000000001771074,2.099700000823443,1.845217676701255e+24,7.813783681982315e+28,-17592186044416.0,17592186044416.0,-2.251376712279604e-16
-18.64,155061334288693.53,1.806851670438296e-08,1.8068335331503924e-08,1.0000000001806852,2.0997000008400777,1.737760564659989e+24,7.213031443967144e+28,8796093022208.0,8796093022208.0,1.219443056713588e-16
-18.619999999999997,148981328657863.78,1.843352121611786e-08,1.8433332441494222e-08,1.0000000001843352,2.099700000857048,1.6365612676580998e+24,6.658467232926786e+28,-8796093022208.0,8796093022208.0,-1.32100625019902e-16
-18.6,143139722739923.25,1.8805899155557046e-08,1.8805702676935808e-08,1.000000000188059,2.0997000008743614,1.5412553589180956e+24,6.146539944594605e+28,0.0,0.0,0.0
-18.58,137527168762633.98,1.9185799469588656e-08,1.9185594972193878e-08,1.000000000191858,2.0997000008920246,1.4514996342257107e+24,5.673971496573616e+28,0.0,0.0,0.0
-18.560000000000002,132134685484876.8,1.9573374113781558e-08,1.9573161270625208e-08,1.0000000001957337,2.0997000009100444,1.3669708760243004e+24,5.237735837419032e+28,8796093022208.0,8796093022208.0,1.679325520859877e-16
-18.54,126953643824750.12,1.9968778113148617e-08,1.996855658380372e-08,1.0000000001996878,2.0997000009284283,1.287364689482265e+24,4.835039569576542e+28,-8796093022208.0,8796093022208.0,-1.8191906600666e-16
-18.519999999999996,121975753051228.84,2.037216962413792e-08,2.0371939054068425e-08,1.0000000002037217,2.0997000009471836,1.2123944063430852e+24,4.463304062102254e+28,0.0,0.0,0.0
-18.5,117193047517235.64,2.07837099978799e-08,2.0783470018194465e-08,1.000000000207837,2.0997000009663176,1.1417900526098611e+24,4.120148938620528e+28,0.0,0.0,0.0
-18.479999999999997,112597873912917.9,2.1203563844720483e-08,2.120331407142311e-08,1.0000000002120357,2.0997000009858384,1.0752973763472506e+24,3.8033768347881097e+28,0.0,0.0,0.0
-18.46,108182879018746.56,2.1631899100044132e-08,2.163163913361023e-08,1.000000000216319,2.099700001005753,1.012676932100047e+24,3.510959327661223e+28,0.0,0.0,0.0
-18.439999999999998,103940997938798.34,2.206888709142856e-08,2.2068616515732008e-08,1.0000000002206888,2.099700001026071,9.537032186307197e+23,3.2410239468626673e+28,8796093022208.0,8796093022208.0,2.7139059569855383e-16
-18.42,99865442795442.77,2.2514702607165354e-08,2.2514420989230185e-08,1.000000000225147,2.0997000010467985,8.981638668715672e+23,2.9918421843795067e+28,0.0,0.0,0.0
-18.4,95949691867292.67,2.29695239661517e-08,2.2969230855486246e-08,1.0000000002296952,2.0997000010679447,8.458588751665187e+23,2.7618184262097867e+28,4398046511104.0,4398046511104.0,1.5923971594369128e-16
-18.380000000000003,92187479153084.55,2.3433533089200662e-08,2.3433228016605736e-08,1.0000000002343354,2.099700001089519,7.965998890493034e+23,2.549479734986108e+28,4398046511104.0,4398046511104.0,1.7250221821747763e-16
-18.36,88572784344742.95,2.3906915571788575e-08,2.3906598049037713e-08,1.0000000002390692,2.099700001111528,7.502095229637745e+23,2.353466418147115e+28,0.0,0.0,0.0
-18.339999999999996,85099823193626.61,2.4389860758281282e-08,2.4389530277316633e-08,1.0000000002438987,2.099700001133982,7.065207214844341e+23,2.17252332126358e+28,4398046511104.0,4398046511104.0,2.0243297022275105e-16
-18.32,81763038254505.95,2.488256181764501e-08,2.4882217849853872e-08,1.0000000002488256,2.09970000115689,6.653761577364029e+23,2.005491790764627e+28,-4398046511104.0,4398046511104.0,-2.1929287465080437e-16
-18.299999999999997,78557089992475.3,2.5385215820682217e-08,2.5384857815675823e-08,1.000000000253852,2.09970000118026,6.266276668486972e+23,1.851302254599011e+28,2199023255552.0,2199023255552.0,1.187784879644898e-16
-18.28,75476848238579.06,2.589802381884879e-08,2.589765120358089e-08,1.0000000002589802,2.0997000012041025,5.901357124007563e+23,1.7089673733228076e+28,4398046511104.0,4398046511104.0,2.573422239019332e-16
-18.259999999999998,72517383980450.73,2.6421190924644885e-08,2.6420803102830186e-08,1.000000000264212,2.099700001228427,5.557688839405014e+23,1.577575717755696e+28,0.0,0.0,0.0
-18.240000000000002,69673961474863.05,2.6954926393640988e-08,2.695452274489981e-08,1.0000000002695493,2.0997000012532423,5.2340342376487094e+23,1.4562859327229359e+28,-2199023255552.0,2199023255552.0,-1.5099673586985243e-16
-18.22,66942030669532.23,2.749944370815119e-08,2.749902358683769e-08,1.0000000002749945,2.0997000012785594,4.9292278125831794e+23,1.3443213495094339e+28,-2199023255552.0,2199023255552.0,-1.6357269247028785e-16
-18.199999999999996,64317219922083.07,2.8054960662588402e-08,2.805452339618156e-08,1.0000000002805496,2.099700001304387,4.642171931847861e+23,1.2409650125286846e+28,0.0,0.0,0.0
-18.18,61795329004497.11,2.8621699450560968e-08,2.8621244339488175e-08,1.000000000286217,2.099700001330737,4.3718328842146435e+23,1.1455550883591434e+28,0.0,0.0,0.0
-18.159999999999997,59372322381860.9,2.9199886753729125e-08,2.9199413069702895e-08,1.0000000002919989,2.0997000013576193,4.1172371571106464e+23,1.0574806277506989e+28,-2199023255552.0,2199023255552.0,-2.0794117485783747e-16
-18.14,57044322754666.75,2.9789753832429356e-08,2.978926081741258e-08,1.0000000002978975,2.099700001385045,3.8774679309220925e+23,9.761776534638868e+27,-2199023255552.0,2199023255552.0,-2.2525980839460295e-16
-18.119999999999997,54807604854310.68,3.039153661815415e-08,3.039102348327553e-08,1.0000000003039153,2.099700001413024,3.651661777452692e+23,9.011255488898513e+27,1099511627776.0,1099511627776.0,1.2201042075119345e-16
-18.1,52658589481885.46,3.1005475807898345e-08,3.100494173209683e-08,1.0000000003100546,2.0997000014415685,3.439005550650204e+23,8.318437243268647e+27,0.0,0.0,0.0
-18.08,50593837780703.17,3.163181696039053e-08,3.1631261089126184e-08,1.000000000316318,2.0997000014706897,3.238733458401702e+23,7.678885395652574e+27,-1099511627776.0,1099511627776.0,-1.4318031834538186e-16
-18.060000000000002,48610045733407.55,3.2270810594287114e-08,3.227023203816468e-08,1.000000000322708,2.099700001500399,3.050124304855415e+23,7.088504630756614e+27,0.0,0.0,0.0
-18.04,46704038874845.73,3.2922712288334155e-08,3.292211012163997e-08,1.000000000329227,2.0997000015307083,2.8724988933361143e+23,6.543514496088712e+27,-1099511627776.0,1099511627776.0,-1.6802337088708139e-16
-18.019999999999996,44872767212261.95,3.358778278356737e-08,3.358715604268831e-08,1.0000000003358778,2.0997000015616303,2.705217580503931e+23,6.040425194157326e+27,0.0,0.0,0.0
-18.0,43113300344666.12,3.4266288087553875e-08,3.426563576958759e-08,1.0000000003426628,2.0997000015931766,2.5476779729472245e+23,5.576015235852383e+27,-1099511627776.0,1099511627776.0,-1.971768990842208e-16
-17.979999999999997,41422822773575.06,3.495849958076777e-08,3.495782064185376e-08,1.000000000349585,2.0997000016253606,2.3993127579154846e+23,5.147310811916203e+27,-1099511627776.0,1099511627776.0,-2.135989876797588e-16
-17.96,39798629397628.12,3.5664694125082286e-08,3.566398747883668e-08,1.000000000356647,2.0997000016581944,2.2595876603810406e+23,4.751566750412589e+27,549755813888.0,549755813888.0,1.1569440157313346e-16
-17.939999999999998,38238121183852.38,3.638515417448271e-08,3.638441869032299e-08,1.0000000003638516,2.0997000016916916,2.1279995190714546e+23,4.3862489382530337e+27,549755813888.0,549755813888.0,1.253301286318697e-16
-17.92,36738801008669.32,3.7120167887985436e-08,3.711940238909327e-08,1.0000000003712017,2.099700001725865,2.0040744745458582e+23,4.049018094222465e+27,-1099511627776.0,1099511627776.0,-2.715367489609552e-16
-17.9,35298269661968.805,3.787002924485729e-08,3.7869232506685674e-08,1.0000000003787002,2.099700001760729,1.8873662627887605e+23,3.7377147895919744e+27,0.0,0.0,0.0
-17.880000000000003,33914222007874.15,3.863503816214608e-08,3.86342089096747e-08,1.0000000003863503,2.0997000017962972,1.777454608177925e+23,3.450345620403492e+27,0.0,0.0,0.0
-17.86,32584443296037.48,3.9415500614593256e-08,3.941463752072633e-08,1.000000000394155,2.099700001832584,1.6739437100378414e+23,3.1850704428779614e+27,-549755813888.0,549755813888.0,-1.7259490247761673e-16
-17.839999999999996,31306805617578.684,4.021172875696529e-08,4.0210830440566606e-08,1.0000000004021172,2.0997000018696044,1.5764608173300597e+23,2.940190590213531e+27,-549755813888.0,549755813888.0,-1.8696962730532663e-16
-17.82,30079264499983.883,4.102404104886704e-08,4.102310607266254e-08,1.0000000004102405,2.099700001907372,1.484654886346705e+23,2.714137995318324e+27,549755813888.0,549755813888.0,2.02541559937103e-16
-17.799999999999997,28899855635520.207,4.18527623820513e-08,4.1851789250120834e-08,1.0000000004185277,2.0997000019459025,1.3981953165738671e+23,2.505465149827368e+27,0.0,0.0,0.0
-17.78,27766691737935.324,4.2698224210304584e-08,4.269721136550825e-08,1.0000000004269822,2.099700001985211,1.3167707601728846e+23,2.3128358351077217e+27,0.0,0.0,0.0
-17.759999999999998,26677959522401.25,4.356076468197236e-08,4.3559710503558627e-08,1.0000000004356076,2.099700002025314,1.2400880007915818e+23,2.135016565896697e+27,0.0,0.0,0.0
-17.740000000000002,25631916803882.66,4.4440728775129485e-08,4.4439631576124015e-08,1.0000000004444072,2.099700002066227,1.1678708976689215e+23,1.9708686917855324e+27,274877906944.0,274877906944.0,1.3946216747413742e-16
-17.72,24626889709273.574,4.5338468435516173e-08,4.533732646059456e-08,1.0000000004533847,2.0997000021079666,1.0998593912297793e+23,1.8193411059688465e+27,0.0,0.0,0.0
-17.699999999999996,23661269998853.27,4.625434271723565e-08,4.62531541390632e-08,1.0000000004625433,2.0997000021505494,1.0358085665897591e+23,1.6794635145729615e+27,274877906944.0,274877906944.0,1.6365997386587779e-16
-17.68,22733512492765.656,4.7188717926273454e-08,4.7187480843093025e-08,1.0000000004718872,2.0997000021939924,9.754877715969854e+22,1.5503402234622753e+27,0.0,0.0,0.0
-17.659999999999997,21842132598408.023,4.814196776696414e-08,4.81406801994866e-08,1.0000000004814196,2.099700002238312,9.186797862351644e+22,1.4311444027387185e+27,-274877906944.0,274877906944.0,-1.9205627510140584e-16
-17.64,20985703934775.324,4.911447349136677e-08,4.911313337935905e-08,1.0000000004911447,2.0997000022835284,8.651800403970472e+22,1.3211127922078708e+27,274877906944.0,274877906944.0,2.0805180930643356e-16
-17.619999999999997,20162856049950.54,5.010662405167455e-08,5.010522925096772e-08,1.0000000005010663,2.0997000023296573,8.147958772109191e+22,1.2195408139075611e+27,-137438953472.0,137438953472.0,-1.1268976813970615e-16
-17.6,19372272228098.34,5.111881625570137e-08,5.111736453438604e-08,1.0000000005111882,2.0997000023767183,7.67345859267919e+22,1.1257780604037498e+27,137438953472.0,137438953472.0,1.2207520373287588e-16
-17.58,18612687382443.004,5.215145492551824e-08,5.214994396067545e-08,1.0000000005215146,2.09970000242473,7.226591152512497e+22,1.03922412996213e+27,0.0,0.0,0.0
-17.560000000000002,17882886030868.348,5.3204953059252516e-08,5.320338043326022e-08,1.0000000005320495,2.0997000024737114,6.805747246150071e+22,9.59324781927487e+26,-274877906944.0,274877906944.0,-2.8651236037567486e-16
-17.54,17181700350891.133,5.42797319962027e-08,5.427809519262792e-08,1.0000000005427974,2.099700002523682,6.409411380962746e+22,8.85568387691047e+26,0.0,0.0,0.0
-17.519999999999996,16508008310903.93,5.537622158525299e-08,5.537451798542466e-08,1.0000000005537621,2.0997000025746617,6.036156319741899e+22,8.174826545208528e+26,0.0,0.0,0.0
-17.5,15860731874690.377,5.6494860356695195e-08,5.649308723472429e-08,1.0000000005649485,2.0997000026266717,5.684637941103414e+22,7.5463160127575e+26,0.0,0.0,0.0
-17.479999999999997,15238835276342.527,5.763609569751418e-08,5.763425021618612e-08,1.000000000576361,2.099700002679733,5.35359039919853e+22,6.966127666375581e+26,0.0,0.0,0.0
-17.46,14641323362821.768,5.880038403022231e-08,5.8798463236878574e-08,1.0000000005880039,2.099700002733865,5.041821565302375e+22,6.43054631984759e+26,0.0,0.0,0.0
-17.439999999999998,14067240001505.582,5.998819099529687e-08,5.998619181672089e-08,1.000000000599882,2.099700002789091,4.748208734861953e+22,5.9361424240476606e+26,0.0,0.0,0.0
-17.42,13515666550178.615,6.119999163728015e-08,6.119791087459535e-08,1.000000000612,2.0997000028454327,4.471694584547977e+22,5.479750106117671e+26,0.0,0.0,0.0
-17.4,12985720387012.986,6.243627059467599e-08,6.243410491848167e-08,1.0000000006243628,2.099700002902912,4.211283364747996e+22,5.058446897071061e+26,0.0,0.0,0.0
-17.380000000000003,12476553498191.96,6.369752229364417e-08,6.369526823887485e-08,1.0000000006369751,2.0997000029615522,3.966037313793049e+22,4.669535018015127e+26,-68719476736.0,68719476736.0,-1.471530684003883e-16
-17.36,11987351120910.668,6.498425114561482e-08,6.498190510600823e-08,1.0000000006498424,2.0997000030213777,3.735073281002003e+22,4.310524105154523e+26,68719476736.0,68719476736.0,1.5940874247863382e-16
-17.339999999999996,11517330439588.203,6.629697174889344e-08,6.629452997069344e-08,1.0000000006629697,2.0997000030824116,3.517559546385808e+22,3.979115262961717e+26,0.0,0.0,0.0
-17.32,11065739333200.164,6.76362090943245e-08,6.763366767067512e-08,1.000000000676362,2.0997000031446778,3.3127128255568917e+22,3.6731863433965755e+26,-68719476736.0,68719476736.0,-1.8706723076922663e-16
-17.299999999999997,10631855171729.031,6.90024987751139e-08,6.89998536398058e-08,1.000000000690025,2.099700003208202,3.1197954490591154e+22,3.3907783569134916e+26,0.0,0.0,0.0
-17.28,10214983659807.906,7.039638720088366e-08,7.03936341216114e-08,1.0000000007039638,2.0997000032730098,2.9381127059614546e+22,3.1300829282409116e+26,0.0,0.0,0.0
-17.259999999999998,9814457725703.33,7.181843181603833e-08,7.18155663877263e-08,1.0000000007181844,2.099700003339126,2.7670103421477183e+22,2.8894307166048966e+26,-68719476736.0,68719476736.0,-2.378077320787852e-16
-17.240000000000002,9429636453864.016,7.326920132255419e-08,7.326621896059815e-08,1.000000000732692,2.099700003406578,2.605872204295569e+22,2.6672807262496735e+26,-34359738368.0,34359738368.0,-1.288067712184848e-16
-17.22,9059904059322.648,7.474927590723975e-08,7.474617184011471e-08,1.0000000007474927,2.0997000034753928,2.454118021058552e+22,2.4622104388030602e+26,34359738368.0,34359738368.0,1.3953443412825389e-16
-17.199999999999996,8704668902314.003,7.62592474736057e-08,7.625601673478647e-08,1.0000000007625924,2.0997000035455975,2.311201313462885e+22,2.2729067043028877e+26,34359738368.0,34359738368.0,1.5115554366595374e-16
-17.18,8363362541529.047,7.779971987838628e-08,7.779635729878739e-08,1.0000000007779972,2.09970000361722,2.1766074269927026e+22,2.0981573325538048e+26,0.0,0.0,0.0
-17.159999999999997,8035438824491.517,7.937130917285804e-08,7.936780937238622e-08,1.000000000793713,2.0997000036902898,2.0498516782777752e+22,1.9368433309713736e+26,34359738368.0,34359738368.0,1.7738193767145463e-16
-17.14,7720373013602.482,8.097464384901275e-08,8.097100122813744e-08,1.0000000008097465,2.099700003764835,1.9304776097101815e+22,1.7879317392096444e+26,-34359738368.0,34359738368.0,-1.9215514833397723e-16
-17.119999999999997,7417660946451.436,8.261036509069294e-08,8.260657382133006e-08,1.0000000008261036,2.099700003840886,1.8180553457035272e+22,1.6504690146878897e+26,0.0,0.0,0.0
-17.1,7126818229053.799,8.427912702980633e-08,8.427518104599075e-08,1.0000000008427912,2.0997000039184734,1.7121800446768528e+22,1.5235749266630595e+26,17179869184.0,17179869184.0,1.1274758098074498e-16
-17.08,6847379460720.32,8.598159700770644e-08,8.597748999600727e-08,1.000000000859816,2.0997000039976284,1.6124704411873394e+22,1.4064369197474725e+26,0.0,0.0,0.0
-17.060000000000002,6578897489321.388,8.771845584182875e-08,8.771418123125236e-08,1.0000000008771845,2.099700004078382,1.5185674729632005e+22,1.2983049107805816e+26,-17179869184.0,17179869184.0,-1.32309905217011e-16
-17.04,6320942695751.229,8.949039809772491e-08,8.948594904911367e-08,1.000000000894904,2.0997000041607667,1.4301329878913865e+22,1.1984864857355825e+26,0.0,0.0,0.0
-17.019999999999996,6073102306450.1045,9.129813236657961e-08,9.129350176182796e-08,1.0000000009129812,2.0997000042448155,1.346848526304967e+22,1.1063424659059762e+26,-17179869184.0,17179869184.0,-1.5526637104274035e-16
-17.0,5834979732881.8955,9.314238154831687e-08,9.313756197882261e-08,1.0000000009314238,2.099700004330562,1.268414174184245e+22,1.0212828149795222e+26,0.0,0.0,0.0
-16.979999999999997,5606193936911.187,9.502388314042068e-08,9.501886689519125e-08,1.0000000009502388,2.0997000044180405,1.1945474831422641e+22,9.427628607913432e+25,17179869184.0,17179869184.0,1.8220586918280593e-16
-16.96,5386378821065.055,9.694338953258276e-08,9.69381685862072e-08,1.0000000009694339,2.0997000045072856,1.124982453305726e+22,8.702798075627311e+25,0.0,0.0,0.0
-16.939999999999998,5175182642701.805,9.890166830729307e-08,9.889623430687108e-08,1.0000000009890166,2.0997000045983345,1.0594685754279211e+22,8.033695162913627e+25,0.0,0.0,0.0
-16.92,4972267451151.693,1.0089950254648748e-07,1.0089384679825883e-07,1.000000001008995,2.0997000046912215,9.977699287850564e+21,7.416035326772935e+25,0.0,0.0,0.0
-16.9,4777308546926.472,1.0293769114437674e-07,1.0293180459952802e-07,1.0000000010293768,2.099700004785985,9.396643316066388e+21,6.8458634355247665e+25,0.0,0.0,0.0
-16.880000000000003,4589993962134.754,1.0501704912658959e-07,1.0501092236711935e-07,1.0000000010501704,2.0997000048826626,8.849425409812917e+21,6.319528442463585e+25,17179869184.0,17179869184.0,2.7181559397301325e-16
-16.86,4410023961269.451,1.0713840797576878e-07,1.0713203119966044e-07,1.000000001071384,2.099700004981293,8.334074993560982e+21,5.833660006693339e+25,0.0,0.0,0.0
-16.839999999999996,4237110561570.616,1.0930261596368668e-07,1.0929597896881759e-07,1.0000000010930261,2.099700005081916,7.848736249167035e+21,5.385146911440525e+25,0.0,0.0,0.0
-16.82,4070977072194.415,1.1151053849010841e-07,1.1150363065808104e-07,1.0000000011151053,2.099700005184571,7.391661432922667e+21,4.971117141644333e+25,0.0,0.0,0.0
-16.799999999999997,3911357651451.59,1.1376305842845334e-07,1.1375586870766373e-07,1.0000000011376307,2.0997000052892996,6.961204581789029e+21,4.588919493254635e+25,0.0,0.0,0.0
-16.78,3757996881407.373,1.1606107647843958e-07,1.1605359336642782e-07,1.0000000011606107,2.099700005396144,6.555815586153159e+21,4.236106596475698e+25,0.0,0.0,0.0
-16.759999999999998,3610649359160.727,1.1840551152583118e-07,1.183977230507986e-07,1.000000001184055,2.099700005505146,6.17403460775782e+21,3.910419244242925e+25,-8589934592.0,8589934592.0,-2.1963319103755867e-16
-16.740000000000002,3469079304150.602,1.2079730100944418e-07,1.20789194711006e-07,1.000000001207973,2.0997000056163495,5.814486822708122e+21,3.6097719255855754e+25,0.0,0.0,0.0
-16.72,3333060180859.082,1.2323740129554439e-07,1.2322896420500966e-07,1.000000001232374,2.0997000057297996,5.475877470619423e+21,3.332239471235566e+25,-4294967296.0,4294967296.0,-1.2887013841535646e-16
-16.699999999999996,3202374336309.29,1.2572678805980386e-07,1.2571800667902688e-07,1.0000000012572678,2.0997000058455413,5.156987192082349e+21,3.076044725972272e+25,-8589934592.0,8589934592.0,-2.792057819849713e-16
-16.68,3076812651776.6904,1.282664566769405e-07,1.2825731695746806e-07,1.0000000012826646,2.0997000059636206,4.856667637651436e+21,2.8395471687614493e+25,4294967296.0,4294967296.0,1.5122949433103016e-16
-16.659999999999997,2956174208156.989,1.3085742261823496e-07,1.3084790993820865e-07,1.0000000013085741,2.0997000060840847,4.573837332546476e+21,2.6212324078195525e+25,-4294967296.0,4294967296.0,-1.6382438951544008e-16
-16.64,2840265964455.563,1.335007218570222e-07,1.334908209979323e-07,1.0000000013350072,2.0997000062069824,4.3074777821759086e+21,2.4197024833366677e+25,4294967296.0,4294967296.0,1.77468217070902e-16
-16.619999999999997,2728902448882.843,1.3619741128239998e-07,1.3618710640495315e-07,1.000000001361974,2.0997000063323625,4.05662980445537e+21,2.233666915760386e+25,-4294967296.0,4294967296.0,-1.9224833323994916e-16
-16.6,2621905462062.662,1.389485691212374e-07,1.3893784373959646e-07,1.0000000013894856,2.099700006460275,3.820390075716919e+21,2.0619344423214658e+25,-4294967296.0,4294967296.0,-2.082593692521991e-16
-16.58,2519103791877.322,1.4175529536872546e-07,1.417441323247726e-07,1.000000001417553,2.099700006590771,3.5979078777674033e+21,1.903405388884533e+25,-2147483648.0,2147483648.0,-1.1280191858376362e-16
-16.560000000000002,2420332939494.3354,1.4461871222755402e-07,1.4460709366283492e-07,1.0000000014461872,2.0997000067239022,3.388382034384753e+21,1.7570646282797518e+25,2147483648.0,2147483648.0,1.2219639308538605e-16
-16.54,2325434856135.2197,1.4753996455599122e-07,1.475278718834121e-07,1.0000000014753996,2.099700006859723,3.191058026217575e+21,1.6219750800227765e+25,4294967296.0,4294967296.0,2.647465135193581e-16
-16.519999999999996,2234257690166.24,1.5052022032495657e-07,1.5050763419903798e-07,1.0000000015052022,2.099700006998287,3.005225273701039e+21,1.497271709800778e+25,-2147483648.0,2147483648.0,-1.4339766734733656e-16
-16.5,2146655544105.5105,1.5356067108432097e-07,1.5354757137073361e-07,1.0000000015356068,2.0997000071396497,2.8302145782026894e+21,1.3821559902993874e+25,0.0,0.0,0.0
-16.479999999999997,2062488241157.9795,1.566625324385977e-07,1.5664889818135562e-07,1.0000000015666253,2.099700007283868,2.665395712184372e+21,1.275890787901557e+25,2147483648.0,2147483648.0,1.6827734337840197e-16
-16.46,1981621100905.0,1.5982704453220604e-07,1.59812853920183e-07,1.0000000015982704,2.0997000074309984,2.5101751497028015e+21,1.17779564251607e+25,-2147483648.0,2147483648.0,-1.8229190072517299e-16
-16.439999999999998,1903924723788.776,1.630554725445218e-07,1.6304070287677832e-07,1.0000000016305548,2.0997000075811014,2.363993929074608e+21,1.0872424103095212e+25,0.0,0.0,0.0
-16.42,1829274784047.7405,1.6634910719490116e-07,1.6633373484437422e-07,1.0000000016634911,2.0997000077342354,2.2263256400109707e+21,1.0036512414415408e+25,2147483648.0,2147483648.0,2.1391966696287829e-16
-16.4,1757551830770.5986,1.697092652578786e-07,1.696932656336686e-07,1.0000000016970927,2.099700007890463,2.0966745279715662e+21,9.264868670459148e+24,0.0,0.0,0.0
-16.380000000000003,1688641096751.5671,1.7313729008872068e-07,1.7312063759641235e-07,1.0000000017313728,2.099700008049845,1.9745737089131403e+21,8.552551716826392e+24,1073741824.0,1073741824.0,1.2551739132393384e-16
-16.36,1622432314840.0823,1.766345521596054e-07,1.7661722016047704e-07,1.0000000017663455,2.099700008212447,1.8595834880022864e+21,7.895000293119429e+24,1073741824.0,1073741824.0,1.359707327694524e-16
-16.339999999999996,1558819541491.8997,1.802024496065534e-07,1.8018441037532694e-07,1.0000000018020245,2.099700008378333,1.751289776239427e+21,7.288003825305735e+24,0.0,0.0,0.0
-16.32,1497700987238.5955,1.838424087874136e-07,1.8382363346752151e-07,1.000000001838424,2.0997000085475688,1.649302599291007e+21,6.727675463668162e+24,0.0,0.0,0.0
-16.299999999999997,1438978853804.4565,1.8755588485106617e-07,1.8753634340886698e-07,1.0000000018755588,2.099700008720223,1.5532546931605698e+21,6.210427193696292e+24,1073741824.0,1073741824.0,1.728501615420221e-16
-16.28,1382559177610.3037,1.9134436231808232e-07,1.9132402349446626e-07,1.0000000019134436,2.099700008896365,1.4628001816419267e+21,5.73294686054522e+24,-1073741824.0,1073741824.0,-1.8724539883394003e-16
-16.259999999999998,1328351679413.2986,1.9520935567308677e-07,1.951881869335842e-07,1.0000000019520936,2.099700009076064,1.3776133307909504e+21,5.292176959935171e+24,1073741824.0,1073741824.0,2.0283947376734678e-16
-16.240000000000002,1276269619842.7622,1.9915240996903527e-07,1.9913037745202742e-07,1.000000001991524,2.0997000092593923,1.2973873759317983e+21,4.885295059686967e+24,1073741824.0,1073741824.0,2.1973222355495916e-16
-16.22,1226229660600.201,2.0317510144368162e-07,2.031521699060846e-07,1.000000002031751,2.099700009446423,1.2218334169724908e+21,4.5096957265188583e+24,-536870912.0,536870912.0,-1.190158997291977e-16
-16.199999999999996,1178151731102.0247,2.0727903814841046e-07,2.072551709093959e-07,1.0000000020727904,2.099700009637232,1.1506793780527361e+21,4.162973842379461e+24,1073741824.0,1073741824.0,2.5785535912523945e-16
-16.18,1131958900351.0796,2.1146586058977514e-07,2.1144101947205632e-07,1.0000000021146587,2.099700009831894,1.0836690277768613e+21,3.842909203480524e+24,-1073741824.0,1073741824.0,-2.793298165767297e-16
-16.159999999999997,1087577253832.1764,2.15737242383921e-07,2.157113876528155e-07,1.0000000021573725,2.0997000100304875,1.0205610565039624e+21,3.5474523034124735e+24,0.0,0.0,0.0
-16.14,1044935775234.7548,2.2009489092418098e-07,2.2006798122400802e-07,1.000000002200949,2.099700010233092,9.611282073727137e+20,3.27471120930703e+24,0.0,0.0,0.0
-16.119999999999997,1003966232813.0277,2.2454054806212013e-07,2.245125403502128e-07,1.0000000022454054,2.099700010439788,9.051564579310203e+20,3.0229394470068297e+24,0.0,0.0,0.0
-16.1,964603070202.2393,2.2907599080226071e-07,2.290468402797149e-07,1.0000000022907598,2.0997000106506594,8.524442494241881e+20,2.790524817669026e+24,536870912.0,536870912.0,1.923319070210598e-16
-16.08,926783301515.836,2.337030320108122e-07,2.336726920513664e-07,1.0000000023370303,2.0997000108657886,8.02801760965538e+20,2.575979074187832e+24,0.0,0.0,0.0
-16.060000000000002,890446410556.1519,2.384235211386422e-07,2.3839194321376132e-07,1.0000000023842353,2.0997000110852633,7.560502259763324e+20,2.377928391332738e+24,536870912.0,536870912.0,2.257007708211169e-16
-16.04,855534253976.8724,2.432393449588139e-07,2.432064785606394e-07,1.0000000024323934,2.0997000113091704,7.120212884328599e+20,2.1951045685760998e+24,0.0,0.0,0.0
-16.019999999999996,821990968242.7427,2.481524283189332e-07,2.481182208789985e-07,1.0000000024815243,2.099700011537599,6.705563966030217e+20,2.0263369092805566e+24,536870912.0,536870912.0,2.648588725452218e-16
-16.0,789762880237.2948,2.53164734908631e-07,2.5312913171398113e-07,1.0000000025316473,2.099700011770641,6.315062320887869e+20,1.8705447242434847e+24,0.0,0.0,0.0
-15.979999999999997,758798421375.6996,2.582782680425294e-07,2.582412121487804e-07,1.0000000025827827,2.0997000120083897,5.947301721186371e+20,1.7267304115964213e+24,-268435456.0,268435456.0,-1.554052850323012e-16
-15.96,729048045085.399,2.63495071458873e-07,2.6345650359843383e-07,1.0000000026349507,2.0997000122509397,5.6009578315379494e+20,1.5939730687476057e+24,-268435456.0,268435456.0,-1.6834736458993338e-16
-15.939999999999998,700464147522.2,2.688172301343e-07,2.6877708862203614e-07,1.0000000026881724,2.0997000124983884,5.2747834398433326e+20,1.471422595460965e+24,268435456.0,268435456.0,1.8236722887353226e-16
-15.920000000000002,673000991395.2928,2.7424687111493114e-07,2.742050917493396e-07,1.0000000027424687,2.0997000127508336,4.9676039659820345e+20,1.3582942503126885e+24,0.0,0.0,0.0
-15.899999999999999,646614632778.9658,2.7978616436422396e-07,2.797426803250883e-07,1.0000000027978617,2.099700013008378,4.678313232054291e+20,1.2538636256666078e+24,268435456.0,268435456.0,2.140067958147206e-16
-15.880000000000003,621262850794.2194,2.854373236278254e-07,2.853920653693338e-07,1.0000000028543732,2.099700013271123,4.405869478946681e+20,1.1574620089924779e+24,-134217728.0,134217728.0,-1.1591452378686238e-16
-15.86,596905080047.4467,2.912026073158433e-07,2.911555024553083e-07,1.0000000029120262,2.099700013539174,4.1492916148732586e+20,1.0684721008224583e+24,0.0,0.0,0.0
-15.839999999999996,573502345718.3606,2.970843194028288e-07,2.970352926050878e-07,1.0000000029708431,2.0997000138126385,3.907655682386112e+20,9.863240619272685e+23,134217728.0,134217728.0,1.3602484148401135e-16
-15.82,551017201193.0607,3.030848103458568e-07,3.0303378320283924e-07,1.000000003030848,2.099700014091625,3.68009153113024e+20,9.104918643995404e+23,-134217728.0,134217728.0,-1.4735277279973555e-16
-15.799999999999997,529413668142.5418,3.0920647802106e-07,3.0915336892651066e-07,1.0000000030920648,2.0997000143762463,3.465779684362181e+20,8.404899232792495e+23,-134217728.0,134217728.0,-1.5962405033658666e-16
-15.780000000000001,508657178950.82635,3.154517686789673e-07,3.1539649269819275e-07,1.0000000031545178,2.0997000146666145,3.2639483879491535e+20,7.758699871523369e+23,0.0,0.0,0.0
-15.759999999999998,488714521400.401,3.2182317791905255e-07,3.2176564665294015e-07,1.0000000032182317,2.099700014962847,3.073870831219966e+20,7.162182678111023e+23,-134217728.0,134217728.0,-1.8731740738552288e-16
-15.740000000000002,469553785526.6791,3.283232516838396e-07,3.2826337312774497e-07,1.0000000032832326,2.099700015265061,2.894862529662133e+20,6.611527905971603e+23,0.0,0.0,0.0
-15.719999999999999,451144312556.21063,3.3495458727300463e-07,3.348922656697883e-07,1.000000003349546,2.099700015573379,2.726278860037751e+20,6.103209484593715e+23,0.0,0.0,0.0
-15.699999999999996,433456645847.1477,3.4171983437780994e-07,3.4165497006440205e-07,1.0000000034171983,2.0997000158879224,2.567512739044026e+20,5.6339724406503424e+23,67108864.0,67108864.0,1.190603890949905e-16
-15.68,416462483753.28955,3.486216961363435e-07,3.485541853850806e-07,1.0000000034862169,2.099700016208817,2.417992437157443e+20,5.2008120550562236e+23,-134217728.0,134217728.0,-2.5795078590587865e-16
-15.659999999999997,400134634336.351,3.556629302099356e-07,3.5559266506226815e-07,1.0000000035566292,2.0997000165361923,2.277179519789799e+20,4.800954622507012e+23,-67108864.0,67108864.0,-1.3971606361300807e-16
-15.64,384446971854.04004,3.6284634988117254e-07,3.6277321797556044e-07,1.0000000036284635,2.0997000168701785,2.144566908342469e+20,4.431839690296774e+23,-67108864.0,67108864.0,-1.5135115532029626e-16
-15.619999999999997,369374394954.17053,3.7017482517398757e-07,3.7009870956647614e-07,1.0000000037017482,2.099700017210908,2.0196770541753405e+20,4.091103662677986e+23,0.0,0.0,0.0
-15.600000000000001,354892786508.0898,3.776512839961905e-07,3.7757206297311526e-07,1.0000000037765129,2.099700017558519,1.9020602189162716e+20,3.776564665780346e+23,0.0,0.0,0.0
-15.579999999999998,340978975018.96844,3.8527871330496485e-07,3.8519626018885824e-07,1.0000000038527872,2.0997000179131486,1.79129285491682e+20,3.4862085761679757e+23,0.0,0.0,0.0
-15.560000000000002,327610697543.3701,3.9306016029572514e-07,3.929743432429502e-07,1.0000000039306016,2.0997000182749392,1.686976080023556e+20,3.218176123573989e+23,0.0,0.0,0.0
-15.54,314766564066.6017,4.009987336148552e-07,4.009094154048544e-07,1.0000000040099875,2.0997000186440355,1.5887342411711536e+20,2.97075098522229e+23,-67108864.0,67108864.0,-2.257779067465204e-16
-15.519999999999996,302426023274.99304,4.0909760459673516e-07,4.090046424126115e-07,1.000000004090976,2.099700019020584,1.4962135616258628e+20,2.7423487955028647e+23,67108864.0,67108864.0,2.4457964563705674e-16
-15.5,290569329670.2109,4.173600085256212e-07,4.172632537263012e-07,1.0000000041736001,2.0997000194047364,1.4090808670070253e+20,2.5315070006224358e+23,0.0,0.0,0.0
-15.479999999999997,279177511973.0381,4.257892459228223e-07,4.256885438056103e-07,1.0000000042578925,2.099700019796645,1.3270223854993474e+20,2.336875493266745e+23,-67108864.0,67108864.0,-2.8701048583586825e-16
-15.46,268232342766.09174,4.343886838596701e-07,4.342838734130805e-07,1.0000000043438868,2.099700020196468,1.2497426179356649e+20,2.157207967304899e+23,0.0,0.0,0.0
-15.439999999999998,257716309326.80295,4.431617572968353e-07,4.430526709434122e-07,1.0000000044316175,2.099700020604363,1.1769632736805283e+20,1.991353937174615e+23,33554432.0,33554432.0,1.6840106214890145e-16
-15.420000000000002,247612585604.10916,4.521119704504687e-07,4.5199843377902965e-07,1.0000000045211197,2.099700021020494,1.1084222684835463e+20,1.838251370847302e+23,0.0,0.0,0.0
-15.399999999999999,237905005293.89117,4.612428981857699e-07,4.6112472967337027e-07,1.0000000046124289,2.0997000214450274,1.0438727806927923e+20,1.696919889196765e+23,0.0,0.0,0.0
-15.380000000000003,228578035970.18985,4.7055818743841466e-07,4.7043519815979766e-07,1.000000004705582,2.0997000218781325,9.830823624304519e+19,1.5664544882261576e+23,-33554432.0,33554432.0,-2.140718879629763e-16
-15.36,219616754230.69293,4.800615586645274e-07,4.799335519905193e-07,1.0000000048006157,2.099700022319982,9.258321025292072e+19,1.4460197439522598e+23,-33554432.0,33554432.0,-2.3189836960895793e-16
-15.339999999999996,211006821816.82635,4.897568073196574e-07,4.896235786034269e-07,1.0000000048975681,2.099700022770753,8.71915838215735e+19,1.334844462840132e+23,0.0,0.0,0.0
-15.32,202734462670.15256,4.996478053674056e-07,4.995091416176659e-07,1.0000000049964781,2.0997000232306253,8.211394127019708e+19,1.2322167435314337e+23,0.0,0.0,0.0
-15.299999999999997,194786440888.3981,5.097385028182643e-07,5.095941823587658e-07,1.000000005097385,2.099700023699782,7.733199760109081e+19,1.137479418245161e+23,0.0,0.0,0.0
-15.280000000000001,187150039545.86115,5.20032929299229e-07,5.198827214155736e-07,1.0000000052003293,2.099700024178411,7.2828532651930395e+19,1.0500258446604858e+23,16777216.0,16777216.0,1.5966833268794753e-16
-15.259999999999998,179813040344.2367,5.305351956549169e-07,5.303788602255915e-07,1.000000005305352,2.0997000246667037,6.858732908456981e+19,9.692960213345165e+22,0.0,0.0,0.0
-15.240000000000002,172763704061.3836,5.412494955806129e-07,5.410867826933006e-07,1.000000005412495,2.099700025164854,6.4593113985120035e+19,8.947730017814357e+22,16777216.0,16777216.0,1.8736722424736604e-16
-15.219999999999999,165990751766.66043,5.521801072881164e-07,5.520107568412963e-07,1.000000005521801,2.099700025673062,6.083150386495022e+19,8.259795842498714e+22,-16777216.0,16777216.0,-2.0296953311850872e-16
-15.199999999999996,159483346772.85266,5.633313952048449e-07,5.631551364928148e-07,1.000000005633314,2.09970002619153,5.728895286460273e+19,7.624752560026842e+22,0.0,0.0,0.0
-15.18,153231077295.7455,5.747078117069478e-07,5.745243629871675e-07,1.0000000057470781,2.0997000267204653,5.395270397406324e+19,7.038533725314238e+22,-8388608.0,8388608.0,-1.1908990004168126e-16
-15.159999999999997,147223939793.62296,5.863138988870929e-07,5.861229669301336e-07,1.000000005863139,2.0997000272600785,5.081074309374223e+19,6.497385536431114e+22,0.0,0.0,0.0
-15.14,141452322960.05118,5.981542903575616e-07,5.979555699796538e-07,1.0000000059815428,2.0997000278105857,4.7851755770747806e+19,5.997842797455758e+22,0.0,0.0,0.0
-15.119999999999997,135906992344.27869,6.102337130894707e-07,6.100268866654366e-07,1.000000006102337,2.0997000283722063,4.506508645462526e+19,5.536706729388689e+22,0.0,0.0,0.0
-15.100000000000001,130579075574.7087,6.225569892886643e-07,6.223417262446705e-07,1.0000000062255698,2.099700028945165,4.244070012587452e+19,5.1110244870476674e+22,8388608.0,8388608.0,1.6399154621944098e-16
-15.079999999999998,125460048161.73193,6.351290383091646e-07,6.349049945951166e-07,1.0000000063512904,2.09970002952969,3.996914615903281e+19,4.718070250776013e+22,0.0,0.0,0.0
-15.060000000000002,120541719857.26544,6.479548786047969e-07,6.477216961454749e-07,1.000000006479549,2.0997000301260145,3.7641524290222645e+19,4.3553277718919e+22,0.0,0.0,0.0
-15.04,115816221549.10883,6.610396297198517e-07,6.607969358435917e-07,1.0000000066103962,2.099700030734377,3.5449452566581367e+19,4.020474260105048e+22,0.0,0.0,0.0
-15.019999999999996,111275992669.20335,6.743885143194507e-07,6.741359211633602e-07,1.0000000067438852,2.0997000313550203,3.3385037162183135e+19,3.7113655097296387e+22,-8388608.0,8388608.0,-2.258217066457068e-16
-15.0,106913769095.59944,6.880068602604726e-07,6.877439641513596e-07,1.0000000068800687,2.099700031988191,3.1440843951736586e+19,3.4260221694470523e+22,-4194304.0,4194304.0,-1.2231264655950908e-16
-14.979999999999997,102722571528.79266,7.019001027038304e-07,7.016264835143005e-07,1.0000000070190012,2.0997000326341437,2.9609871739702075e+19,3.162617067699539e+22,4194304.0,4194304.0,1.3249725412844373e-16
-14.96,98695694323.8417,7.160737862688541e-07,7.157890067470535e-07,1.0000000071607378,2.099700033293135,2.7885527048430285e+19,2.9194635125548604e+22,0.0,0.0,0.0
-14.939999999999998,94826694760.36014,7.305335672307197e-07,7.302371723029971e-07,1.0000000073053357,2.0997000339654277,2.626160037451565e+19,2.6950044911187035e+22,-4194304.0,4194304.0,-1.554810328909333e-16
-14.920000000000002,91109382733.25768,7.452852157616378e-07,7.449767318061822e-07,1.0000000074528521,2.099700034651291,2.473224382788196e+19,2.487802699337112e+22,0.0,0.0,0.0
-14.899999999999999,87537810847.6882,7.603346182167997e-07,7.600135523084215e-07,1.0000000076033462,2.099700035350998,2.329195007305695e+19,2.296531338342856e+22,4194304.0,4194304.0,1.8245143361905392e-16
-14.880000000000003,84106264902.39879,7.756877794658189e-07,7.753536185897557e-07,1.0000000077568778,2.099700036064828,2.1935532496820347e+19,2.119965618413502e+22,0.0,0.0,0.0
-14.86,80809254746.20874,7.913508252707304e-07,7.910030355042854e-07,1.0000000079135083,2.099700036793066,2.065810653078995e+19,1.9569749161351324e+22,-4194304.0,4194304.0,-2.140998879015872e-16
-14.839999999999996,77641505493.02687,8.073300047112672e-07,8.069680303725987e-07,1.0000000080733,2.0997000375360018,1.945507206170294e+19,1.8065155345529338e+22,2097152.0,2097152.0,1.159633495870104e-16
-14.82,74597949081.3179,8.236316926585205e-07,8.232549554201945e-07,1.000000008236317,2.0997000382939324,1.8322096866037834e+19,1.667624019947231e+22,2097152.0,2097152.0,1.2561886695645636e-16
-14.799999999999997,71673716164.52505,8.402623922978504e-07,8.398702902647985e-07,1.000000008402624,2.09970003906716,1.7255101009329385e+19,1.5394109924402627e+22,4194304.0,4194304.0,2.7215655414585075e-16
-14.780000000000001,68864128319.48135,8.572287377019479e-07,8.568206444516666e-07,1.0000000085722873,2.0997000398559935,1.6250242154000382e+19,1.421055450928903e+22,-2097152.0,2097152.0,-1.4740850364079713e-16
-14.759999999999998,66164690560.315506,8.745374964552228e-07,8.741127600393044e-07,1.000000008745375,2.099700040660747,1.5303901722793122e+19,1.3117995158742858e+22,0.0,0.0,0.0
-14.740000000000002,63571084145.90512,8.921955723302769e-07,8.917535142348279e-07,1.0000000089219558,2.0997000414817415,1.4412671867985617e+19,1.2109435762856476e+22,2097152.0,2097152.0,1.7297741812685912e-16
-14.719999999999999,61079159669.33601,9.102100080177205e-07,9.097499220817497e-07,1.0000000091021002,2.099700042319305,1.357334319945617e+19,1.1178418098211593e+22,2097152.0,2097152.0,1.8737970011667537e-16
-14.699999999999996,58684930418.33907,9.285879879101682e-07,9.281091391999953e-07,1.0000000092858798,2.0997000431737702,1.2782893227414655e+19,1.0318980473203202e+22,0.0,0.0,0.0
-14.68,56384565996.056625,9.473368409416381e-07,9.468384645798801e-07,1.0000000094733685,2.0997000440454796,1.2038475478173557e+19,9.52561955285853e+21,2097152.0,2097152.0,2.1988123224478066e-16
-14.659999999999997,54174386191.94021,9.66464043483358e-07,9.659453434293483e-07,1.0000000096646404,2.09970004493478,1.133740924376743e+19,8.793255118703756e+21,1048576.0,1048576.0,1.1909421096678938e-16
-14.64,52050855092.97961,9.859772222970173e-07,9.854373700786544e-07,1.0000000098597723,2.0997000458420256,1.0677169928510511e+19,8.117197538023524e+21,0.0,0.0,0.0
-14.619999999999997,50010575425.819824,1.005884157546786e-06,1.0053222909402948e-06,1.0000000100588415,2.0997000467675786,1.0055379957723372e+19,7.493117734198777e+21,0.0,0.0,0.0
-14.600000000000001,48050283120.73673,1.0261927858709762e-06,1.025608007526781e-06,1.000000010261928,2.099700047711808,9.469800215897866e+18,6.917019465838591e+21,0.0,0.0,0.0
-14.579999999999998,46166842088.74863,1.0469112035147768e-06,1.046302579528463e-06,1.000000010469112,2.09970004867509,8.91832198346099e+18,6.38521373719008e+21,-1048576.0,1048576.0,-1.6399035714247218e-16
-14.560000000000002,44357239203.52908,1.068047669525019e-06,1.0674142279494259e-06,1.0000000106804767,2.099700049657809,8.398959343108391e+18,5.894295175972757e+21,0.0,0.0,0.0
-14.54,42618579480.06912,1.089610609008374e-06,1.0889513383051095e-06,1.0000000108961062,2.0997000506603563,7.909842028355467e+18,5.441120227368276e+21,0.0,0.0,0.0
-14.519999999999996,40948081442.39444,1.1116086164540232e-06,1.1109224638823386e-06,1.0000000111160863,2.099700051683132,7.449208688559204e+18,5.02278702453856e+21,0.0,0.0,0.0
-14.5,39343072672.90861,1.1340504591222483e-06,1.133336329062673e-06,1.0000000113405048,2.099700052726543,7.015400546152777e+18,4.6366168067703114e+21,1048576.0,1048576.0,2.2580944251955894e-16
-14.479999999999997,37800985536.2474,1.1569450805000984e-06,1.1562018327093936e-06,1.000000011569451,2.0997000537910058,6.60685542325419e+18,4.2801367662606266e+21,-524288.0,524288.0,-1.2230449177038813e-16
-14.46,36319353070.80686,1.1803016038254028e-06,1.17952805162143e-06,1.0000000118030161,2.0997000548769438,6.222102116139621e+18,3.951064213705682e+21,-524288.0,524288.0,-1.3248674929176044e-16
-14.439999999999998,34895805041.35674,1.204129335680633e-06,1.2033242440530305e-06,1.0000000120412935,2.0997000559847905,5.859755097319742e+18,3.6472919612949303e+21,1048576.0,1048576.0,2.87033247290245e-16
-14.420000000000002,33528064146.43979,1.2284377696577023e-06,1.227599853301293e-06,1.0000000122843777,2.099700057114987,5.518509526145317e+18,3.366874829515976e+21,0.0,0.0,0.0
-14.399999999999999,32213942374.471203,1.2532365900953557e-06,1.252364511364404e-06,1.000000012532366,2.099700058267983,5.197136549970429e+18,3.1080171913638765e+21,0.0,0.0,0.0
-14.380000000000003,30951337502.72341,1.2785356758902893e-06,1.2776280426699176e-06,1.0000000127853568,2.0997000594442383,4.894478878956611e+18,2.869061474198721e+21,0.0,0.0,0.0
-14.36,29738229733.578503,1.3043451043836747e-06,1.303400467873733e-06,1.0000000130434512,2.0997000606442224,4.6094466185784863e+18,2.648477545620945e+21,0.0,0.0,0.0
-14.339999999999996,28572678462.680134,1.3306751553242817e-06,1.3296920077340884e-06,1.0000000133067517,2.099700061868412,4.34101334482702e+18,2.444852915400621e+21,524288.0,524288.0,2.1406553145775442e-16
-14.32,27452819173.80184,1.3575363149099012e-06,1.3565130870593463e-06,1.0000000135753633,2.0997000631172944,4.088212407974066e+18,2.2568836907173717e+21,-262144.0,262144.0,-1.1594305954781562e-16
-14.299999999999997,26376860455.46804,1.3849392799084864e-06,1.383874338731478e-06,1.000000013849393,2.099700064391368,3.8501334515889987e+18,2.0833662267945803e+21,0.0,0.0,0.0
-14.280000000000001,25343081134.557095,1.4128949618604407e-06,1.4117866078073522e-06,1.0000000141289498,2.0997000656911395,3.62591913427287e+18,1.9231894194639547e+21,0.0,0.0,0.0
-14.259999999999998,24349827522.290245,1.4414144913638572e-06,1.4402609556981349e-06,1.000000014414145,2.0997000670171264,3.4147620423026606e+18,1.7753275903049788e+21,262144.0,262144.0,1.47376037712301e-16
-14.240000000000002,23395510768.211166,1.4705092224439795e-06,1.4693086644291195e-06,1.0000000147050923,2.099700068369857,3.2159017820704e+18,1.6388339188017484e+21,0.0,0.0,0.0
-14.219999999999999,22478604317.910343,1.500190737008859e-06,1.4989412409815831e-06,1.0000000150019075,2.0997000697498693,3.0286222418442563e+18,1.5128343794587434e+21,0.0,0.0,0.0
-14.199999999999996,21597641470.437172,1.5304708493924958e-06,1.5291704217169578e-06,1.0000000153047086,2.099700071157713,2.8522490129933107e+18,1.396522145054031e+21,262144.0,262144.0,1.8732942457102322e-16
-14.18,20751213031.4824,1.5613616109874328e-06,1.560008176886081e-06,1.0000000156136162,2.099700072593948,2.686146961387811e+18,1.289152420190325e+21,0.0,0.0,0.0
-14.159999999999997,19937965058.57947,1.5928753149683595e-06,1.5914667152234882e-06,1.0000000159287532,2.0997000740591463,2.5297179402301153e+18,1.1900376720615672e+21,0.0,0.0,0.0
-14.14,19156596694.71924,1.6250245011084092e-06,1.623558488630955e-06,1.0000000162502451,2.0997000755538906,2.382398636080549e+18,1.0985432278959488e+21,262144.0,262144.0,2.3811236080112573e-16
-14.119999999999997,18405858086.90421,1.6578219606901585e-06,1.6562961969490095e-06,1.0000000165782197,2.0997000770787757,2.2436585403201277e+18,1.014083210883077e+21,-262144.0,262144.0,-2.5793276541898846e-16
-14.100000000000001,17684548386.32057,1.69128074151277e-06,1.6896927928185648e-06,1.0000000169128076,2.0997000786344087,2.1129980387469263e+18,9.361167885624292e+20,0.0,0.0,0.0
-14.079999999999998,16991513826.919003,1.7254141529974907e-06,1.7237614866364262e-06,1.0000000172541417,2.0997000802214076,1.9899466124249126e+18,8.641447096489298e+20,0.0,0.0,0.0
-14.060000000000002,16325645879.338263,1.7602357713930169e-06,1.7585157516043352e-06,1.0000000176023578,2.0997000818404037,1.874061143307926e+18,7.977061071204728e+20,0.0,0.0,0.0
-14.04,15685879477.209248,1.7957594450829597e-06,1.7939693288729016e-06,1.0000000179575945,2.0997000834920416,1.7649243185357366e+18,7.36375547095348e+20,0.0,0.0,0.0
-14.019999999999996,15071191313.00904,1.8319992999969932e-06,1.8301362327828528e-06,1.000000018319993,2.0997000851769774,1.6621431276572902e+18,6.797603046031093e+20,0.0,0.0,0.0
-14.0,14480598200.731884,1.868969745127923e-06,1.8670307562059989e-06,1.0000000186896976,2.0997000868958815,1.5653474473684508e+18,6.274978488038988e+20,0.0,0.0,0.0
-13.979999999999997,13913155502.759712,1.9066854781566155e-06,1.904667475986815e-06,1.000000019066855,2.099700088649437,1.47418870866823e+18,5.792535215533214e+20,-131072.0,131072.0,-2.2570302343738364e-16
-13.96,13367955618.41684,1.945161491186589e-06,1.9430612584850724e-06,1.0000000194516152,2.0997000904383407,1.3883386416341176e+18,5.3471839444790293e+20,0.0,0.0,0.0
-13.939999999999998,12844126531.785097,1.984413076590761e-06,1.98222726522475e-06,1.000000019844131,2.099700092263304,1.3074880932955323e+18,4.936072906284699e+20,0.0,0.0,0.0
-13.920000000000002,12340830416.461988,2.0244558329719603e-06,2.022180958647138e-06,1.0000000202445585,2.099700094125052,1.2313459143494403e+18,4.556569586747667e+20,-131072.0,131072.0,-2.868797443127249e-16
-13.899999999999999,11857262295.022957,2.065305671239839e-06,2.0629381079733807e-06,1.0000000206530568,2.0997000960243244,1.1596379107081597e+18,4.2062438689749166e+20,0.0,0.0,0.0
-13.880000000000003,11392648751.048698,2.1069788208058847e-06,2.1045147951755145e-06,1.0000000210697884,2.0997000979618763,1.0921058561046959e+18,3.882852472339374e+20,-65536.0,65536.0,-1.6830973727648984e-16
-13.86,10946246691.65083,2.149491835899173e-06,2.1469274210585295e-06,1.0000000214949185,2.099700099938476,1.0285065621990559e+18,3.584324587824194e+20,0.0,0.0,0.0
-13.839999999999996,10517342158.521053,2.1928616020047193e-06,2.1901927114578325e-06,1.0000000219286163,2.0997001019549106,9.686110028377239e+17,3.308748617776013e+20,65536.0,65536.0,1.974907008141192e-16
-13.82,10105249185.597124,2.23710534242705e-06,2.234327723550547e-06,1.0000000223710537,2.099700104011979,9.122034893120513e+17,3.054359935153273e+20,0.0,0.0,0.0
-13.799999999999997,9709308701.51948,2.2822406249811635e-06,2.2793498522838157e-06,1.0000000228224064,2.0997001061104985,8.590808936458802e+17,2.8195295838883758e+20,32768.0,32768.0,1.158649401317391e-16
-13.780000000000001,9328887475.123585,2.3282853688131128e-06,2.3252768369234356e-06,1.0000000232828539,2.0997001082513034,8.090519171155616e+17,2.6027538480081102e+20,32768.0,32768.0,1.2550728956472525e-16
-13.759999999999998,8963377102.27709,2.375257851352996e-06,2.372126767723094e-06,1.0000000237525788,2.099700110435242,7.619364013677719e+17,2.402644622716974e+20,0.0,0.0,0.0
-13.740000000000002,8612193032.444908,2.4231767154022846e-06,2.419918092716315e-06,1.0000000242317675,2.099700112663182,7.175646796549892e+17,2.2179205257880253e+20,32768.0,32768.0,1.4726554476042313e-16
-13.719999999999999,8274773633.420215,2.4720609763585418e-06,2.4686696246348102e-06,1.00000002472061,2.099700114936007,6.757769658518054e+17,2.0473986923413425e+20,0.0,0.0,0.0
-13.699999999999996,7950579292.728892,2.5219300295794903e-06,2.5184005479530326e-06,1.0000000252193006,2.099700117254619,6.364227790523983e+17,1.8899872004708922e+20,32768.0,32768.0,1.7279497624573654e-16
-13.68,7639091554.266271,2.5728036578894432e-06,2.569130426062354e-06,1.0000000257280368,2.0997001196199374,5.993604016766804e+17,1.744678079216224e+20,0.0,0.0,0.0
-13.659999999999997,7339812288.786044,2.6247020392305454e-06,2.620879208577597e-06,1.0000000262470208,2.099700122032901,5.6445636913390163e+17,1.6105408541069138e+20,-32768.0,32768.0,-2.0274901406201403e-16
-13.64,7052262896.915011,2.6776457544612676e-06,2.6736672387753683e-06,1.000000026776458,2.099700124494466,5.3158498920605376e+17,1.48671658894961e+20,-32768.0,32768.0,-2.1961988993643613e-16
-13.619999999999997,6775983543.415645,2.7316557953053294e-06,2.7275152611700257e-06,1.0000000273165583,2.099700127005609,5.006278894200224e+17,1.3724123857035487e+20,16384.0,16384.0,1.1894713220533177e-16
-13.600000000000001,6510532421.474476,2.7867535724531875e-06,2.7824444292259617e-06,1.000000027867536,2.099700129567325,4.714735907789198e+17,1.2668963072264462e+20,0.0,0.0,0.0
-13.579999999999998,6255485045.835809,2.842960923819496e-06,2.838476313210921e-06,1.0000000284296096,2.0997001321806303,4.440171063171962e+17,1.1694926903775833e+20,-16384.0,16384.0,-1.3956505127467078e-16
-13.560000000000002,6010433573.6527605,2.900300122958717e-06,2.8956329081907686e-06,1.0000000290030016,2.099700134846559,4.181595630342471e+17,1.079577819467249e+20,0.0,0.0,0.0
-13.54,5774986151.965931,2.9587938876424054e-06,2.953936642169639e-06,1.0000000295879392,2.099700137566168,3.938078458447372e+17,9.965759323466455e+19,-16384.0,16384.0,-1.6375582773514722e-16
-13.519999999999996,5548766290.768355,3.0184653886004504e-06,3.01341038437606e-06,1.0000000301846543,2.099700140340535,3.7087426226378323e+17,9.19955533564679e+19,16384.0,16384.0,1.7738046628402207e-16
-13.5,5331412260.6513405,3.0793382584297222e-06,3.0740774536984297e-06,1.000000030793383,2.0997001431707587,3.492762266192583e+17,8.492259909824081e+19,-16384.0,16384.0,-1.9213838018199918e-16
-13.479999999999997,5122576514.068277,3.14143660067295e-06,3.135961627271495e-06,1.0000000314143664,2.0997001460579594,3.2893596265414906e+17,7.839343940522408e+19,-16384.0,16384.0,-2.0812380118658495e-16
-13.46,4921925129.291064,3.2047849990706444e-06,3.1990871492166777e-06,1.0000000320478506,2.0997001490032803,3.0978022344807424e+17,7.236626536443373e+19,8192.0,8192.0,1.1271939651826563e-16
-13.439999999999998,4729137276.167518,3.2694085269896964e-06,3.2634787395379153e-06,1.0000000326940859,2.0997001520078866,2.9174002764919725e+17,6.6802482484860985e+19,0.0,0.0,0.0
-13.420000000000002,4543904702.827208,3.3353327570311287e-06,3.3291616031758533e-06,1.000000033353328,2.0997001550729677,2.747504110669053e+17,6.166646356098308e+19,0.0,0.0,0.0
-13.399999999999999,4365931242.512081,3.4025837708208965e-06,3.396161439222673e-06,1.0000000340258384,2.099700158199737,2.5875019273050227e+17,5.69253205369986e+19,8192.0,8192.0,1.4325667787307603e-16
-13.380000000000003,4194932339.7449503,3.471188168986222e-06,3.4645044502992494e-06,1.0000000347118823,2.09970016138943,2.4368175457167885e+17,5.25486939110031e+19,-8192.0,8192.0,-1.5517392230829075e-16
-13.36,4030634595.0755243,3.541173081321512e-06,3.5342173520985085e-06,1.0000000354117315,2.099700164643309,2.2949083393718637e+17,4.850855833051423e+19,0.0,0.0,0.0
-13.339999999999996,3872775327.67751,3.612566177146473e-06,3.605327383096058e-06,1.0000000361256625,2.09970016796266,2.1612632818471254e+17,4.477904313454675e+19,-8192.0,8192.0,-1.820639881528896e-16
-13.32,3721102155.0953,3.6853956758603297e-06,3.6778623144301363e-06,1.0000000368539574,2.099700171348795,2.0354011065815453e+17,4.133626669305301e+19,0.0,0.0,0.0
-13.299999999999997,3575372589.468476,3.7596903576954118e-06,3.7518504599547323e-06,1.0000000375969043,2.099700174803052,1.9168685737966147e+17,3.81581834829542e+19,0.0,0.0,0.0
-13.280000000000001,3435353649.5885024,3.8354795746732495e-06,3.827320686466933e-06,1.0000000383547964,2.0997001783267963,1.8052388383438944e+17,3.522444292153612e+19,4096.0,4096.0,1.1568998277887625e-16
-13.259999999999998,3300821488.165548,3.91279326176744e-06,3.904302424112858e-06,1.0000000391279333,2.099700181921419,1.7001099126010928e+17,3.251625905323261e+19,0.0,0.0,0.0
-13.240000000000002,3171561033.710624,3.991661948275917e-06,3.982825676971589e-06,1.0000000399166202,2.0997001855883406,1.601103218882745e+17,3.0016290255381934e+19,0.0,0.0,0.0
-13.219999999999999,3047365646.4584055,4.072116769407217e-06,4.06292103382227e-06,1.0000000407211684,2.099700189329007,1.5078622261513334e+17,2.77085281926286e+19,0.0,0.0,0.0
-13.199999999999996,2928036787.7816634,4.154189478083477e-06,4.144619679095367e-06,1.0000000415418957,2.0997001931448964,1.420051166120704e+17,2.557819530893009e+19,0.0,0.0,0.0
-13.18,2813383702.5671597,4.237912456964625e-06,4.2279534040110885e-06,1.0000000423791255,2.099700197037513,1.3373538241274493e+17,2.3611650200743707e+19,-4096.0,4096.0,-1.7249667248635692e-16
-13.159999999999997,2703223114.0452633,4.323318730697203e-06,4.312954617906566e-06,1.0000000432331881,2.0997002010083925,1.2594724004164869e+17,2.1796300265469534e+19,-4096.0,4096.0,-1.8684215653391738e-16
-13.14,2597378930.585352,4.41044197839139e-06,4.3996563597558255e-06,1.0000000441044208,2.0997002050591016,1.1861264377404811e+17,2.0120521065806615e+19,-4096.0,4096.0,-2.02380203558864e-16
-13.119999999999997,2495681963.986852,4.499316546330791e-06,4.488092309883633e-06,1.0000000449931665,2.0997002091912362,1.1170518114106002e+17,1.857358189366251e+19,-4096.0,4096.0,-2.192099047556677e-16
-13.100000000000001,2397969658.8163514,4.589977460917971e-06,4.5782968018754115e-06,1.0000000458997758,2.0997002134064253,1.0519997781625566e+17,1.714557705699098e+19,2048.0,2048.0,1.1871928991185206e-16
-13.079999999999998,2304085832.356506,4.682460441860677e-06,4.670304834686908e-06,1.0000000468246055,2.0997002177063293,9.90736080411984e+16,1.5827362449539842e+19,0.0,0.0,0.0
-13.060000000000002,2213880424.7517776,4.7768019156017864e-06,4.764152084955733e-06,1.0000000477680202,2.0997002220926424,9.3304010267429e+16,1.4610496997356487e+19,2048.0,2048.0,1.3928371303026425e-16
-13.04,2127209258.9501033,4.87303902899798e-06,4.859874919515536e-06,1.0000000487303915,2.0997002265670917,8.78704077110444e+16,1.3487188607092464e+19,0.0,0.0,0.0
-13.019999999999996,2043933810.0574226,4.971209663250311e-06,4.9575104081170464e-06,1.0000000497120978,2.0997002311314374,8.275323353384872e+16,1.24502442700065e+19,-2048.0,2048.0,-1.6340863384210173e-16
-13.0,1963920983.7351768,5.071352448091593e-06,5.0570963363576475e-06,1.0000000507135258,2.0997002357874766,7.793406038159437e+16,1.149302400214973e+19,0.0,0.0,0.0
-12.979999999999997,1887042903.2865543,5.173506776234478e-06,5.158671218821781e-06,1.0000000517350691,2.0997002405370404,7.33955340255982e+16,1.0609398325798236e+19,0.0,0.0,0.0
-12.96,1813176705.0910506,5.2777128180841426e-06,5.262274312434926e-06,1.0000000527771296,2.099700245381997,6.9121310868785176e+16,9.793709019871515e+18,2048.0,2048.0,2.0764830493097183e-16
-12.939999999999998,1742204342.0593293,5.384011536720729e-06,5.367945630032754e-06,1.0000000538401168,2.09970025032425,6.509599909107273e+16,9.040732887997519e+18,1024.0,1024.0,1.1245544065208144e-16
-12.920000000000002,1674012394.7947428,5.49244470315474e-06,5.475725954146993e-06,1.0000000549244485,2.0997002553657427,6.130510322220552e+16,8.345648312225901e+18,0.0,0.0,0.0
-12.899999999999999,1608491890.15851,5.603054911860972e-06,5.58565685101296e-06,1.0000000560305506,2.0997002605084543,5.773497194239406e+16,7.70400437820967e+18,2048.0,2048.0,2.638583837474362e-16
-12.880000000000003,1545538126.9490504,5.715885596594192e-06,5.69778068479818e-06,1.0000000571588576,2.099700265754405,5.437274892282907e+16,7.11169237415967e+18,-1024.0,1024.0,-1.428957150698519e-16
-12.86,1485050508.4157767,5.830981046492251e-06,5.812140632054842e-06,1.000000058309812,2.099700271105654,5.12063265290011e+16,6.564919481059892e+18,0.0,0.0,0.0
-12.839999999999996,1426932381.3400686,5.94838642246991e-06,5.928780696399332e-06,1.000000059483866,2.0997002765643002,4.8224302220147016e+16,6.060184485678381e+18,1024.0,1024.0,1.6763776550591433e-16
-12.82,1371090881.4253879,6.068147773908931e-06,6.047745723420037e-06,1.0000000606814796,2.0997002821324853,4.5415937487783144e+16,5.594255360848489e+18,-1024.0,1024.0,-1.8157086571731307e-16
-12.799999999999997,1317436784.7493792,6.190312055648655e-06,6.169081415814728e-06,1.0000000619031224,2.0997002878123925,4.2771119185473096e+16,5.164148569460243e+18,-1024.0,1024.0,-1.966613777878981e-16
-12.780000000000001,1265884365.040452,6.314927145281174e-06,6.292834348760196e-06,1.0000000631492734,2.099700293606247,4.028032311058386e+16,4.767109959637987e+18,0.0,0.0,0.0
-12.759999999999998,1216351256.5500007,6.442041860756939e-06,6.419051985517233e-06,1.0000000644204208,2.0997002995163196,3.793457970686149e+16,4.400597128764307e+18,1024.0,1024.0,2.307069245547221e-16
-12.740000000000002,1168758322.3014297,6.571705978304053e-06,6.547782693269204e-06,1.000000065717062,2.099700305544924,3.572544176434734e+16,4.0622631434244915e+18,-512.0,512.0,-1.2493934264494945e-16
-12.719999999999999,1123029527.5045958,6.703970250667501e-06,6.679075759200737e-06,1.0000000670397047,2.0997003116944204,3.3644954000291496e+16,3.74994151101906e+18,512.0,512.0,1.353213425234571e-16
-12.699999999999996,1079091817.933664,6.8388864256715905e-06,6.812981406813495e-06,1.0000000683888666,2.0997003179672142,3.168562441154773e+16,3.4616323068154516e+18,-512.0,512.0,-1.4656553170359852e-16
-12.68,1036875003.0733538,6.976507265111605e-06,6.9495508124832435e-06,1.000000069765075,2.0997003243657586,2.9840397295267284e+16,3.1954893676014725e+18,0.0,0.0,0.0
-12.659999999999997,996311643.8467727,7.116886563979035e-06,7.088836122260279e-06,1.0000000711688681,2.099700330892555,2.810262784074581e+16,2.949808469937576e+18,0.0,0.0,0.0
-12.64,957336944.7453469,7.260079170024729e-06,7.230890468911121e-06,1.0000000726007943,2.099700337550153,2.6466058200932016e+16,2.7230164173091707e+18,0.0,0.0,0.0
-12.619999999999997,919888650.1878768,7.406141003666104e-06,7.3757679892071855e-06,1.0000000740614128,2.0997003443411537,2.492479495741409e+16,2.513660966297237e+18,-512.0,512.0,-2.0168709988625837e-16
-12.600000000000001,883906944.9433386,7.555129078241754e-06,7.523523841458393e-06,1.0000000755512937,2.0997003512682064,2.347328789775239e+16,2.3204015272630426e+18,0.0,0.0,0.0
-12.579999999999998,849334358.4576602,7.707101520620036e-06,7.674214223293894e-06,1.0000000770710182,2.0997003583340144,2.2106310028715364e+16,2.1420005799970028e+18,-256.0,256.0,-1.1829360240009112e-16
-12.560000000000002,816115672.931818,7.862117592164891e-06,7.827896389690344e-06,1.0000000786211791,2.0997003655413335,2.0818938753462172e+16,1.9773157493649196e+18,-512.0,512.0,-2.5623898280958426e-16
-12.54,784197835.0037671,8.02023771006559e-06,7.984628671249135e-06,1.0000000802023803,2.0997003728929715,1.9606538144873156e+16,1.8252924902064745e+18,0.0,0.0,0.0
-12.519999999999996,753529870.8932767,8.181523469033694e-06,8.144470492722763e-06,1.0000000818152381,2.0997003803917935,1.8464742251208076e+16,1.684957334646344e+18,-256.0,256.0,-1.502857121977975e-16
-12.5,724062804.8735999,8.346037663373593e-06,8.307482391792278e-06,1.0000000834603802,2.0997003880407177,1.7389439373962552e+16,1.5554116585761216e+18,0.0,0.0,0.0
-12.479999999999997,695749580.9396566,8.513844309431093e-06,8.473726038092536e-06,1.0000000851384467,2.099700395842722,1.6376757261311262e+16,1.4358259273919488e+18,-256.0,256.0,-1.7628393247401597e-16
-12.46,668544987.5474951,8.685008668424433e-06,8.643264252489451e-06,1.0000000868500905,2.0997004038008393,1.542304916382144e+16,1.3254343841412797e+18,0.0,0.0,0.0
-12.439999999999998,642405585.3043585,8.85959726966425e-06,8.816161026607624e-06,1.0000000885959766,2.099700411918164,1.45248807022131e+16,1.2235301460637036e+18,256.0,256.0,2.0677594651728089e-16
-12.420000000000002,617289637.4939716,9.0376779341656e-06,8.99248154260702e-06,1.0000000903767834,2.0997004201978484,1.3679017499886738e+16,1.1294606781282509e+18,-256.0,256.0,-2.239446333453865e-16
-12.399999999999999,593157043.3255799,9.219319798659037e-06,9.172292193210263e-06,1.0000000921932022,2.099700428643107,1.288241353567149e+16,1.0426236145811099e+18,-128.0,128.0,-1.212688479177857e-16
-12.380000000000003,569969273.8002341,9.404593340003698e-06,9.355660601978884e-06,1.000000094045938,2.0997004372572174,1.2132200174861218e+16,9.624629017485576e+17,0.0,0.0,0.0
-12.36,547689310.0914252,9.593570400009433e-06,9.54265564383806e-06,1.0000000959357087,2.099700446043519,1.1425675839028808e+16,8.884652373947969e+17,256.0,256.0,2.8447892542891076e-16
-12.339999999999996,526281584.34174454,9.786324210670932e-06,9.733347465848908e-06,1.0000000978632468,2.099700455005417,1.0760296277427684e+16,8.201567838354097e+17,0.0,0.0,0.0
-12.32,505711922.7806339,9.982929419820415e-06,9.927807508227237e-06,1.0000000998292993,2.0997004641463817,1.013366540494013e+16,7.571001337583692e+17,128.0,128.0,1.6683310894226465e-16
-12.299999999999997,485947491.0723057,1.0183462117203154e-05,1.0126108525605944e-05,1.0000001018346263,2.0997004734699516,9543526673582190.0,6.988915093238502e+17,0.0,0.0,0.0
-12.280000000000001,466956741.80645627,1.038799986097999e-05,1.0328324608541315e-05,1.000000103880004,2.0997004829797317,8987754946495075.0,6.451581766076844e+17,128.0,128.0,1.956749921166458e-16
-12.259999999999998,448709364.0475826,1.0596621704663445e-05,1.0534531205260783e-05,1.0000001059662227,2.0997004926793985,8464348845155380.0,5.95556058831542e+17,0.0,0.0,0.0
-12.240000000000002,431176234.8624009,1.0809408224490008e-05,1.0744805143647851e-05,1.0000001080940881,2.0997005025726976,7971423542252225.0,5.4976753309700614e+17,0.0,0.0,0.0
-12.219999999999999,414329372.74759316,1.1026441547235704e-05,1.095922465346497e-05,1.0000001102644216,2.099700512663448,7507203974271596.0,5.074993965144959e+17,0.0,0.0,0.0
-12.199999999999996,398141892.8835764,1.1247805378477294e-05,1.1177869388808018e-05,1.0000001124780602,2.0997005229555414,7070018449351641.0,4.684809887038781e+17,-64.0,64.0,-1.3458072643588837e-16
-12.18,382587964.142538,1.1473585031305638e-05,1.140082045079186e-05,1.0000001147358568,2.0997005334529435,6658292627385762.0,4.3246245864392966e+17,-64.0,64.0,-1.4574578817947257e-16
-12.159999999999997,367642767.78202266,1.1703867455495082e-05,1.1628160410462382e-05,1.0000001170386814,2.099700544159698,6270543850697335.0,3.992131647727609e+17,64.0,64.0,1.57836180933799e-16
-12.14,353282457.758034,1.1938741267132464e-05,1.1859973331930214e-05,1.0000001193874197,2.099700555079924,5905375804871625.0,3.685201980944829e+17,0.0,0.0,0.0
-12.119999999999997,339484122.59401834,1.2178296778712244e-05,1.2096344795724057e-05,1.0000001217829753,2.099700566217822,5561473490514581.0,3.401870188346541e+17,0.0,0.0,0.0
-12.100000000000001,326225748.7448894,1.2422626029699507e-05,1.2337361922356416e-05,1.000000124226268,2.0997005775776696,5237598487835690.0,3.1403219791481254e+17,64.0,64.0,2.0045742103110234e-16
-12.079999999999998,313486185.39731455,1.2671822817567737e-05,1.258311339609936e-05,1.0000001267182361,2.0997005891638287,4932584496998099.0,2.89888255186883e+17,0.0,0.0,0.0
-12.060000000000002,301245110.6501064,1.2925982729312739e-05,1.283368948896157e-05,1.0000001292598357,2.0997006009807437,4645333138180366.0,2.6760058698851645e+17,-32.0,32.0,-1.1754078806803775e-16
-12.04,289482999.02045584,1.3185203173449524e-05,1.3089182084865086e-05,1.0000001318520404,2.099700613032943,4374809996221846.0,2.470264761517553e+17,-32.0,32.0,-1.272865405356936e-16
-12.019999999999996,278181090.2241658,1.3449583412493305e-05,1.3349684704010894e-05,1.0000001344958431,2.0997006253250423,4120040895611537.0,2.280341781259709e+17,-64.0,64.0,-2.756788150124042e-16
-12.0,267321359.17982244,1.371922459593054e-05,1.3615292527429998e-05,1.0000001371922553,2.099700637861744,3880108392403675.5,2.1050207736292893e+17,0.0,0.0,0.0
-11.979999999999997,256886487.18896258,1.3994229793682806e-05,1.3886102421710247e-05,1.0000001399423077,2.0997006506478404,3654148470428342.5,1.943179085620615e+17,0.0,0.0,0.0
-11.96,246859834.24616444,1.4274704030065951e-05,1.4162212963892744e-05,1.0000001427470504,2.099700663688214,3441347429900585.0,1.793780377893054e+17,32.0,32.0,1.750361427024329e-16
-11.939999999999998,237225412.43466604,1.4560754318250267e-05,1.4443724466529875e-05,1.0000001456075538,2.0997006769878417,3240938957221647.0,1.6558679886606544e+17,-32.0,32.0,-1.895423134407841e-16
-11.920000000000002,227967860.36506388,1.4852489695221728e-05,1.4730739002891841e-05,1.000000148524908,2.0997006905517916,3052201365422902.0,1.528558807791035e+17,32.0,32.0,2.0524914141613309e-16
-11.899999999999999,219072418.6160818,1.515002125725047e-05,1.5023360432319851e-05,1.0000001515002241,2.0997007043852296,2874454995312679.5,1.4110376218851542e+17,0.0,0.0,0.0
-11.879999999999995,210524906.13822773,1.5453462195866096e-05,1.5321694425708344e-05,1.000000154534634,2.0997007184934184,2707059767969534.0,1.3025518941286946e+17,-16.0,16.0,-1.203349078296559e-16
-11.86,202311697.58250093,1.5762927834344907e-05,1.562584849111012e-05,1.0000001576292907,2.099700732881719,2549412879766543.5,1.2024069454870917e+17,0.0,0.0,0.0
-11.839999999999996,194419701.51791695,1.6078535664710377e-05,1.5935931999451243e-05,1.0000001607853695,2.0997007475555964,2400946631626992.5,1.109961506387945e+17,-16.0,16.0,-1.4109708612597302e-16
-11.82,186836339.50302824,1.6400405385247823e-05,1.6252056210344216e-05,1.0000001640040672,2.0997007625206137,2261126384694894.5,1.0246236104066626e+17,0.0,0.0,0.0
-11.799999999999997,179549525.97788665,1.672865893853791e-05,1.6574334297988157e-05,1.0000001672866035,2.0997007777824406,2129448635057206.0,9.458468036600702e+16,0.0,0.0,0.0
-11.780000000000001,172547648.94436634,1.706342055000703e-05,1.6902881377138694e-05,1.00000017063422,2.0997007933468543,2005439200586288.2,8.731266456361755e+16,0.0,0.0,0.0
-11.759999999999998,165819551.4038525,1.7404816766999623e-05,1.7237814529138685e-05,1.0000001740481828,2.099700809219737,1888651513371696.8,8.059974790524752e+16,16.0,16.0,1.9396666819538856e-16
-11.740000000000002,159354513.5226832,1.775297649836962e-05,1.7579252827990327e-05,1.0000001775297807,2.099700825407083,1778665011593703.0,7.440294480597717e+16,16.0,16.0,2.1002444078452232e-16
-11.719999999999999,153142235.49673334,1.810803105459557e-05,1.792731736645684e-05,1.000000181080327,2.0997008419149976,1675083625046150.2,6.8682574569699304e+16,8.0,8.0,1.1370475091505342e-16
-11.699999999999996,147172821.08780164,1.8470114188416123e-05,1.8282131282173313e-05,1.000000184701159,2.0997008587496993,1577534348856185.2,6.34020072972077e+16,-8.0,8.0,-1.2311567298481548e-16
-11.68,141436761.80540448,1.8839362135988894e-05,1.8643819783752943e-05,1.0000001883936391,2.0997008759175215,1485665900263694.5,5.852742932977811e+16,0.0,0.0,0.0
-11.659999999999997,135924921.7086958,1.9215913658571334e-05,1.90125101768692e-05,1.000000192159155,2.0997008934249166,1399147453623848.2,5.4027626726306136e+16,8.0,8.0,1.4433457689653525e-16
-11.64,130628522.8042183,1.9599910084721464e-05,1.938833189029446e-05,1.00000019599912,2.0997009112784557,1317667449077668.5,4.9873785387529464e+16,0.0,0.0,0.0
-11.619999999999997,125539131.016077,1.9991495353020808e-05,1.9771416501875087e-05,1.0000001999149735,2.099700929484831,1240932470599765.5,4.603930654740681e+16,8.0,8.0,1.6920388234402148e-16
-11.600000000000001,120648642.70615067,2.039081605531384e-05,2.0161897764422643e-05,1.0000002039081815,2.0997009480508573,1168666189383951.5,4.249963645021717e+16,0.0,0.0,0.0
-11.579999999999998,115949271.72271812,2.0798021480466467e-05,2.0559911631500162e-05,1.0000002079802364,2.0997009669834767,1100608368760848.0,3.923210912268427e+16,0.0,0.0,0.0
-11.560000000000002,111433536.95683774,2.1213263658636727e-05,2.096559628307813e-05,1.000000212132659,2.099700986289757,1036513927064993.2,3.621580123437469e+16,0.0,0.0,0.0
-11.54,107094250.38651937,2.1636697406059407e-05,2.1379092151039705e-05,1.0000002163669974,2.0997010059768972,976152055075932.1,3.343139811694015e+16,0.0,0.0,0.0
-11.519999999999996,102924505.5896142,2.2068480370336827e-05,2.1800541944505102e-05,1.000000220684828,2.0997010260522257,919305384855882.5,3.0861070084306464e+16,4.0,4.0,1.2586383706766913e-16
-11.5,98917666.7070062,2.2508773076235645e-05,2.2230090674955238e-05,1.000000225087756,2.099701046523207,865769206990298.8,2.8488358261807344e+16,0.0,0.0,0.0
-11.479999999999997,95067357.83846724,2.295773897198382e-05,2.266788568112247e-05,1.000000229577416,2.09970106739744,815350733412816.0,2.6298069193192796e+16,0.0,0.0,0.0
-11.46,91367452.85422541,2.3415544476061346e-05,2.3114076653622065e-05,1.0000002341554721,2.0997010886826617,767868403160104.9,2.427617755064346e+16,0.0,0.0,0.0
-11.439999999999998,87812065.60591443,2.388235902448312e-05,2.3568815659296356e-05,1.0000002388236187,2.0997011103867513,723151228556151.2,2.240973632478298e+16,0.0,0.0,0.0
-11.420000000000002,84395540.52128695,2.4358355118562956e-05,2.403225716523628e-05,1.0000002435835809,2.099701132517728,681038179472068.4,2.068679391962187e+16,0.0,0.0,0.0
-11.399999999999999,81112443.56760511,2.484370837315723e-05,2.4504558062453265e-05,1.0000002484371147,2.0997011550837565,641377603443572.4,1.9096317621534376e+16,0.0,0.0,0.0
-11.379999999999995,77957553.56929255,2.5338597565375614e-05,2.4985877689164337e-05,1.0000002533860077,2.09970117809315,604026679558413.4,1.7628122952229322e+16,4.0,4.0,2.1939267068245216e-16
-11.36,74925853.865928,2.5843204683755103e-05,2.5476377853658723e-05,1.0000002584320802,2.0997012015543692,568850904146778.4,1.6272808453316588e+16,0.0,0.0,0.0
-11.339999999999996,72012524.29725063,2.6357714977886878e-05,2.5976222856708493e-05,1.0000002635771845,2.0997012254760277,535723606422764.0,1.5021695484874982e+16,0.0,0.0,0.0
-11.32,69212933.50236541,2.688231700848473e-05,2.648557951348393e-05,1.0000002688232061,2.099701249866891,504525492332811.94,1.3866772652530636e+16,-4.0,4.0,-2.7833254586188296e-16
-11.299999999999997,66522631.52080507,2.7417202697889264e-05,2.7004617174939936e-05,1.0000002741720646,2.0997012747358843,475144214968169.7,1.280064450717804e+16,0.0,0.0,0.0
-11.280000000000001,63937342.68364509,2.7962567380991207e-05,2.75335077486276e-05,1.0000002796257128,2.0997013000920886,447473969994757.6,1.1816484188860538e+16,-2.0,2.0,-1.630794865812456e-16
-11.259999999999998,61452958.78326941,2.851860985656789e-05,2.8072425718894024e-05,1.0000002851861391,2.099701325944747,421415114643201.1,1.0907989711556252e+16,0.0,0.0,0.0
-11.240000000000002,59065532.51089191,2.9085532439014184e-05,2.8621548166422728e-05,1.0000002908553667,2.0997013523032653,396873808887311.7,1.0069343608954982e+16,0.0,0.0,0.0
-11.219999999999999,56771271.151307784,2.966354101046041e-05,2.9181054787075064e-05,1.0000002966354542,2.099701379177217,373761677518559.8,9295175682810028.0,0.0,0.0,0.0
-11.199999999999996,54566530.52481701,3.0252845073256687e-05,2.9751127909980473e-05,1.0000003025284965,2.099701406576342,351995491899929.6,8580528615337388.0,0.0,0.0,0.0
-11.18,52447809.16660821,3.085365780281323e-05,3.033195251483337e-05,1.0000003085366256,2.0997014345105516,331496870252899.3,7920826225456355.0,1.0,1.0,1.2117799901944505e-16
-11.159999999999997,50411742.73430244,3.146619610077824e-05,3.092371624834443e-05,1.0000003146620104,2.0997014629899304,312191995398357.06,7311844165606626.0,-2.0,2.0,-2.623282415985241e-16
-11.14,48455098.63471881,3.209068064853383e-05,3.1526609439793034e-05,1.000000320906858,2.099701492024739,294011348935073.1,6749682871503335.0,0.0,0.0,0.0
-11.119999999999997,46574770.8612493,3.27273359609968e-05,3.214082511563443e-05,1.0000003272734133,2.099701521625417,276889460898312.34,6230742591610537.0,1.0,1.0,1.5366572540229522e-16
-11.100000000000001,44767775.03360805,3.337639044069812e-05,3.276655901309932e-05,1.00000033376396,2.099701551802582,260764673997296.3,5751700336443209.0,0.0,0.0,0.0
-11.079999999999998,43031243.63199939,3.403807643212748e-05,3.3404009592737765e-05,1.0000003403808222,2.099701582567038,245578921582310.12,5309488600088173.0,0.0,0.0,0.0
-11.060000000000002,41362421.418103516,3.4712630276314005e-05,3.4053378049842415e-05,1.000000347126363,2.099701613929773,231277518542089.88,4901275717694966.0,-1.0,1.0,-1.9483480325927453e-16
-11.04,39758661.03553583,3.540029236562745e-05,3.471486832469721e-05,1.0000003540029863,2.099701645901964,217808964378311.66,4524447733152056.0,0.0,0.0,0.0
-11.019999999999996,38217418.78276253,3.610130719876858e-05,3.5388687111585356e-05,1.0000003610131372,2.0997016784949785,205124757748206.97,4176591660844570.5,-0.5,0.5,-1.141105339173407e-16
-11.0,36736250.55169691,3.681592343592917e-05,3.607504386649826e-05,1.0000003681593022,2.099701711720378,193179221807324.47,3855480034307792.0,0.5,0.5,1.2349767376565392e-16
-10.979999999999997,35312807.92548723,3.754439395409269e-05,3.6774150813477935e-05,1.00000037544401,2.099701745589919,181929339723541.34,3559056642836785.5,0.0,0.0,0.0
-10.96,33944834.42926003,3.828697590244502e-05,3.748622294952402e-05,1.0000003828698323,2.099701780115559,171334599770033.3,3285423364718631.5,0.0,0.0,0.0
-10.939999999999998,32630161.927810118,3.904393075787242e-05,3.821147804800448e-05,1.0000003904393837,2.099701815309454,161356849439267.8,3032828012772312.5,-0.5,0.5,-1.5653445920278113e-16
-10.920000000000002,31366707.164491605,3.981552438050773e-05,3.8950136660489956e-05,1.0000003981553232,2.0997018511839656,151960158052797.72,2799653114369463.5,0.5,0.5,1.693988859149123e-16
-10.899999999999999,30152468.435759433,4.0602027069301345e-05,3.970242211694839e-05,1.0000004060203531,2.0997018877516602,143110687371980.4,2584405554086673.0,0.0,0.0,0.0
-10.879999999999995,28985522.396057636,4.1403713617574934e-05,4.046856052421965e-05,1.0000004140372218,2.099701925025315,134776569743793.1,2385707012669788.5,-0.5,0.5,-1.9837463076081864e-16
-10.86,27864020.987933304,4.2220863368529575e-05,4.1248780762699686e-05,1.0000004222087229,2.099701963017918,126927793342849.78,2202285141084745.5,0.0,0.0,0.0
-10.839999999999996,26786188.492471687,4.3053760270669075e-05,4.2043314481155523e-05,1.0000004305376955,2.0997020017426697,119536094096405.72,2032965413139701.5,0.0,0.0,0.0
-10.82,25750318.695339296,4.39026929330973e-05,4.2852396089586716e-05,1.0000004390270256,2.09970204121299,112574853903185.73,1876663604507949.0,0.25,0.25,1.256762350149224e-16
-10.799999999999997,24754772.1638933,4.4767954680657025e-05,4.367626275006308e-05,1.000000447679647,2.0997020814425174,106019004779447.67,1732378849990130.5,0.25,0.25,1.3598797417620696e-16
-10.780000000000001,23797973.631014913,4.5649843608859685e-05,4.4515154365444116e-05,1.0000004564985403,2.0997021224451102,99844938587183.95,1599187234560396.5,0.0,0.0,0.0
-10.759999999999998,22878409.481471382,4.654866263857267e-05,4.536931356590718e-05,1.0000004654867347,2.099702164234853,94030422019306.38,1476235877155522.8,-0.25,0.25,-1.5920866424464058e-16
-10.740000000000002,21994625.336798433,4.746471957040945e-05,4.6238985693188814e-05,1.0000004746473083,2.0997022068260573,88554516535743.19,1362737469324698.2,0.0,0.0,0.0
-10.719999999999999,21145223.734830365,4.8398327138786085e-05,4.712441878246096e-05,1.0000004839833885,2.0997022502332623,83397502962062.05,1257965233767170.0,0.0,0.0,0.0
-10.699999999999996,20328861.900177523,4.934980306558601e-05,4.802586354174281e-05,1.0000004934981523,2.0997022944712413,78540810479156.62,1161248270476545.5,0.0,0.0,0.0
-10.68,19544249.60207796,5.031947011339087e-05,4.8943573328767784e-05,1.0000005031948278,2.0997023395550007,73966949748232.69,1071967260690125.6,0.0,0.0,0.0
-10.659999999999997,18790147.096201554,5.1307656138222614e-05,4.987780412520824e-05,1.000000513076693,2.099702385499783,69659449930293.27,989550501134346.8,0.25,0.25,2.360249729043027e-16
-10.64,18065363.147118,5.2314694141739376e-05,5.082881450816293e-05,1.0000005231470783,2.0997024323210725,65602799373338.75,913470243172217.1,0.125,0.125,1.2767178194897907e-16
-10.619999999999997,17368753.12826012,5.334092232283819e-05,5.179686561882016e-05,1.0000005334093656,2.0997024800345923,61782389753652.836,843239313410038.4,0.125,0.125,1.3811823469319712e-16
-10.600000000000001,16699217.196352575,5.4386684128596225e-05,5.278222112818931e-05,1.0000005438669892,2.099702528656311,58184463470069.83,778407994124662.2,0.125,0.125,1.4941564302334772e-16
-10.579999999999998,16055698.537379025,5.545232830450242e-05,5.3785147199816146e-05,1.0000005545234367,2.099702578202443,54796064101739.555,718561143534499.0,0.0,0.0,0.0
-10.560000000000002,15437181.68129114,5.653820894390638e-05,5.480591244937286e-05,1.0000005653822492,2.0997026286894522,51604989751027.95,663315537474980.2,0.0,0.0,0.0
-10.54,14842690.882757377,5.764468553663311e-05,5.5844787901032194e-05,1.0000005764470214,2.099702680134053,48599749103496.32,612317415455383.8,0.0,0.0,0.0
-10.519999999999996,14271288.56536975,5.877212301668651e-05,5.690204694051844e-05,1.0000005877214029,2.0997027325532116,45769520046765.3,565240215384074.5,0.0,0.0,0.0
-10.5,13722073.826815676,5.992089180898365e-05,5.797796526474113e-05,1.0000005992090977,2.0997027859641517,43104110699217.35,521782482456150.25,0.0,0.0,0.0
-10.479999999999997,13194181.002627349,6.109136787504679e-05,5.9072820827906966e-05,1.0000006109138653,2.099702840384353,40593922708211.875,481665938813464.25,0.0625,0.0625,1.1967222565773553e-16
-10.46,12686778.286214305,6.228393275757742e-05,6.01868937840051e-05,1.0000006228395215,2.0997028958315553,38229916685654.66,444633701616381.1,-0.0625,0.0625,-1.294361339953042e-16
-10.439999999999998,12199066.402968306,6.349897362384921e-05,6.132046642557254e-05,1.0000006349899377,2.099702952323759,36003579656429.91,410448638116474.2,0.0,0.0,0.0
-10.420000000000002,11730277.336326636,6.47368833078313e-05,6.247382311862515e-05,1.0000006473690426,2.0997030098792298,33906894402501.465,378891847197456.1,0.0,0.0,0.0
-10.399999999999999,11279673.103751576,6.59980603509781e-05,6.36472502336656e-05,1.0000006599808213,2.099703068516497,31932310592261.863,349761257660594.8,0.0625,0.0625,1.6374391710628956e-16
-10.379999999999995,10846544.580674667,6.728290904159246e-05,6.484103607265331e-05,1.0000006728293167,2.099703128254357,30072717591188.58,322870334279238.94,0.0,0.0,0.0
-10.36,10430210.370521568,6.859183945269142e-05,6.605547079184404e-05,1.0000006859186297,2.0997031891118763,28321418855876.88,298046883336487.56,0.0625,0.0625,1.915014404896512e-16
-10.339999999999996,10030015.719012974,6.992526747828687e-05,6.729084632039517e-05,1.0000006992529193,2.099703251108393,26672107819248.785,275131949997498.88,0.0625,0.0625,2.0708800422408139e-16
-10.32,9645331.471007505,7.128361486799006e-05,6.854745627463035e-05,1.0000007128364028,2.0997033142635146,25118845180103.926,253978800455925.75,0.03125,0.03125,1.119679814166286e-16
-10.299999999999997,9275553.068215491,7.26673092598648e-05,6.982559586787741e-05,1.0000007266733566,2.0997033785971237,23656037515215.305,234451982336531.7,-0.0625,0.0625,-2.421466796572166e-16
-10.280000000000001,8920099.586185975,7.407678421142412e-05,7.11255618157646e-05,1.0000007407681164,2.0997034441293794,22278417136968.5,216426457337606.66,0.03125,0.03125,1.309147962260327e-16
-10.259999999999998,8578412.809023315,7.551247922869485e-05,7.244765223689517e-05,1.0000007551250774,2.099703510880716,20981023123992.273,199786800558892.06,-0.0625,0.0625,-2.8310284966968627e-16
-10.240000000000002,8249956.340358673,7.697483979324037e-05,7.379216654878883e-05,1.0000007697486941,2.0997035788718446,19759183456487.156,184426461388202.8,0.0,0.0,0.0
-10.219999999999999,7934214.7491513705,7.84643173870626e-05,7.515940535901495e-05,1.0000007846434817,2.0997036481237585,18608498191904.055,170247081213691.66,0.0,0.0,0.0
-10.199999999999996,7630692.7489587,7.998136951526964e-05,7.65496703514083e-05,1.000000799814015,2.099703718657728,17524823620401.693,157157863592969.9,0.03125,0.03125,1.7889580529424955e-16
-10.18,7338914.409359454,8.15264597264234e-05,7.796326416729287e-05,1.0000008152649296,2.0997037904953055,16504257343014.021,145074992845873.97,0.0,0.0,0.0
-10.159999999999997,7058422.3982721595,8.310005763046088e-05,7.940049028162459e-05,1.0000008310009216,2.099703863658326,15543124218797.867,133921097347948.84,0.0,0.0,0.0
-10.14,6788777.2539580595,8.470263891408148e-05,8.086165287396402e-05,1.0000008470267479,2.0997039381689055,14637963130358.389,123624754087929.47,0.0,0.0,0.0
-10.119999999999997,6529556.685542913,8.633468535350958e-05,8.234705669421375e-05,1.0000008633472262,2.0997040140494443,13785514520085.268,114120031316594.36,0.0,0.0,0.0
-10.100000000000001,6280354.900942866,8.799668482451008e-05,8.38570069230303e-05,1.0000008799672355,2.099704091322626,12982708652227.146,105346066358504.7,-0.03125,0.03125,-2.640946802429521e-16
-10.079999999999998,6040781.961117362,8.968913130956724e-05,8.53918090268553e-05,1.0000008968917153,2.0997041700114174,12226654558524.773,97246675883065.73,0.0,0.0,0.0
-10.060000000000002,5810463.159620111,9.141252490210066e-05,8.695176860748431e-05,1.000000914125667,2.0997042501390712,11514629627604.947,89769996139422.44,0.0,0.0,0.0
-10.04,5589038.426453907,9.316737180762695e-05,8.853719124612761e-05,1.000000931674152,2.0997043317291224,10844069800636.645,82868150851365.0,0.015625,0.015625,1.6673385702834593e-16
-10.019999999999996,5376161.755279317,9.49541843417379e-05,9.0148382341892e-05,1.0000009495422941,2.099704414805391,10212560337951.51,76496944645727.69,0.0,0.0,0.0
-10.0,5171500.653059951,9.677348092479833e-05,9.178564694464648e-05,1.0000009677352775,2.0997044993919807,9617827123372.018,70615580051106.0,-0.015625,0.015625,-1.947443159932245e-16
-9.979999999999997,4974735.61126585,9.862578607324469e-05,9.344928958222123e-05,1.000000986258347,2.0997045855132788,9057728474936.299,65186396254749.16,-0.015625,0.015625,-2.1045436331680702e-16
-9.96,4785559.597790744,0.00010051163038736423,9.513961408189766e-05,1.000001005116809,2.0997046731939557,8530247432531.254,60174627944796.48,-0.0078125,0.0078125,-1.137109987769201e-16
-9.939999999999998,4603677.568769678,0.00010243155053545653,9.68569233861739e-05,1.00000102431603,2.0997047624589626,8033484494655.955,55548182693574.98,0.015625,0.015625,2.4574693761555995e-16
-9.920000000000002,4428805.999519219,0.00010438608923424202,9.86015193627614e-05,1.000001043861437,2.099704853333533,7565650778166.05,51277435456511.1,0.015625,0.015625,2.655367180722649e-16
-9.899999999999999,4260672.433848722,0.0001063757952254237,0.0001003737026088198,1.000001063758518,2.0997049458431816,7125061576360.792,47335038870690.47,-0.0078125,0.0078125,-1.4345364653881586e-16
-9.879999999999995,4099015.05102469,0.00010840122324826531,0.00010217377224940131,1.00000108401282,2.0997050400136996,6710130292220.409,43695748138380.63,0.0,0.0,0.0
-9.86,3943582.2496948424,0.00011046293400808766,0.0001040020257301218,1.0000011046299502,2.099705135871157,6319362724942.567,40336259374133.21,0.0,0.0,0.0
-9.839999999999996,3794132.248107961,0.00011256149414056062,0.00010585875860406343,1.000001125615575,2.0997052334418997,5951351689205.169,37235060380353.07,0.0,0.0,0.0
-9.82,3650432.6999913724,0.00011469747617166848,0.00010774426431292185,1.0000011469754195,2.0997053327525466,5604771947780.203,34372292895797.848,0.0,0.0,0.0
-9.799999999999997,3512260.3254711926,0.00011687145847325194,0.00010965883396244409,1.0000011687152677,2.0997054338299894,5278375439247.255,31729625434899.832,0.0,0.0,0.0
-9.780000000000001,3379400.55644744,0.00011908402521399006,0.00011160275609217638,1.0000011908409612,2.0997055367013884,4970986783625.305,29290135903681.668,0.0,0.0,0.0
-9.759999999999998,3251647.195855993,0.00012133576630573301,0.0001135763164395962,1.000001213358399,2.0997056413941717,4681499049734.306,27038203240574.305,0.0,0.0,0.0
-9.740000000000002,3128802.090274753,0.00012362727734504923,0.00011557979769866758,1.0000012362735375,2.0997057479360315,4408869769048.184,24959407388298.645,0.00390625,0.00390625,1.3300916424450606e-16
-9.719999999999999,3010674.8153496366,0.00012595915954990132,0.00011761347927291666,1.0000012595923888,2.0997058563549205,4152117181681.3184,23040436956261.56,0.0,0.0,0.0
-9.699999999999996,2897082.373539433,0.00012833201969131722,0.00011967763702309272,1.0000012833210203,2.0997059666790507,3910316700993.216,21269003982215.523,-0.00390625,0.00390625,-1.5513722745525154e-16
-9.68,2787848.903695723,0.00013074647001996948,0.00012177254300953072,1.000001307465555,2.099706078936889,3682597584077.6177,19633765247345.918,0.00390625,0.00390625,1.675325619283631e-16
-9.659999999999997,2682805.4020145745,0.00013320312818754975,0.0001238984652293218,1.000001332032169,2.099706193157153,3468139796147.3066,18124249640942.637,0.0,0.0,0.0
-9.64,2581789.453914784,0.0001357026171628272,0.00012605566734840673,1.0000013570270925,2.0997063093688064,3266171057523.678,16730791109546.527,-0.00390625,0.00390625,-1.9534217084393783e-16
-9.619999999999997,2484644.976413588,0.00013824556514231234,0.00012824440842875443,1.000001382456607,2.099706427601058,3075964062595.131,15444466761202.408,-0.00390625,0.00390625,-2.1091571989676837e-16
-9.600000000000001,2391221.970589668,0.0001408326054554023,0.00013046494265075192,1.0000014083270463,2.099706547883354,2896833860731.8486,14257039728491.23,0.0,0.0,0.0
-9.579999999999998,2301376.2837370876,0.00014346437646394175,0.00013271751903100074,1.0000014346447939,2.099706670245376,2728135389723.162,13160906424453.773,-0.001953125,0.001953125,-1.2292276795804477e-16
-9.560000000000002,2214969.3808315285,0.00014614152145608078,0.00013500238113567844,1.0000014614162824,2.0997067947170316,2569261152857.3467,12149047853678.363,0.0,0.0,0.0
-9.54,2131868.1249429383,0.00014886468853437225,0.00013731976678968484,1.0000014886479933,2.099706921328456,2419639031276.8057,11214984666763.83,0.001953125,0.001953125,1.4324744439264376e-16
-9.519999999999996,2051944.5662450322,0.00015163453049799717,0.00013966990778176516,1.0000015163464546,2.09970705011,2278730223732.623,10352735670365.04,0.001953125,0.001953125,1.5462377972396038e-16
-9.5,1975075.739284066,0.00015445170471906427,0.00014205302956585926,1.00000154451824,2.0997071810922283,2146027306317.91,9556779527134.125,0.001953125,0.001953125,1.6689372283038242e-16
-9.479999999999997,1901143.468183608,0.00015731687301290053,0.00014446935095891258,1.0000015731699676,2.0997073143059124,2021052405193.5293,8822019400310.545,0.0,0.0,0.0
-9.46,1830034.1794746488,0.0001602307015022548,0.00014691908383540248,1.0000016023082987,2.099707449782023,1903355475726.431,8143750316566.819,0.001953125,0.001953125,1.943967785725675e-16
-9.439999999999998,1761638.7222516425,0.00016319386047537683,0.00014940243281888008,1.0000016319399363,2.099707587551726,1792512681842.5112,7517629038114.077,-0.001953125,0.001953125,-2.0978466910046852e-16
-9.420000000000002,1695852.1953682797,0.00016620702423788286,0.00015191959497079174,1.0000016620716237,2.0997077276463725,1688124869759.2834,6939646251154.057,0.0,0.0,0.0
-9.399999999999999,1632573.781396401,0.00016927087095839008,0.00015447075947692203,1.0000016927101423,2.0997078700974936,1589816130600.8071,6406100892580.966,0.0009765625,0.0009765625,1.221326455950571e-16
-9.379999999999995,1571706.5870838505,0.00017238608250784283,0.00015705610733175563,1.000001723862311,2.0997080149367937,1497232446719.9702,5913576450543.434,0.001953125,0.001953125,2.635508521506577e-16
-9.36,1513157.490056086,0.00017555334429251868,0.00015967581102112522,1.0000017555349838,2.0997081621961406,1410040416852.4531,5458919087103.792,0.0009765625,0.0009765625,1.4217036793378101e-16
-9.339999999999996,1456836.9915172032,0.00017877334508067372,0.00016233003420349548,1.0000017877350489,2.099708311907559,1327926055511.9778,5039217442907.458,0.0,0.0,0.0
-9.32,1402659.0747155433,0.00018204677682279145,0.00016501893139024993,1.0000018204694252,2.099708464103221,1250593662303.6238,4651783994544.612,0.0,0.0,0.0
-9.299999999999997,1350541.0689475706,0.00018537433446544796,0.00016774264762539794,1.0000018537450628,2.0997086188154377,1177764757082.7786,4294137845223.799,-0.0009765625,0.0009765625,-1.7846854576468043e-16
-9.280000000000001,1300403.5188836935,0.00018875671575875036,0.00017050131816507974,1.0000018875689392,2.099708776076652,1109177077126.0422,3963988838563.637,-0.0009765625,0.0009765625,-1.924956755266766e-16
-9.259999999999998,1252170.0590069494,0.00019219462105738542,0.0001732950681573235,1.0000019219480576,2.099708935919426,1044583632701.9376,3659222893772.2227,0.0009765625,0.0009765625,2.076111112358117e-16
-9.240000000000002,1205767.2929648715,0.00019568875311525054,0.00017612401232246442,1.0000019568894458,2.0997090983764353,983751817641.2922,3377888468313.4004,-0.00048828125,0.00048828125,-1.1194899578769093e-16
-9.219999999999999,1161124.6776415328,0.00019923981687372308,0.00017898825463471125,1.0000019924001535,2.0997092634804564,926462571703.5999,3118184061370.9766,0.0,0.0,0.0
-9.199999999999996,1118174.4117654073,0.00020284851924355749,0.0001818878880052964,1.0000020284872497,2.0997094312643565,872509591723.696,2878446678093.7817,-0.00048828125,0.00048828125,-1.3017513798514282e-16
-9.18,1076851.3288749824,0.0002065155688804782,0.00018482299396772056,1.0000020651578212,2.0997096017610852,821698588697.4597,2657141180750.7227,0.0,0.0,0.0
-9.159999999999997,1037092.7944716191,0.00021024167595450226,0.00018779364236557586,1.0000021024189696,2.099709775003663,773846588131.4912,2452850458608.048,-0.00048828125,0.00048828125,-1.5132540890167327e-16
-9.14,998838.6071957946,0.00021402755191303558,0.0001907998910434456,1.0000021402778094,2.099709951025167,728781271137.4248,2264266353583.081,0.0,0.0,0.0
-9.119999999999997,962030.9038688053,0.00021787390923784213,0.00019384178554143015,1.000002178741466,2.0997101298587264,686340353897.6664,2090181283565.778,0.0,0.0,0.0
-9.100000000000001,926614.0682489731,0.0002217814611959225,0.00019691935879379615,1.0000022178170713,2.0997103115375033,646371003268.4916,1929480509771.0005,0.0,0.0,0.0
-9.079999999999998,892534.6433564584,0.0002257509215844337,0.0002000326308323273,1.000002257511764,2.099710496094687,608729286415.5282,1781134998604.0073,0.0,0.0,0.0
-9.060000000000002,859741.2472273405,0.0002297830044697046,0.00020318160849489253,1.0000022978326848,2.099710683563478,573279652500.1992,1644194832332.723,0.0,0.0,0.0
-9.04,828184.4919622807,0.00023387842392050276,0.00020636628513982932,1.000002338786974,2.0997108739770773,539894444550.1853,1517783126370.7515,0.000244140625,0.000244140625,1.186486301109279e-16
-9.019999999999996,797816.9059411201,0.00023803789373563002,0.00020958664036667375,1.0000023803817704,2.0997110673686743,508453439756.5276,1401090414222.636,-0.000244140625,0.000244140625,-1.2785285055956382e-16
-9.0,768592.8590791549,0.00024226212716601544,0.00021284263974384083,1.0000024226242061,2.099711263771431,478843416541.6188,1293369464134.5583,0.0,0.0,0.0
-8.979999999999997,740468.4910061035,0.0002465518366314364,0.0002161342345438236,1.0000024655214057,2.0997114632184726,450957746839.20154,1193930494259.9197,0.0,0.0,0.0
-8.96,713401.6420534231,0.0002509077334320086,0.00021946136148648065,1.000002509080482,2.0997116657428707,424696012118.2294,1102136755700.825,0.0,0.0,0.0
-8.939999999999998,687351.7869397664,0.00025533052745465044,0.0002228239424910304,1.0000025533085342,2.0997118713776324,399963641767.61096,1017400455140.9528,0.000244140625,0.000244140625,1.7224975962925648e-16
-8.920000000000002,662279.9710492394,0.0002598209268746543,0.0002262218844373002,1.0000025982126441,2.099712080155686,376671572539.9362,939178990961.8317,-0.000244140625,0.000244140625,-1.8553826078084317e-16
-8.899999999999999,638148.749200649,0.00026437963785260594,0.00022965507893685537,1.0000026437998735,2.0997122921098637,354735927827.5152,866971478739.7623,0.0,0.0,0.0
-8.879999999999995,614922.1268104942,0.0002690073642268055,0.00023312340211455873,1.0000026900772605,2.0997125072728915,334077715616.0524,800315543875.6583,-0.000244140625,0.000244140625,-2.1521692143070435e-16
-8.86,592565.50335577,0.00027370480720144554,0.00023662671440116993,1.0000027370518176,2.0997127256773727,314622544028.04663,738784360818.9429,-0.0001220703125,0.0001220703125,-1.1588144328471794e-16
-8.839999999999996,571045.6180466397,0.00027847266503075614,0.00024016486033755157,1.0000027847305277,2.0997129473557736,296300353431.66034,681983919926.7599,0.0001220703125,0.0001220703125,1.2478000088938802e-16
-8.82,550330.4976225441,0.0002833116326993383,0.0002437376683910416,1.0000028331203403,2.099713172340408,279045164150.41895,629550504457.2367,0.0,0.0,0.0
-8.799999999999997,530389.4061884312,0.00028822240159897655,0.00024734495078458256,1.0000028822281697,2.0997134006634233,262794838865.05695,581148361540.4205,0.0,0.0,0.0
-8.780000000000001,511192.7970114832,0.0002932056592021386,0.00025098650333912735,1.0000029320608905,2.099713632356784,247490858852.1011,536467552213.7812,0.0,0.0,0.0
-8.759999999999998,492712.2662013726,0.0002982620887324889,0.0002546621053298993,1.0000029826253354,2.0997138674522575,233078113253.21194,495221966754.5613,0.0,0.0,0.0
-8.740000000000002,474920.5082005455,0.0003033923688326413,0.00025837151935699846,1.0000030339282906,2.0997141059813984,219504700616.61047,457147492600.88196,0.0,0.0,0.0
-8.719999999999999,457791.2730134779,0.0003085971732295008,0.0002621144912309068,1.000003085976494,2.099714347975533,206721741995.75037,422000323129.5324,0.0,0.0,0.0
-8.699999999999996,441299.3251070478,0.00031387717039744144,0.0002658907498733514,1.00000313877663,2.0997145934657424,194683204932.34943,389555396461.3088,0.0001220703125,0.0001220703125,2.0893914268651798e-16
-8.68,425420.4039164615,0.0003192330232196765,0.00026970000723403715,1.0000031923353276,2.0997148424828485,183345737689.80295,359604954296.5665,-6.103515625e-05,6.103515625e-05,-1.1241381059202373e-16
-8.659999999999997,410131.1858939736,0.00032466538864812727,0.00027354195822369606,1.0000032466591569,2.0997150950573977,172668513140.09567,331957211552.77545,0.0,0.0,0.0
-8.64,395409.2480400764,0.00033017491736209967,0.00027741628066387626,1.0000033017546244,2.0997153512196443,162613081742.06985,306435128285.2985,6.103515625e-05,6.103515625e-05,1.3012554987932996e-16
-8.619999999999997,381233.03285901446,0.0003357622534261567,0.0002813226352539207,1.000003357628171,2.099715610999535,153143233081.5163,282875276027.2412,0.0,0.0,0.0
-8.600000000000001,367581.8146830604,0.0003414280339474746,0.00028526066555547983,1.0000034142861682,2.0997158744266944,144224865474.5998,261126791289.38217,0.0,0.0,0.0
-8.579999999999998,354435.66731182893,0.0003471728887330989,0.0002892299979949691,1.0000034717349138,2.099716141530405,135825863164.93622,241050409518.71704,0.0,0.0,0.0
-8.560000000000002,341775.4329153408,0.0003529974399474001,0.0002932302418842574,1.0000035299806298,2.099716412339597,127915980672.20567,222517573329.92398,-6.103515625e-05,6.103515625e-05,-1.741704113449803e-16
-8.54,329582.69215124176,0.0003589023017701604,0.0002972609894599382,1.0000035890294583,2.099716686882828,120466733875.73042,205409609299.13718,0.0,0.0,0.0
-8.519999999999996,317839.73544882034,0.0003648880800556031,0.0003013218159414121,1.0000036488874577,2.0997169651882674,113451297440.894,189616968048.92346,-6.103515625e-05,6.103515625e-05,-2.0139078616803514e-16
-8.5,306529.53541407065,0.00037095537199279466,0.0003054122796080577,1.0000037095606003,2.0997172472836843,106844408218.95268,175038522758.23645,-6.103515625e-05,6.103515625e-05,-2.1652661279616292e-16
-8.479999999999997,295635.72031199344,0.0003771047657677828,0.00030953192189568294,1.000003771054768,2.099717533196427,100622274272.40611,161580921605.4952,0.0,0.0,0.0
-8.46,285142.5485840386,0.0003833368402278367,0.00031368026751241336,1.0000038333757497,2.0997178229534113,94762489198.34001,149157989998.25253,0.0,0.0,0.0
-8.439999999999998,275034.8843601062,0.00038965216454823256,0.0003178568245741893,1.0000038965292368,2.0997181165811023,89243951441.15625,137690178761.5595,6.103515625e-05,6.103515625e-05,2.689553845202295e-16
-8.420000000000002,265298.17392632435,0.00039605129790191133,0.00032206108475992456,1.000003960520822,2.0997184141055003,84046788304.19685,127104054751.6956,0.0,0.0,0.0
-8.399999999999999,255918.42311111247,0.00040253478913247217,0.000326292523486432,1.000004025355993,2.099718715552125,79152284386.55531,117331830633.3107,-3.0517578125e-05,3.0517578125e-05,-1.5531829696048618e-16
-8.379999999999995,246882.1755537254,0.0004091031764308284,0.00033055060010308944,1.0000040910401327,2.0997190209460026,74542814187.43137,108310930809.07596,0.0,0.0,0.0
-8.36,238176.49182068807,0.00041575698701597696,0.00033483475810626445,1.0000041575785128,2.099719330311647,70201778635.28445,99983590722.21149,0.0,0.0,0.0
-8.339999999999996,229788.9293370011,0.00042249673682025364,0.00033914442537342056,1.0000042249762935,2.0997196436730485,66113545313.24272,92296486966.10345,-3.0517578125e-05,3.0517578125e-05,-1.926492765987172e-16
-8.32,221707.52310029074,0.0004293229301794426,0.0003434790144167878,1.0000042932385178,2.0997199610536583,62263392165.52787,85200395832.47253,3.0517578125e-05,3.0517578125e-05,2.0694964193500355e-16
-8.299999999999997,213920.76714721878,0.00043623605952818983,0.0003478379226564924,1.0000043623701105,2.0997202824763734,58637454482.14097,78649878111.56621,0.0,0.0,0.0
-8.280000000000001,206417.5967428341,0.0004432366051010335,0.00035222053271291196,1.0000044323758739,2.0997206079635253,55222674970.941765,72602988126.1044,0.0,0.0,0.0
-8.259999999999998,199187.37126451565,0.0004503250346395111,0.0003566262127180777,1.000004503260486,2.0997209375368633,52006756737.28304,67021005135.72095,0.0,0.0,0.0
-8.240000000000002,192219.8577534429,0.00045750180310564267,0.0003610543166458039,1.0000045750284965,2.099721271217543,48978119001.917435,61868185392.04766,1.52587890625e-05,1.52587890625e-05,1.3765717446004186e-16
-8.219999999999999,185505.2151074193,0.00046476735240224247,0.0003655041846602861,1.0000046476843245,2.0997216090261124,46125855397.67417,57111533256.677345,0.0,0.0,0.0
-8.199999999999996,179033.97889006094,0.0004721221111003454,0.0003699751434827635,1.000004721232256,2.0997219509825005,43439694694.76471,52720589916.44218,0.0,0.0,0.0
-8.18,172797.04673220005,0.00047956649417417007,0.0003744665067758936,1.000004795676441,2.0997222971060037,40909963813.257744,48667238343.015,1.52587890625e-05,1.52587890625e-05,1.7034232700774093e-16
-8.159999999999997,166785.6643023868,0.0004871009027439433,0.00037897757554538627,1.0000048710208909,2.0997226474152746,38527552989.5408,44925523247.93102,0.0,0.0,0.0
-8.14,160991.41182427152,0.0004947257238268989,0.00038350763855841177,1.0000049472694759,2.099723001928309,36283882971.33776,41471484880.13862,0.0,0.0,0.0
-8.119999999999997,155406.1911194455,0.0005024413300968487,0.00038805597277830647,1.0000050244259233,2.0997233606624386,34170874123.12705,38283005601.78169,-1.52587890625e-05,1.52587890625e-05,-2.1060002749324159e-16
-8.100000000000001,150022.2131552758,0.0005102480796525626,0.00039262184381497954,1.0000051024938141,2.0997237236343134,32180917330.733204,35339668259.81639,0.0,0.0,0.0
-8.079999999999998,144831.9860779395,0.000518146315795353,0.00039720450639048284,1.0000051814765818,2.0997240908598997,30306846600.290936,32622625446.51705,-1.52587890625e-05,1.52587890625e-05,-2.424744490251107e-16
-8.060000000000002,139828.30371176617,0.0005261363668160723,0.00040180320481907186,1.0000052613775092,2.099724462354463,28541913252.932705,30114478811.728992,0.0,0.0,0.0
-8.04,135004.23450661192,0.0005342185457918962,0.000406417173501153,1.0000053421997275,2.099724838132562,26879761622.250004,27799167654.02068,-7.62939453125e-06,7.62939453125e-06,-1.3953079608433361e-16
-8.019999999999996,130353.11091582247,0.0005423931503930771,0.00041104563743037955,1.0000054239462135,2.0997252182080404,25314406167.03383,25661866077.36879,7.62939453125e-06,7.62939453125e-06,1.4966560313310234e-16
-8.0,125868.51918792186,0.0005506604626999923,0.0004156878127132159,1.0000055066197884,2.099725602594016,23840209916.859123,23688888054.804203,0.0,0.0,0.0
-7.979999999999997,121544.28955588787,0.0005590207490307032,0.0004203429071002096,1.0000055902231155,2.099725991302873,22451864172.901203,21867599791.112606,-7.62939453125e-06,7.62939453125e-06,-1.7214546044788362e-16
-7.960000000000001,117374.48680850156,0.0005674742597792207,0.0004250101205281762,1.0000056747586992,2.099726384346258,21144369390.889458,20186338823.41735,0.0,0.0,0.0
-7.939999999999998,113353.40122881273,0.0005760212292647616,0.0004296886456725407,1.0000057602288828,2.099726781735067,19913017177.34389,18634339341.59549,7.62939453125e-06,7.62939453125e-06,1.9792263905531068e-16
-7.920000000000002,109475.53988543301,0.000584661875592098,0.0004343776685089601,1.0000058466358475,2.0997271834794446,18753373334.276627,17201663250.34265,0.0,0.0,0.0
-7.899999999999999,105735.61826283371,0.000593396400523274,0.00043907636888343784,1.0000059339816112,2.0997275895887744,17661261891.286148,15879136531.429373,0.0,0.0,0.0
-7.8799999999999955,102128.55221745637,0.0006022249893607564,0.0004437839210900144,1.0000060222680274,2.0997280000716745,16632750067.556208,14658290498.667454,7.62939453125e-06,7.62939453125e-06,2.438204160897545e-16
-7.859999999999999,98649.4502468818,0.0006111478108422378,0.0004484994944551986,1.0000061114967835,2.0997284149359943,15664134109.59564,13531307569.404053,0.0,0.0,0.0
-7.839999999999996,95293.6060598509,0.0006201650170471902,0.00045322225392822874,1.0000062016694007,2.099728834188807,14751925953.724321,12490971205.301943,0.0,0.0,0.0
-7.82,92056.49143540426,0.0006292767433152404,0.00045795136067624316,1.0000062927872326,2.099729257836409,13892840665.278725,11530619701.859186,-3.814697265625e-06,3.814697265625e-06,-1.500463434254127e-16
-7.799999999999997,88933.74935982598,0.0006384831081765412,0.0004626859726834891,1.0000063848514649,2.0997296858843137,13083784609.29638,10644103530.753878,0.0,0.0,0.0
-7.780000000000001,85921.18743058458,0.0006477842132941046,0.00046742524535359616,1.0000064778631141,2.099730118337252,12321844310.090923,9825745961.870766,0.0,0.0,0.0
-7.759999999999998,83014.77151681448,0.0006571801434182582,0.00047216833211404413,1.0000065718230284,2.0997305551991667,11604275959.590399,9070306712.845268,3.814697265625e-06,3.814697265625e-06,1.845114518477565e-16
-7.740000000000002,80210.61966636067,0.0006666709663531514,0.0004769143850218441,1.000006666731886,2.099730996473215,10928495536.666693,8372948393.368034,3.814697265625e-06,3.814697265625e-06,1.9763792175537765e-16
-7.719999999999999,77504.99624973125,0.0006762567329354329,0.00048166255536956197,1.0000067625901956,2.0997314421617626,10292069501.866356,7729205529.369655,3.814697265625e-06,3.814697265625e-06,2.116774345083006e-16
-7.699999999999996,74894.30633174423,0.0006859374770249941,0.00048641199429070697,1.0000068593982958,2.0997318922663872,9692706034.041748,7134955968.74301,-3.814697265625e-06,3.814697265625e-06,-2.2669205410221127e-16
-7.68,72375.09026195909,0.0006957132155078399,0.0004911618533636115,1.000006957156356,2.099732346787878,9128246777.318668,6586394485.495671,-3.814697265625e-06,3.814697265625e-06,-2.4274796995474775e-16
-7.659999999999997,69944.0184753667,0.0007055839483110151,0.0004959112852128747,1.0000070558643757,2.0997328057262346,8596659068.683357,6080008413.311773,1.9073486328125e-06,1.9073486328125e-06,1.2995788280135784e-16
-7.640000000000001,67597.88649514203,0.0007155496584294924,0.0005006594441074548,1.000007155522185,2.09973326908067,8096028618.20148,5612555152.496461,-1.9073486328125e-06,1.9073486328125e-06,-1.391353523036643e-16
-7.619999999999997,65333.61012955494,0.0007256103119650347,0.0005054054865545614,1.0000072561294453,2.099733736849611,7624552615.505175,5181041406.265955,0.0,0.0,0.0
-7.600000000000001,63148.22085549005,0.0007357658581768282,0.0005101485718884278,1.0000073576856494,2.0997342090307027,7180533237.72988,4782704013.430182,-1.9073486328125e-06,1.9073486328125e-06,-1.5943415585883972e-16
-7.579999999999998,61038.86138126988,0.0007460162295438912,0.0005148878628531571,1.0000074601901225,2.0997346856208092,6762371535.516812,4414992254.726314,0.0,0.0,0.0
-7.560000000000002,59002.78138181174,0.0007563613418390142,0.0005196225261787548,1.0000075636420225,2.099735166616018,6368561675.069467,4075551519.508315,-1.9073486328125e-06,1.9073486328125e-06,-1.8262427808799181e-16
-7.539999999999999,57037.3333993716,0.0007668010942142058,0.0005243517331495834,1.0000076680403414,2.099735652011643,5997685515.524261,3762208228.198971,0.0,0.0,0.0
-7.519999999999996,55139.96890343861,0.0007773353692973683,0.000529074660164394,1.0000077733839057,2.0997361418022313,5648407502.112658,3472955913.9607286,-1.9073486328125e-06,1.9073486328125e-06,-2.0910784335293093e-16
-7.5,53308.234503554595,0.0007879640333001217,0.0005337904892872094,1.0000078796713774,2.099736635981566,5319469856.720962,3205942374.457339,0.0,0.0,0.0
-7.479999999999997,51539.76830910106,0.0007986869361365474,0.000538498408788298,1.0000079869012566,2.099737134542673,5009688048.530239,2959457811.435117,0.0,0.0,0.0
-7.460000000000001,49832.29643032801,0.0008095039115526079,0.0005431976136745095,1.0000080950718804,2.099737637477825,4717946528.426723,2731923882.177418,0.0,0.0,0.0
-7.439999999999998,48183.629615099635,0.0008204147772661193,0.000547887306208325,1.0000082041814267,2.0997381447785513,4443194711.819176,2521883592.7219806,0.0,0.0,0.0
-7.420000000000002,46591.6600160836,0.0008314193351169237,0.0005525666964149191,1.0000083142279141,2.099738656435642,4184443195.400437,2327991968.1259546,1.9073486328125e-06,1.9073486328125e-06,2.9287794569992e-16
-7.399999999999999,45054.358083277235,0.000842517371227141,0.000557235002576663,1.000008425209204,2.0997391724391568,3940760194.2260385,2149007440.033838,-9.5367431640625e-07,9.5367431640625e-07,-1.5660274305249917e-16
-7.3799999999999955,43569.76957700097,0.000853708656171121,0.0005618914517144264,1.0000085371230027,2.0997396927784324,3711268186.282624,1983783896.4017086,9.5367431640625e-07,9.5367431640625e-07,1.6745664520861156e-16
-7.359999999999999,42136.01269664682,0.0008649929451549238,0.0005665352800551676,1.0000086499668623,2.0997402174420907,3495140752.4605575,1831263342.4670186,0.0,0.0,0.0
-7.339999999999996,40751.27532067422,0.0008763699782050119,0.0005711657334852695,1.0000087637381834,2.099740746418048,3291599600.552286,1690469125.9699118,-9.5367431640625e-07,9.5367431640625e-07,-1.9142134891222995e-16
-7.32,39413.81235351953,0.0008878394803658205,0.000575782067989124,1.0000088784342167,2.0997412796935246,3099911762.5602603,1560499683.2447793,-9.5367431640625e-07,9.5367431640625e-07,-2.046330730809189e-16
-7.299999999999997,38121.94317523843,0.000899401161906011,0.0005803835500725555,1.0000089940520653,2.099741817255053,2919386955.2198625,1440522766.1344054,-9.5367431640625e-07,9.5367431640625e-07,-2.187371704684586e-16
-7.280000000000001,36874.049189890204,0.0009110547185329702,0.0005849694571706191,1.0000091105886866,2.0997423590884887,2749375094.2346063,1329770112.7607834,0.0,0.0,0.0
-7.259999999999998,35668.571468799055,0.0009227998316153741,0.0005895390780394534,1.0000092280408943,2.0997429051790206,2589263953.26998,1227532528.025864,-9.5367431640625e-07,9.5367431640625e-07,-2.4986250132933996e-16
-7.240000000000002,34504.00848500778,0.0009346361684133584,0.000594091713131795,1.0000093464053614,2.0997434555111836,2438476959.2778397,1133155342.342004,4.76837158203125e-07,4.76837158203125e-07,1.3350678839659247e-16
-7.219999999999999,33378.91393535433,0.0009465633823161018,0.0005986266749559088,1.0000094656786225,2.0997440100688642,2296471116.2102103,1046034219.5112352,-4.76837158203125e-07,4.76837158203125e-07,-1.4265860784352586e-16
-7.199999999999996,32291.89464676849,0.0009585811130863549,0.0006031432884176178,1.000009585857075,2.0997445688353182,2162735049.647387,965611286.9105955,-4.76837158203125e-07,4.76837158203125e-07,-1.5242466996404255e-16
-7.18,31241.60856349474,0.0009706889871116828,0.0006076408911452489,1.000009706936983,2.0997451317931772,2036787165.297503,891371563.2026205,-4.76837158203125e-07,4.76837158203125e-07,-1.6284539264216702e-16
-7.159999999999997,30226.762812091016,0.0009828866176620332,0.0006121188337972885,1.00000982891448,2.0997456989244654,1918173914.736769,822839660.696537,0.0,0.0,0.0
-7.140000000000001,29246.111841174912,0.000995173605153241,0.0006165764803525801,1.0000099517855703,2.099746270210608,1806468162.1455672,759576741.2442183,-4.76837158203125e-07,4.76837158203125e-07,-1.8582572626964896e-16
-7.119999999999997,28298.45563299469,0.0010075495374162256,0.0006210132083829869,1.000010075546132,2.0997468456324433,1701267646.157799,701177706.1776211,0.0,0.0,0.0
-7.100000000000001,27382.637984036413,0.001020013989971396,0.000625428409308391,1.0000102001919213,2.0997474251702415,1602193531.2857916,647268602.2944579,4.76837158203125e-07,4.76837158203125e-07,2.1197829945200664e-16
-7.079999999999998,26497.544851965533,0.0010325665263080496,0.000629821488634032,1.0000103257185728,2.0997480088037097,1508889043.7030497,597504227.280837,0.0,0.0,0.0
-7.060000000000002,25642.10276632825,0.001045206698168269,0.0006341918661701239,1.0000104521216047,2.0997485965120104,1421018186.4734027,551565919.2380651,2.384185791015625e-07,2.384185791015625e-07,1.2086611575012243e-16
-7.039999999999999,24815.27730051747,0.0010579340458351063,0.000638538976233825,1.0000105793964198,2.099749188273773,1338264529.5988464,509159516.15842247,2.384185791015625e-07,2.384185791015625e-07,1.2905460410030072e-16
-7.019999999999996,24016.071602625678,0.001070748098424564,0.0006428622678335626,1.0000107075383096,2.099749784067108,1260330070.5299897,470013472.28414434,2.384185791015625e-07,2.384185791015625e-07,1.3778684574075614e-16
-7.0,23243.52498288242,0.0010836483741811296,0.0006471612048358418,1.0000108365424567,2.0997503838696194,1186934161.0348933,433877119.2874425,2.384185791015625e-07,2.384185791015625e-07,1.4709829681422118e-16
-6.979999999999997,22496.711555474914,0.0010966343807764756,0.0006514352661146349,1.0000109664039383,2.099750987658421,1117812496.5622272,400519061.1373775,-2.384185791015625e-07,2.384185791015625e-07,-1.570266899629413e-16
-6.960000000000001,21774.73893263545,0.0011097056156109245,0.0006556839456834866,1.0000110971177287,2.0997515954101473,1052716164.459583,369725692.3753474,0.0,0.0,0.0
-6.939999999999998,21076.746968952877,0.0011228615661174571,0.0006599067528105452,1.0000112286787024,2.099752207100972,991410747.6188694,341299830.31079566,-2.384185791015625e-07,2.384185791015625e-07,-1.7889749107889564e-16
-6.920000000000002,20401.906553959867,0.0011361017100677759,0.0006641032121166723,1.0000113610816372,2.0997528227066167,933675480.321707,315059452.37888545,0.0,0.0,0.0
-6.899999999999999,19749.418451107533,0.0011494255158802395,0.0006682728636569099,1.000011494321218,2.0997534422023705,879302453.2442135,290836530.5745674,0.0,0.0,0.0
-6.8799999999999955,19118.512181328526,0.00116283244292919,0.0006724152629855088,1.0000116283920386,2.0997540655630997,828095864.7590146,268475955.49975634,-2.384185791015625e-07,2.384185791015625e-07,-2.1742176320814793e-16
-6.859999999999999,18508.444949446264,0.0011763219418554679,0.0006765299812048283,1.0000117632886054,2.099754692763266,779871315.8378277,247834543.1336001,-1.1920928955078125e-07,1.1920928955078125e-07,-1.1599553341705073e-16
-6.839999999999996,17918.5006117646,0.0011898934548777442,0.0006806166049983923,1.0000118990053415,2.0997553237769404,734455146.0157392,228780117.9658871,0.0,0.0,0.0
-6.82,17347.988683236817,0.0012035464161043118,0.0006846747366484023,1.0000120355365876,2.099755958577814,691683808.0260723,211190666.62257662,-1.1920928955078125e-07,1.1920928955078125e-07,-1.3203307062139948e-16
-6.799999999999997,16796.243382668057,0.0012172802518451464,0.0006887039940380812,1.0000121728766074,2.0997565971392183,651403278.8534448,194953556.5635885,2.384185791015625e-07,2.384185791015625e-07,2.816998321902642e-16
-6.780000000000001,16262.622714477506,0.0012310943809237854,0.0006927040106391564,1.0000123110195893,2.099757239434134,613468505.0846721,179964814.85006303,0.0,0.0,0.0
-6.759999999999998,15746.507585591286,0.0012449882149888937,0.0006966744354849013,1.0000124499596499,2.09975788543521,577742880.5596871,166128462.36253548,0.0,0.0,0.0
-6.740000000000002,15247.300956105497,0.0012589611588250664,0.0007006149331290717,1.0000125896908378,2.099758535114776,544097754.4419205,153355899.20693594,0.0,0.0,0.0
-6.719999999999999,14764.427022400016,0.0012730126106627537,0.0007045251835911849,1.000012730207135,2.099759188444856,512411967.93622756,141565337.37274212,-1.1920928955078125e-07,1.1920928955078125e-07,-1.8228352604943934e-16
-6.699999999999996,14297.330431446526,0.0012871419624868824,0.000708404882288509,1.0000128715024619,2.099759845397184,482571417.9864438,130681277.01051553,1.1920928955078125e-07,1.1920928955078125e-07,1.9438852876660097e-16
-6.68,13845.475525093687,0.0013013486003440392,0.0007122537399552189,1.0000130135706793,2.099760505943218,454468646.3810982,120634022.97508888,0.0,0.0,0.0
-6.659999999999997,13408.345613165924,0.001315631904647912,0.0007160714825491403,1.0000131564055912,2.0997611700541543,428002452.78775585,111359238.53868411,-1.1920928955078125e-07,1.1920928955078125e-07,-2.2101919918250964e-16
-6.640000000000001,12985.442274257663,0.0013299912504826932,0.0007198578511465062,1.000013300000949,2.0997618377009406,403077530.3225801,102797533.41622958,0.0,0.0,0.0
-6.619999999999997,12576.284683143069,0.0013444260079043416,0.0007236126018252103,1.0000134443504536,2.0997625088542913,379604122.342532,94894083.46474676,-5.960464477539063e-08,5.960464477539063e-08,-1.2561616415433912e-16
-6.600000000000001,12180.408963772354,0.0013589355422393133,0.0007273355055369677,1.0000135894477582,2.0997631834847015,357497699.224577,87598279.62168689,1.1920928955078125e-07,1.1920928955078125e-07,2.6782827671777314e-16
-6.579999999999998,11797.367566856316,0.0013735192143807123,0.0007310263479688859,1.000013735286472,2.0997638615624585,336678653.9676726,80863403.83412547,5.960464477539063e-08,5.960464477539063e-08,1.4275123514369494e-16
-6.560000000000002,11426.728671089337,0.0013881763810814883,0.0007346849293948651,1.000013881860163,2.099764543057659,317072015.5216417,74646329.90374617,-5.960464477539063e-08,5.960464477539063e-08,-1.5216199382022408e-16
-6.539999999999999,11068.075607089073,0.0014029063952446467,0.0007383110645173348,1.0000140291623603,2.0997652279402192,298607178.8103537,68907247.33191678,5.960464477539063e-08,5.960464477539063e-08,1.6218314219798877e-16
-6.519999999999996,10721.006303175827,0.0014177086062101224,0.0007419045822997524,1.0000141771865574,2.0997659161798903,281217650.4772385,63609406.39659848,0.0,0.0,0.0
-6.5,10385.132752141424,0.0014325823600382685,0.000745465325790363,1.0000143259262155,2.099766607746271,264840809.43735793,58718882.82865163,0.0,0.0,0.0
-6.479999999999997,10060.080498195324,0.0014475269997897347,0.0007489931519376699,1.000014475374765,2.0997673026088197,249417681.37384593,54204360.58068917,5.960464477539063e-08,5.960464477539063e-08,1.963119804460917e-16
-6.460000000000001,9745.488143307293,0.0014625418658015265,0.0007524879313980727,1.00001462552561,2.0997680007368693,234892726.3667076,50036931.297470376,0.0,0.0,0.0
-6.439999999999998,9441.006872192489,0.0014776262959592188,0.0007559495483361595,1.0000147763721292,2.099768702099638,221213638.88907287,46189909.20371938,5.960464477539063e-08,5.960464477539063e-08,2.2290147132477673e-16
-6.420000000000002,9146.299995220723,0.0014927796259650223,0.0007593779002180759,1.0000149279076798,2.0997694066662427,208331159.45084462,42638660.22406855,2.9802322387695312e-08,2.9802322387695312e-08,1.187486295242758e-16
-6.399999999999999,8861.042508552795,0.0015080011896017377,0.0007627728975984641,1.0000150801256,2.0997701144057106,196198897.21128857,39360444.24086285,-5.960464477539063e-08,5.960464477539063e-08,-2.5303451723303297e-16
-6.3799999999999955,8584.92067084088,0.0015232903189923057,0.0007661344639013791,1.0000152330192111,2.099770825286992,184773162.92193142,36334269.47977975,0.0,0.0,0.0
-6.359999999999999,8317.631595849958,0.0015386463448549754,0.0007694625351956585,1.0000153865818209,2.0997715392789726,174012811.5980612,33540758.09080227,0.0,0.0,0.0
-6.339999999999996,8058.882860386241,0.001554068596753926,0.0007727570599651662,1.0000155408067246,2.099772256350483,163879094.35233033,30962022.063818995,-2.9802322387695312e-08,2.9802322387695312e-08,-1.529570483617399e-16
-6.32,7808.392126942279,0.001569556403345192,0.0007760179988743319,1.0000156956872095,2.099772976470312,154335518.8569333,28581548.684295453,0.0,0.0,0.0
-6.299999999999997,7565.886780488433,0.0015851090926179384,0.0007792453245294309,1.0000158512165553,2.0997736996072183,145347717.93178144,26384094.795518246,0.0,0.0,0.0
-6.280000000000001,7331.103578867824,0.0016007259921308331,0.0007824390212359857,1.0000160073880382,2.0997744257299393,136883325.78556073,24355589.19035784,0.0,0.0,0.0
-6.259999999999998,7103.7883162674825,0.001616406429243622,0.0007855990847527285,1.0000161641949317,2.0997751548072032,128911861.46389815,22483042.507496692,0.0,0.0,0.0
-6.240000000000002,6883.695499264606,0.001632149731343661,0.0007887255220424823,1.0000163216305098,2.099775886807741,121404619.08502677,20754464.0551761,2.9802322387695312e-08,2.9802322387695312e-08,2.0964064545988042e-16
-6.219999999999999,6670.588034961119,0.0016479552260675306,0.0007918183510203832,1.0000164796880493,2.0997766217002938,114334564.46758255,19158785.029826682,-1.4901161193847656e-08,1.4901161193847656e-08,-1.116247439708584e-16
-6.199999999999996,6464.23693074385,0.001663822241517504,0.0007948776002997851,1.000016638360831,2.0997773594536238,107676237.7783701,17685787.637940362,1.4901161193847656e-08,1.4901161193847656e-08,1.188650302575505e-16
-6.18,6264.421005221335,0.0016797501064729715,0.0007979033089362363,1.0000167976421435,2.0997781000365263,101405661.84945458,16326039.667305693,0.0,0.0,0.0
-6.159999999999997,6070.926609908627,0.001695738150596728,0.0008008955261698758,1.000016957525283,2.0997788434178366,95500255.83445273,15070834.08864633,0.0,0.0,0.0
-6.140000000000001,5883.54736124804,0.0017117857046360383,0.0008038543111665783,1.0000171180035577,2.0997795895664404,89938753.89311089,13912133.300910586,-2.9802322387695312e-08,2.9802322387695312e-08,-2.8697224058796993e-16
-6.119999999999997,5702.0838825675755,0.0017278921006186,0.0008067797327582088,1.0000172790702877,2.0997803384512834,84701128.6112933,12842517.663180266,-1.4901161193847656e-08,1.4901161193847656e-08,-1.52764033765429e-16
-6.100000000000001,5526.343555598117,0.0017440566720432166,0.0008096718691822763,1.000017440718808,2.0997810900413794,79768518.88067505,11855137.983640991,0.0,0.0,0.0
-6.079999999999998,5356.140281181127,0.0017602787540653493,0.000812530807821328,1.0000176029424706,2.0997818443058187,75123161.97836459,10943671.661367964,-1.4901161193847656e-08,1.4901161193847656e-08,-1.731347628364864e-16
-6.060000000000002,5191.294248817116,0.0017765576836773658,0.0008153566449423507,1.0000177657346456,2.099782601213778,70748329.60192932,10102282.200097121,0.0,0.0,0.0
-6.039999999999999,5031.631714714806,0.0017928927998836716,0.0008181494854364994,1.000017929088723,2.099783360734526,66628267.62942504,9325581.834720282,1.4901161193847656e-08,1.4901161193847656e-08,1.961870384058888e-16
-6.019999999999996,4876.984788018023,0.0018092834438705547,0.000820909442559396,1.000018092998115,2.099784122837435,62748139.38755138,8608597.031196458,-1.4901161193847656e-08,1.4901161193847656e-08,-2.0882626509026468e-16
-6.0,4727.191224896685,0.0018257289591709026,0.0008236366376722896,1.000018257456257,2.0997848874919844,59093972.22359746,7946736.63895304,7.450580596923828e-09,7.450580596923828e-09,1.1113516682586632e-16
-5.979999999999997,4582.094230202515,0.0018422286918237528,0.0008263311999843167,1.0000184224566095,2.099785654667771,55652607.18879629,7335762.491847054,-7.450580596923828e-09,7.450580596923828e-09,-1.1828501652488793e-16
-5.960000000000001,4441.542266401765,0.0018587819905286425,0.0008289932662960981,1.00001858799266,2.099786424334515,52411651.65190477,6771762.269434083,7.450580596923828e-09,7.450580596923828e-09,1.2588966804931254e-16
-5.939999999999998,4305.388869506602,0.0018753882067949355,0.0008316229807449218,1.000018754057923,2.0997871964620667,49359434.67233575,6251124.444758785,7.450580596923828e-09,7.450580596923828e-09,1.339777990706925e-16
-5.920000000000002,4173.492471740583,0.0018920466950859735,0.0008342204945517013,1.000018920645944,2.099787971020415,46484964.972175024,5770515.15825401,-7.450580596923828e-09,7.450580596923828e-09,-1.4257988404163057e-16
-5.899999999999999,4045.7162306808173,0.001908756812958283,0.0008367859657699502,1.0000190877502984,2.0997887479796913,43777891.35570014,5326856.869656074,-7.450580596923828e-09,7.450580596923828e-09,-1.517283062756685e-16
-5.8799999999999955,3921.9278646324587,0.0019255179211956936,0.0008393195590369334,1.0000192553645941,2.0997895273101777,41228465.43390247,4917308.651241405,0.0,0.0,0.0
-5.859999999999999,3801.9994939980975,0.001942329383938561,0.0008418214453272113,1.0000194234824729,2.0997903089823127,38827506.51975395,4539247.996189434,0.0,0.0,0.0
-5.839999999999996,3685.807488415503,0.001959190568808089,0.0008442918017087342,1.0000195920976107,2.0997910929666954,36566368.5678151,4190254.0255851955,0.0,0.0,0.0
-5.82,3573.232319445874,0.0019761008470257383,0.0008467308111016473,1.0000197612037203,2.0997918792340937,34436909.03913853,3868091.98653016,0.0,0.0,0.0
-5.799999999999997,3464.1584186018645,0.0019930595935279283,0.0008491386620399795,1.000019930794551,2.0997926677554464,32431459.579327196,3570698.9420931004,0.0,0.0,0.0
-5.780000000000001,3358.474040515068,0.002010066187075913,0.000851515548436333,1.0000201008638905,2.099793458501872,30542798.404181857,3296170.5614716606,0.0,0.0,0.0
-5.759999999999998,3256.0711310479705,0.0020271200103610687,0.0008538616693497327,1.0000202714055657,2.0997942514446697,28764124.293471795,3042748.9257728676,0.0,0.0,0.0
-5.740000000000002,3156.8452001654005,0.002044220450105483,0.0008561772287567344,1.0000204424134442,2.099795046555329,27089032.099201147,2808811.2713313554,-3.725290298461914e-09,3.725290298461914e-09,-1.2460062723112004e-16
-5.719999999999999,3060.695199385297,0.002061366897158092,0.0008584624353259314,1.0000206138814347,2.099795843805528,25511489.68015267,2592859.5984809697,-3.725290298461914e-09,3.725290298461914e-09,-1.3255208235551492e-16
-5.699999999999996,2967.5234036379115,0.002078558746586253,0.0008607175021959377,1.0000207858034877,2.0997966431671427,24025816.17966813,2393511.0792432423,0.0,0.0,0.0
-5.68,2877.235297367163,0.0020957953977629724,0.0008629426467569663,1.000020958173597,2.0997974446122485,22626661.568426322,2209489.20250699,-3.725290298461914e-09,3.725290298461914e-09,-1.4999465971447389e-16
-5.659999999999997,2789.739464715593,0.0021130762544498017,0.0008651380904360802,1.0000211309858007,2.0997982481131263,21308987.378557462,2039615.599998949,3.725290298461914e-09,3.725290298461914e-09,1.595508719240554e-16
-5.640000000000001,2704.9474836404024,0.0021304007248754172,0.000867304058486186,1.0000213042341808,2.099799053642262,20068048.55972005,1882802.5007042456,0.0,0.0,0.0
-5.619999999999997,2622.7738238129095,0.0021477682218101067,0.0008694407797788638,1.000021477912865,2.0997998611723556,18899376.39179063,1738045.7654177027,-3.725290298461914e-09,3.725290298461914e-09,-1.805113977436819e-16
-5.600000000000001,2543.1357481611753,0.0021651781626360533,0.0008715484866010678,1.0000216520160279,2.0998006706763195,17798762.392648075,1604418.4568251793,3.725290298461914e-09,3.725290298461914e-09,1.9199377278465104e-16
-5.579999999999998,2465.9532179190796,0.0021826299694136944,0.0008736274144557779,1.0000218265378895,2.099801482127284,16762243.163088923,1481064.9039397251,0.0,0.0,0.0
-5.560000000000002,2391.1488010522776,0.0022001230689440297,0.0008756778018666308,1.0000220014727184,2.0998022954986,15786086.11431239,1367195.2228863346,0.0,0.0,0.0
-5.539999999999999,2318.647583934637,0.0022176568928271656,0.0008776998901865862,1.0000221768148303,2.0998031107638417,14866776.026566053,1262080.2589480795,3.725290298461914e-09,3.725290298461914e-09,2.3097048839198667e-16
-5.519999999999996,2248.3770861553767,0.0022352308775169796,0.0008796939234106464,1.0000223525585898,2.0998039278968084,14001002.390560338,1165046.917486836,1.862645149230957e-09,1.862645149230957e-09,1.2281675032874478e-16
-5.5,2180.267178340221,0.0022528444643721375,0.0008816601479926705,1.000022528698411,2.0998047468715275,13185647.486058166,1075473.8538394775,0.0,0.0,0.0
-5.479999999999997,2114.2500028753157,0.0022704970997034953,0.0008835988126662991,1.000022705228757,2.0998055676622576,12417775.154713772,992787.4945906408,-3.725290298461914e-09,3.725290298461914e-09,-2.777877269269477e-16
-5.460000000000001,2050.2598974268767,0.0022881882348178926,0.0008855101682699962,1.0000228821441404,2.0998063902434874,11694620.226733228,916458.3647448687,0.0,0.0,0.0
-5.439999999999998,1988.233321152837,0.0023059173260585853,0.0008873944675762341,1.0000230594391253,2.0998072145899425,11013578.563274236,845997.6972787434,0.0,0.0,0.0
-5.420000000000002,1928.108783508046,0.0023236838348422006,0.0008892519651248054,1.0000232371083257,2.0998080406765824,10372197.678735565,780954.3033634733,0.0,0.0,0.0
-5.399999999999999,1869.8267755468942,0.0023414872276925013,0.0008910829170602792,1.0000234151464071,2.0998088684786045,9768167.909157934,720911.6832158008,0.0,0.0,0.0
-5.3799999999999955,1813.3297036323347,0.002359326976270849,0.0008928875809735798,1.0000235935480861,2.099809697971445,9199314.094940662,665485.3590776015,0.0,0.0,0.0
-5.359999999999999,1758.5618254625101,0.0023772025574035956,0.0008946662157476856,1.0000237723081309,2.0998105291307807,8663587.747916901,614320.4132455236,0.0,0.0,0.0
-5.339999999999996,1705.4691883303713,0.0023951134531064386,0.0008964190814074319,1.0000239514213618,2.0998113619325287,8159059.674583095,567089.215385929,-1.862645149230957e-09,1.862645149230957e-09,-2.1345552597157555e-16
-5.32,1653.9995695348398,0.0024130591506057435,0.0008981464389733873,1.0000241308826512,2.0998121963528495,7683913.028919892,523489.32458233106,-9.313225746154785e-10,9.313225746154785e-10,-1.1347345922977876e-16
-5.299999999999997,1604.1024188645215,0.002431039142357084,0.0008998485503197979,1.0000243106869235,2.099813032368146,7236436.7697826065,483241.55268084304,-1.862645149230957e-09,1.862645149230957e-09,-2.412852666615538e-16
-5.280000000000001,1555.7288030790369,0.0024490529260608744,0.0009015256780365511,1.000024490829156,2.099813869955065,6815019.499306305,446088.17653295194,0.0,0.0,0.0
-5.259999999999998,1508.8313523147174,0.0024671000046753906,0.0009031780852951464,1.0000246713043783,2.0998147090904973,6418143.660131702,411791.28768737003,0.0,0.0,0.0
-5.240000000000002,1463.364208345351,0.00248517988642704,0.0009048060357186212,1.000024852107673,2.09981554975158,6044380.070560708,380131.26896381914,0.0,0.0,0.0
-5.219999999999999,1419.2829746301634,0.0025032920848181784,0.0009064097932554105,1.0000250332341745,2.0998163919156934,5692382.77795748,350905.3881531919,0.0,0.0,0.0
-5.199999999999996,1376.544668084863,0.002521436118632343,0.0009079896220570829,1.000025214679071,2.0998172355604656,5360884.211866086,323926.49983935466,0.0,0.0,0.0
-5.18,1335.1076725130738,0.002539611511937142,0.0009095457863599228,1.0000253964376034,2.099818080663769,5048690.619387288,299021.847029521,9.313225746154785e-10,9.313225746154785e-10,1.7415338142685972e-16
-5.159999999999997,1294.9316936384303,0.0025578177940848205,0.0009110785503703086,1.0000255785050651,2.0998189272037213,4754677.766378396,276031.95491967147,0.0,0.0,0.0
-5.140000000000001,1255.977715679816,0.0025760544997104964,0.0009125881781538316,1.0000257608768028,2.099819775158687,4477786.888996801,254809.60971141176,0.0,0.0,0.0
-5.119999999999997,1218.2079594139163,0.002594321168728323,0.0009140749335281176,1.0000259435482153,2.0998206245072755,4217020.881005697,235218.91594100013,0.0,0.0,0.0
-5.100000000000001,1181.5858416721312,0.002612617346325434,0.0009155390799592853,1.0000261265147548,2.099821475228341,3971440.7031154153,217134.42628448468,-4.656612873077393e-10,4.656612873077393e-10,-1.11174096077083e-16
-5.079999999999998,1146.0759362200254,0.0026309425829539592,0.0009169808804620006,1.0000263097719255,2.099822327300983,3740162.0014269543,200440.3382664893,-4.656612873077393e-10,4.656612873077393e-10,-1.1817001540123135e-16
-5.060000000000002,1111.64393597028,0.002649296434320978,0.0009184005975030556,1.000026493315285,2.099823180704545,3522351.922803428,185029.75272906592,-9.313225746154785e-10,9.313225746154785e-10,-2.512074905237267e-16
-5.039999999999999,1078.2566164811294,0.002667678461376672,0.0009197984929084312,1.0000266771404422,2.0998240354186137,3317226.1156985206,170803.98931207584,-9.313225746154785e-10,9.313225746154785e-10,-2.670051536005335e-16
-5.019999999999996,1045.881800694841,0.0026860882303005687,0.0009211748277737679,1.0000268612430598,2.0998248914230206,3124045.905644277,157671.95456202346,-9.313225746154785e-10,9.313225746154785e-10,-2.837909955627739e-16
-5.0,1014.4883248718188,0.0027045253124860823,0.0009225298623781969,1.000027045618851,2.0998257486978376,2942115.6352248997,145549.55862293707,0.0,0.0,0.0
-4.979999999999997,984.0460056779766,0.0027229892845233726,0.0009238638561014663,1.0000272302635822,2.0998266072233798,2770780.158958477,134359.17677419144,4.656612873077393e-10,4.656612873077393e-10,1.6028868047799316e-16
-4.960000000000001,954.5256083846075,0.0027414797281805057,0.0009251770673442946,1.0000274151730708,2.0998274669802015,2609422.4840660524,124029.15236730971,4.656612873077393e-10,4.656612873077393e-10,1.7035638142708456e-16
-4.939999999999998,925.8988161410889,0.00275999623038316,0.0009264697534519,1.0000276003431863,2.0998283279490986,2457461.548630694,114493.33797874088,0.0,0.0,0.0
-4.920000000000002,898.1382002828585,0.0027785383831927216,0.000927742170640626,1.0000277857698492,2.0998291901111044,2314350.129147439,105690.6718405472,4.656612873077393e-10,4.656612873077393e-10,1.9241860842652804e-16
-4.899999999999999,871.2171916378072,0.002797105783783054,0.0009289945739276167,1.0000279714490314,2.0998300534474903,2179572.869927163,97564.7868365936,0.0,0.0,0.0
-4.8799999999999955,845.110052796258,0.002815698034415787,0.0009302272170634599,1.0000281573767555,2.099830917939764,2052644.427259818,90063.6495605861,0.0,0.0,0.0
-4.859999999999999,819.7918513104087,0.002834314742414357,0.000931440352467744,1.0000283435490949,2.0998317835696687,1933107.7216526726,83139.22712461589,0.0,0.0,0.0
-4.839999999999996,795.2384337907445,0.0028529555201367877,0.0009326342311674585,1.000028529962173,2.0998326503191826,1820532.291850322,76747.17958468315,0.0,0.0,0.0
-4.82,771.4264008680796,0.0028716199849471965,0.0009338091027381692,1.0000287166121635,2.099833518170515,1714512.7447095022,70846.57601369284,0.0,0.0,0.0
-4.799999999999997,748.3330829907597,0.002890307759186254,0.00093496521524791,1.0000289034952898,2.0998343871061067,1614667.2953455793,65399.632403762385,-2.3283064365386963e-10,2.3283064365386963e-10,-1.3858397472437552e-16
-4.780000000000001,725.9365170281424,0.002909018470140444,0.0009361028152037148,1.0000290906078249,2.099835257108629,1520636.392294888,60371.46971959113,0.0,0.0,0.0
-4.759999999999998,704.2154236520032,0.002927751750010379,0.0009372221475007326,1.0000292779460909,2.099836128160984,1432081.4227408164,55729.890553539684,0.0,0.0,0.0
-4.740000000000002,683.1491854690795,0.0029465072358780256,0.0009383234553738497,1.0000294655064583,2.0998370002462954,1348683.4931421883,51445.172952311455,2.3283064365386963e-10,2.3283064365386963e-10,1.6629207022600388e-16
-4.719999999999999,662.717825878425,0.0029652845696730864,0.0009394069803517644,1.0000296532853468,2.0998378733479175,1270142.2808718164,47489.88009496573,2.3283064365386963e-10,2.3283064365386963e-10,1.7670354405606008e-16
-4.699999999999996,642.9019886287011,0.002984083398138392,0.0009404729622134362,1.0000298412792235,2.099838747449425,1196174.9527308687,43838.68460360364,2.3283064365386963e-10,2.3283064365386963e-10,1.877642651412134e-16
-4.68,623.6829180510082,0.003002903372794508,0.0009415216389468517,1.0000300294846038,2.099839622534616,1126515.1464437607,40468.2063616753,0.0,0.0,0.0
-4.659999999999997,605.042439944009,0.003021744149903545,0.0009425532467100395,1.0000302178980505,2.0998404985875094,1060912.0114661902,37356.86280140965,2.3283064365386963e-10,2.3283064365386963e-10,2.1199744793669928e-16
-4.640000000000001,586.962943088929,0.0030406053904321385,0.0009435680197942647,1.0000304065161731,2.0998413755923426,999129.3056523956,34484.73070170465,0.0,0.0,0.0
-4.619999999999997,569.4273613725984,0.0030594867600138172,0.0009445661905893465,1.0000305953356279,2.099842253533569,940944.5445280737,31833.41861148424,0.0,0.0,0.0
-4.600000000000001,552.4191564978514,0.0030783879289105922,0.0009455479895510235,1.0000307843531175,2.0998431323958577,886148.2001061352,29385.949081630137,0.0,0.0,0.0
-4.579999999999998,535.9223012609492,0.0030973085719740176,0.0009465136451703134,1.0000309735653907,2.0998440121640924,834542.9463594682,27126.649951337786,2.3283064365386963e-10,2.3283064365386963e-10,2.7020806728695944e-16
-4.560000000000002,519.9212633768134,0.0031162483686055543,0.0009474633839447921,1.0000311629692413,2.099844892823367,785942.9486342586,25041.053992788547,0.0,0.0,0.0
-4.539999999999999,504.4009898331678,0.00313520700271648,0.0009483974303517403,1.0000313525615085,2.099845774358985,740173.1944443648,23115.80627149315,-1.1641532182693481e-10,1.1641532182693481e-10,-1.5251759353839709e-16
-4.519999999999996,489.34689175572674,0.0031541841626871853,0.0009493160068230828,1.000031542339076,2.099846656756458,697068.8632374541,21338.578629121774,0.0,0.0,0.0
-4.5,474.7448297668922,0.003173179541326051,0.000950219333722067,1.000031732298872,2.099847540001504,656474.7328629312,19697.99074119915,0.0,0.0,0.0
-4.479999999999997,460.58109982124483,0.0031921928358278734,0.000951107629321617,1.0000319224378684,2.0998484240800446,618244.6206044969,18183.537244173313,0.0,0.0,0.0
-4.460000000000001,446.8424195016998,0.0032112237477318092,0.000951981109784293,1.0000321127530807,2.099849308978202,582240.8567645717,16785.52046522685,0.0,0.0,0.0
-4.439999999999998,433.5159147606022,0.0032302719828790336,0.0009528399891438094,1.0000323032415672,2.0998501946823014,548333.7889045752,15494.988324058122,1.1641532182693481e-10,1.1641532182693481e-10,2.064720584833438e-16
-4.420000000000002,420.58910709086797,0.0032493372513699393,0.0009536844792880362,1.000032493900429,2.0998510811788633,516401.31495620724,14303.677009008341,0.0,0.0,0.0
-4.399999999999999,408.04990111250316,0.0032684192675211123,0.0009545147899434349,1.0000326847268093,2.0998519684546055,486328.4435220207,13203.958060450137,5.820766091346741e-11,5.820766091346741e-11,1.1652380515524166e-16
-4.3799999999999955,395.88657256064715,0.0032875177498219157,0.0009553311286608606,1.000032875717893,2.0998528564964385,458006.8797822651,12188.78952260495,5.820766091346741e-11,5.820766091346741e-11,1.2379399633846795e-16
-4.359999999999999,384.0877566615203,0.003306632420890864,0.0009561337008026765,1.0000330668709059,2.099853745291467,431334.63551652717,11251.670850982966,0.0,0.0,0.0
-4.339999999999996,372.6424368832929,0.0033257630074317573,0.0009569227095311182,1.0000332581831155,2.0998546348269844,406215.6618359503,10386.601286704274,0.0,0.0,0.0
-4.32,361.53993404934647,0.0033449092401895233,0.0009576983557978504,1.000033449651829,2.0998555250904714,382559.50330355525,9588.041431157333,0.0,0.0,0.0
-4.299999999999997,350.76989580169413,0.003364070853905966,0.000958460838334658,1.000033641274394,2.0998564160695947,360280.97219689115,8850.877774933535,5.820766091346741e-11,5.820766091346741e-11,1.5768709689409934e-16
-4.280000000000001,340.32228640298257,0.0033832475872752304,0.0009592103536452112,1.0000338330481975,2.099857307752206,339299.84174028895,8170.389953911453,0.0,0.0,0.0
-4.259999999999998,330.18737686565566,0.0034024391828992194,0.0009599470959978501,1.0000340249706652,2.099858200126337,319540.5572017496,7542.22052280872,0.0,0.0,0.0
-4.240000000000002,320.35573539750214,0.0034216453872427687,0.0009606712574193277,1.000034217039262,2.099859093180201,300931.96381436026,6962.347052657598,0.0,0.0,0.0
-4.219999999999999,310.81821815294876,0.0034408659505888164,0.0009613830276894572,1.0000344092514906,2.0998599869021866,283407.0505422203,6427.056373524963,5.820766091346741e-11,5.820766091346741e-11,2.0082950146565709e-16
-4.199999999999996,301.5659602800588,0.003460100626993368,0.0009620825943366022,1.0000346016048915,2.099860881280859,266902.70876837923,5932.920797549231,5.820766091346741e-11,5.820766091346741e-11,2.1334168494860578e-16
-4.18,292.5903672533445,0.00347934917424045,0.0009627701426339563,1.0000347940970429,2.099861776304957,251359.50503562822,5476.776170035018,0.0,0.0,0.0
-4.159999999999997,283.88310648297147,0.003498611353796996,0.0009634458555965541,1.0000349867255591,2.09986267196339,236721.4670218438,5055.701608060056,-2.9103830456733704e-11,2.9103830456733704e-11,-1.2037355658401862e-16
-4.140000000000001,275.43609919125015,0.0035178869307676127,0.0009641099139789517,1.0000351794880913,2.0998635682452367,222935.88197920853,4667.000796853512,5.820766091346741e-11,5.820766091346741e-11,2.5573983591399793e-16
-4.119999999999997,267.2415125475185,0.0035371756738494043,0.0009647624962735273,1.0000353723823265,2.099864465139743,209953.10691134047,4308.184724174877,-5.820766091346741e-11,5.820766091346741e-11,-2.71664050988723e-16
-4.100000000000001,259.2917520529993,0.003556477355286664,0.0009654037787093368,1.000035565405987,2.0998653626363186,197726.3898049248,3976.9557421390923,0.0,0.0,0.0
-4.079999999999998,251.57945416731258,0.003575791750825655,0.000966033935251472,1.0000357585568302,2.099866260724539,186211.70127193062,3671.192854424745,-2.9103830456733704e-11,2.9103830456733704e-11,-1.5327082906754309e-16
-4.060000000000002,244.09747916880124,0.0035951186396692737,0.0009666531376008578,1.0000359518326483,2.0998671593941367,175367.57599629127,3388.938134657349,0.0,0.0,0.0
-4.039999999999999,236.83890424091143,0.00361445780443182,0.0009672615551944362,1.0000361452312674,2.0998680586350047,165154.963413946,3128.3841889951937,0.0,0.0,0.0
-4.019999999999996,229.79701677731015,0.0036338090310936775,0.0009678593552056706,1.0000363387505473,2.0998689584371926,155537.08708865705,2887.8625826389257,0.0,0.0,0.0
-4.0,222.9653078985224,0.003653172108956071,0.0009684467025453175,1.000036532388381,2.099869858790904,146479.31227710354,2665.8331561523614,-2.9103830456733704e-11,2.9103830456733704e-11,-1.9513488430567694e-16
-3.979999999999997,216.33746617320907,0.0036725468305958413,0.0009690237598624,1.0000367261426941,2.099870759686495,137949.02120638665,2460.874163183691,0.0,0.0,0.0
-3.960000000000001,209.90737153743657,0.003691932991820174,0.0009695906875453236,1.000036920011445,2.0998716611144723,129915.4956148379,2271.6731664354347,0.0,0.0,0.0
-3.9399999999999977,203.66908940543578,0.0037113303916214537,0.0009701476437230737,1.0000371139926234,2.099872563065489,122349.80613307317,2097.0186335844123,0.0,0.0,0.0
-3.9200000000000017,197.616864965695,0.0037307388321320347,0.0009706947842664266,1.0000373080842506,2.099873465530346,115224.70810703827,1935.7921793391688,-1.4551915228366852e-11,1.4551915228366852e-11,-1.242027337095107e-16
-3.8999999999999986,191.745117656301,0.00375015811857914,0.0009712322627891148,1.0000375022843788,2.099874368499987,108514.54348780509,1786.9614039553744,0.0,0.0,0.0
-3.8799999999999955,186.04843581378412,0.003769588059239687,0.0009717602306488765,1.000037696591091,2.099875271965499,102195.14843489947,1649.5732823531978,-1.4551915228366852e-11,1.4551915228366852e-11,-1.401286530026487e-16
-3.8599999999999994,180.52157148979805,0.0037890284653951936,0.0009722788369483235,1.0000378910024998,2.099876175918106,96243.76630036732,1522.7480615029185,0.0,0.0,0.0
-3.8399999999999963,175.1594354302308,0.003808479151286705,0.0009727882285355597,1.0000380855167477,2.0998770803491724,90638.965680256,1405.6736270018887,1.4551915228366852e-11,1.4551915228366852e-11,1.5809267506178924e-16
-3.8200000000000003,169.95709221152148,0.0038279399340696604,0.0009732885500044745,1.0000382801320062,2.0998779852501963,85360.56323842605,1297.600302770055,0.0,0.0,0.0
-3.799999999999997,164.90975552906772,0.0038474106337688593,0.000973779943694645,1.0000384748464757,2.0998788906128105,80389.55102472432,1197.8360505632704,1.4551915228366852e-11,1.4551915228366852e-11,1.7835527310693113e-16
-3.780000000000001,160.01278363288415,0.0038668910732333195,0.0009742625496907647,1.0000386696583843,2.0998797964287776,75708.02802584757,1105.7420385661812,0.0,0.0,0.0
-3.759999999999998,155.2616749057202,0.003886381078091222,0.0009747365058215265,1.0000388645659886,2.099880702689991,71299.13570234488,1020.7285506873111,0.0,0.0,0.0
-3.740000000000002,150.65206357911825,0.0039058804767047196,0.000975201947657876,1.000039059567572,2.09988160938847,67146.9972796797,942.2512103630115,-1.4551915228366852e-11,1.4551915228366852e-11,-2.1371166200058872e-16
-3.719999999999999,146.179715582934,0.003925389100124815,0.0009756590085105562,1.0000392546614454,2.099882516516359,63236.66057467977,869.8074946886777,7.275957614183426e-12,7.275957614183426e-12,1.1349430889868274e-16
-3.6999999999999957,141.84052452409597,0.003944906782046076,0.0009761078194268536,1.000039449845945,2.099883424065926,59554.04415153819,802.9335165567153,0.0,0.0,0.0
-3.6799999999999997,137.6305077904287,0.003964433358761349,0.0009765485091864579,1.0000396451194347,2.0998843320295597,56085.88661342978,741.2010541952201,0.0,0.0,0.0
-3.6599999999999966,133.54580277556158,0.003983968669116374,0.000976981204296344,1.000039840480302,2.0998852403997668,52819.69884715526,684.2148090866059,7.275957614183426e-12,7.275957614183426e-12,1.3598392278921142e-16
-3.6400000000000006,129.58266322107207,0.004003512554464231,0.000977406028984577,1.000040035926961,2.0998861491691714,49743.71904885225,631.6098747076671,-7.275957614183426e-12,7.275957614183426e-12,-1.4442891957957873e-16
-3.6199999999999974,125.73745567209271,0.004023064858619734,0.0009778231051929412,1.0000402314578496,2.099887058330512,46846.87036878781,583.0493998818552,7.275957614183426e-12,7.275957614183426e-12,1.5339759232252646e-16
-3.6000000000000014,122.00665604281218,0.004042625427813573,0.0009782325525682877,1.0000404270714303,2.099887967876638,44118.72102274373,538.2224317818674,-7.275957614183426e-12,7.275957614183426e-12,-1.6292237964847508e-16
-3.5799999999999983,118.38684628833371,0.004062194110646371,0.0009786344884524904,1.0000406227661887,2.0998888778005105,41549.44672631745,496.84192476980144,7.275957614183426e-12,7.275957614183426e-12,1.7303772788505231e-16
-3.5600000000000023,114.87471117955488,0.004081770758042417,0.0009790290278708937,1.0000408185406344,2.0998897880951986,39129.795316894415,458.6429023252102,7.275957614183426e-12,7.275957614183426e-12,1.8378021521581653e-16
-3.539999999999999,111.46703517776032,0.004101355223203259,0.000979416283519137,1.0000410143932992,2.099890698753877,36851.05343586184,423.3807602906054,-7.275957614183426e-12,7.275957614183426e-12,-1.9518868350880086e-16
-3.519999999999996,108.1606994058065,0.004120947361560919,0.0009797963657482216,1.0000412103227376,2.099891609769823,34705.015151112326,390.8297005698549,7.275957614183426e-12,7.275957614183426e-12,2.0730437828767832e-16
-3.5,104.95267871281074,0.004140547030730852,0.000980169382547694,1.0000414063275256,2.0998925211364177,32683.952406821973,360.781285249433,0.0,0.0,0.0
-3.479999999999997,101.8400388294014,0.004160154090464558,0.0009805354395268045,1.0000416024062608,2.0998934328471393,30780.58719410019,333.04310188412705,-3.637978807091713e-12,3.637978807091713e-12,-1.1691767427424968e-16
-3.460000000000001,98.81993361068022,0.004179768402601714,0.0009808946398934945,1.0000417985575614,2.0998943448955645,28988.065342301412,307.43753140055236,0.0,0.0,0.0
-3.4399999999999977,95.88960236410199,0.004199389831021981,0.000981247084431057,1.0000419947800663,2.0998952572753637,27299.931836601958,283.800610728601,-3.637978807091713e-12,3.637978807091713e-12,-1.3187852234841912e-16
-3.4200000000000017,93.0463672596301,0.004219018241596197,0.0009815928714723113,1.0000421910724342,2.0998961699803016,25710.107572979534,261.9809828780862,0.0,0.0,0.0
-3.3999999999999986,90.287630819544,0.004238653502137146,0.0009819320968711212,1.0000423874333433,2.0998970830042314,24212.8674668677,241.8389277371957,0.0,0.0,0.0
-3.3799999999999955,87.61087348542611,0.004258295482349621,0.000982264853971072,1.0000425838614904,2.0998979963410944,22802.819836671675,223.24546738681892,3.637978807091713e-12,3.637978807091713e-12,1.5797953398245948e-16
-3.3599999999999994,85.01365125987847,0.004277944053779896,0.000982591233571124,1.0000427803555911,2.099898909984919,21474.886987889015,206.08154020150042,0.0,0.0,0.0
-3.3399999999999963,82.49359342063492,0.004297599089764493,0.000982911323888036,1.0000429769143788,2.0998998239298157,20224.286927923557,190.23723844853728,3.637978807091713e-12,3.637978807091713e-12,1.7818708887896623e-16
-3.3200000000000003,80.04840030480774,0.004317260465378079,0.0009832252105153505,1.000043173536604,2.0999007381699757,19046.516145750174,175.61110450329974,0.0,0.0,0.0
-3.299999999999997,77.67584116105026,0.004336928057380617,0.0009835329763787188,1.0000433702210347,2.0999016526996694,17937.333394407106,162.10948117400574,-3.637978807091713e-12,3.637978807091713e-12,-2.009761737915055e-16
-3.280000000000001,75.37375206753786,0.004356601744163476,0.000983834701687325,1.0000435669664542,2.0999025675132423,16892.74441792918,149.64591197598367,-3.637978807091713e-12,3.637978807091713e-12,-2.1344016497253405e-16
-3.259999999999998,73.14003391368281,0.004376281405694639,0.000984130463881166,1.0000437637716628,2.0999034826051135,15908.987567708848,138.1405875149644,0.0,0.0,0.0
-3.240000000000002,70.97265044361951,0.00439596692346269,0.000984420337573921,1.000043960635475,2.0999043979697722,14982.520256501111,127.5198344345193,0.0,0.0,0.0
-3.219999999999999,68.86962635950736,0.004415658180419747,0.0009847043944911304,1.0000441575567205,2.0999053136017767,14110.006201280195,117.71564365502068,3.637978807091713e-12,3.637978807091713e-12,2.5565877569956907e-16
-3.1999999999999957,66.82904548281113,0.004435355060922981,0.0009849827034033927,1.0000443545342426,2.0999062294957502,13288.303409019376,108.6652348833725,-3.637978807091713e-12,3.637978807091713e-12,-2.7150982872281874e-16
-3.1799999999999997,64.84904897173436,0.00445505745067483,0.0009852553300542658,1.0000445515668983,2.0999071456463776,12514.452862121263,100.31065460478602,3.637978807091713e-12,3.637978807091713e-12,2.8834256858233767e-16
-3.1599999999999966,62.92783359306678,0.004474765236661709,0.0009855223370825437,1.0000447486535577,2.099908062048405,11785.667862757587,92.59840498242069,0.0,0.0,0.0
-3.1400000000000006,61.063650046761005,0.004494478307091044,0.0009857837839385563,1.0000449457931029,2.0999089786966345,11099.323997748901,85.47910128860359,0.0,0.0,0.0
-3.1199999999999974,59.254801341583935,0.004514196551326665,0.0009860397267941288,1.000045142984427,2.0999098955859212,10452.949687840355,78.90715567394793,0.0,0.0,0.0
-3.1000000000000014,57.49964122027885,0.004533919859822222,0.0009862902184458015,1.0000453402264353,2.0999108127111725,9844.217287348709,72.84048524949748,0.0,0.0,0.0
-3.0799999999999983,55.796572632682576,0.0045536481240527164,0.0009865353082109025,1.000045537518042,2.0999117300673413,9270.934702121867,67.2402426125449,0.0,0.0,0.0
-3.0600000000000023,54.144046255332256,0.004573381236443749,0.00098677504181603,1.0000457348581713,2.099912647649427,8731.037495633931,62.07056709064442,1.8189894035458565e-12,1.8189894035458565e-12,2.0681596258317862e-16
-3.039999999999999,52.54055905610352,0.004593119090298584,0.0009870094612774813,1.0000459322457562,2.0999135654524683,8222.581454782197,57.29835511086151,0.0,0.0,0.0
-3.019999999999996,50.984652902505786,0.004612861579722631,0.0009872386047731355,1.0000461296797383,2.099914483471541,7743.735588621376,52.89304822390183,-1.8189894035458565e-12,1.8189894035458565e-12,-2.3324178955246964e-16
-3.0,49.47491321227112,0.004632608599545334,0.0009874625065052676,1.0000463271590652,2.099915401701755,7292.775534817846,48.82643742570117,0.0,0.0,0.0
-2.979999999999997,48.009967644936744,0.004652360045239234,0.000987681196553746,1.000046524682692,2.099916320138251,6868.077350082284,45.0724825234884,-9.094947017729282e-13,9.094947017729282e-13,-1.315201525316121e-16
-2.960000000000001,46.588484833161836,0.004672115812835917,0.0009878947007190201,1.0000467222495786,2.0999172387761935,6468.111662220862,41.60714538965877,0.0,0.0,0.0
-2.9399999999999977,45.209173152540295,0.004691875798838822,0.0009881030403542889,1.0000469198586905,2.0999181576107717,6091.4381627422135,38.408236035678875,0.0,0.0,0.0
-2.9200000000000017,43.870779528739824,0.0047116399001324695,0.0009883062321861843,1.0000471175089962,2.09991907663719,5736.700420192281,35.45527052041197,9.094947017729282e-13,9.094947017729282e-13,1.5750856270218185e-16
-2.8999999999999986,42.57208828080236,0.004731408013888086,0.000988504288123284,1.0000473151994675,2.099919995850667,5402.620995534898,32.72933978295209,9.094947017729282e-13,9.094947017729282e-13,1.6726492364396943e-16
-2.8799999999999955,41.31191999950862,0.004751180037465179,0.0009886972150517067,1.000047512929078,2.0999209152464315,5087.996841992344,30.212988560085115,9.094947017729282e-13,9.094947017729282e-13,1.7762493792728697e-16
-2.8599999999999994,40.08913045971712,0.0047709558683089485,0.0009888850146170212,1.0000477106968022,2.099921834819714,4791.694972777107,27.89010361300744,0.0,0.0,0.0
-2.8399999999999963,38.90260956563925,0.004790735403843192,0.0009890676829916376,1.000047908501614,2.0999227545657453,4512.648381115379,25.74581054758382,9.094947017729282e-13,9.094947017729282e-13,2.0030742885118826e-16
-2.8200000000000003,37.75128032804334,0.004810518541358347,0.0009892452106268072,1.0000481063424866,2.09992367447975,4249.852197870891,23.766378567448463,0.0,0.0,0.0
-2.799999999999997,36.634097872398115,0.004830305177894499,0.000989417581988308,1.00004830421839,2.09992459455694,4002.360072929836,21.939132550024397,4.547473508864641e-13,4.547473508864641e-13,1.1294144872271003e-16
-2.780000000000001,35.550048477020084,0.004850095210118837,0.0009895847752748376,1.0000485021282914,2.0999255147925107,3769.280767319032,20.25237188247096,-9.094947017729282e-13,9.094947017729282e-13,-2.398688602640351e-16
-2.759999999999998,34.49814864029297,0.004869888534197399,0.0009897467621180706,1.000048700071152,2.0999264351816347,3549.774943782254,18.69529553780979,9.094947017729282e-13,9.094947017729282e-13,2.547197392998303e-16
-2.740000000000002,33.47744417608167,0.0048896850456605105,0.0009899035072632933,1.000048898045927,2.0999273557194535,3343.052144260187,17.257932911481625,-4.547473508864641e-13,4.547473508864641e-13,-1.3524446759144778e-16
-2.719999999999999,32.48700933646663,0.004909484639261755,0.0009900549682294462,1.0000490960515642,2.0999282764010747,3148.367943386988,15.931079975432395,4.547473508864641e-13,4.547473508864641e-13,1.436165681684243e-16
-2.6999999999999957,31.525945960974376,0.004929287208829811,0.0009902010949473551,1.0000492940870018,2.09992919722156,2965.0212677554196,14.706240340914263,4.547473508864641e-13,4.547473508864641e-13,1.5250626015407981e-16
-2.6799999999999997,30.59338265148619,0.004949092647112907,0.0009903418293748442,1.0000494921511673,2.099930118175924,2792.351871295094,13.575570852588744,4.547473508864641e-13,4.547473508864641e-13,1.6194548364374327e-16
-2.6599999999999966,29.68847397204439,0.0049689008456153295,0.0009904771050873657,1.0000496902429754,2.0999310392591197,2629.7379576733033,12.53183136555447,0.0,0.0,0.0
-2.6400000000000006,28.810399672799875,0.004988711694425415,0.000990606846842691,1.0000498883613271,2.0999319604660385,2476.593941157023,11.56833838370427,-4.547473508864641e-13,4.547473508864641e-13,-1.8261022826681807e-16
-2.6199999999999974,27.95836393735658,0.005008525082034674,0.000990730970118131,1.0000500865051074,2.099932881791495,2332.368337871298,10.678922262529234,-4.547473508864641e-13,4.547473508864641e-13,-1.939099397431449e-16
-2.6000000000000014,27.13159465280989,0.005028340895147259,0.0009908493806186642,1.0000502846731834,2.09993380323022,2196.5417798620583,9.85788770233305,0.0,0.0,0.0
-2.5799999999999983,26.329342701777737,0.005048159018479397,0.000990961973754263,1.0000504828644017,2.099934724776854,2068.6251448100875,9.099977278867318,0.0,0.0,0.0
-2.5600000000000023,25.550881275764656,0.005067979334547936,0.0009910686340846105,1.000050681077588,2.099935646425934,1948.1577946627444,8.400337777869533,0.0,0.0,0.0
-2.539999999999999,24.795505209200524,0.0050878017234475565,0.0009911692347292999,1.0000508793115428,2.0999365681718842,1834.705916839061,7.754489117920457,-4.547473508864641e-13,4.547473508864641e-13,-2.465342772489228e-16
-2.519999999999996,24.062530333534117,0.005107626062615726,0.0009912636367415044,1.0000510775650406,2.0999374900090055,1727.8609620361833,7.158295662629568,-4.547473508864641e-13,4.547473508864641e-13,-2.6178246843736815e-16
-2.5,23.351292850765088,0.005127452226584796,0.0009913516884429983,1.0000512758368267,2.0999384119314644,1627.2381730104569,6.607939738442015,4.547473508864641e-13,4.547473508864641e-13,2.77972094840038e-16
-2.479999999999997,22.661148725826905,0.0051472800867204205,0.0009914332247182864,1.0000514741256146,2.099939333933279,1532.4751990356638,6.0998971884935775,0.0,0.0,0.0
-2.460000000000001,21.99147309725089,0.005167109510945333,0.0009915080662654904,1.0000516724300834,2.0999402560083076,1443.2307910492677,5.630914805976393,0.0,0.0,0.0
-2.4399999999999977,21.34165970555049,0.005186940363447813,0.0009915760188015069,1.0000518707488752,2.0999411781502353,1359.1835727869272,5.197989502507275,0.0,0.0,0.0
-2.4200000000000017,20.71112033879603,0.005206772504373649,0.000991636872218824,1.0000520690805912,2.0999421003525596,1280.0308834810683,4.798349078110679,-2.2737367544323206e-13,2.2737367544323206e-13,-1.766792453853459e-16
-2.3999999999999986,20.09928429485127,0.005226605789500857,0.0009916903996912503,1.0000522674237893,2.099943022608573,1205.4876879549709,4.429434469673156,0.0,0.0,0.0
-2.3799999999999955,19.505597859774184,0.005246440069895866,0.000991736356725665,1.0000524657769796,2.0999439449113506,1135.285550188457,4.088883364203658,0.0,0.0,0.0
-2.3599999999999994,18.92952380188676,0.005266275191550245,0.0009917744801567557,1.0000526641386225,2.0999448672537313,1069.1716666581822,3.7745150719648373,0.0,0.0,0.0
-2.3399999999999963,18.37054088104198,0.005286110994996728,0.000991804487081556,1.000052862507123,2.0999457896282996,1006.9079559718272,3.4843165626134267,1.1368683772161603e-13,1.1368683772161603e-13,1.1228415948697021e-16
-2.3200000000000003,17.82814337263005,0.005305947314903234,0.0009918260737304457,1.0000530608808278,2.0999467120273674,948.2702015180884,3.216429574934199,-2.2737367544323206e-13,2.2737367544323206e-13,-2.38440515770049e-16
-2.299999999999997,17.301840605873192,0.005325783979643739,0.0009918389142711077,1.0000532592580205,2.0999476344429544,893.0472440445157,2.969138717623141,2.2737367544323206e-13,2.2737367544323206e-13,2.5316728774192365e-16
-2.280000000000001,16.791156515983072,0.005345620810844424,0.000991842659541779,1.0000534576369169,2.0999485568667655,841.0402212562922,2.7408604849274183,-2.2737367544323206e-13,2.2737367544323206e-13,-2.6880101018828396e-16
-2.259999999999998,16.29562920975597,0.005365457622903856,0.0009918369357099618,1.0000536560156617,2.0999494792901707,792.0618516970179,2.53013311680167,-1.1368683772161603e-13,1.1368683772161603e-13,-1.4269861765638217e-16
-2.240000000000002,15.814810544205576,0.005385294222485449,0.0009918213428525902,1.0000538543923205,2.09995040170418,745.9357603333273,2.3356072386538256,0.0,0.0,0.0
-2.219999999999999,15.348265717834042,0.00540513040798083,0.0009917954534534737,1.0000540527648778,2.0999513240994174,702.4958434141213,2.156037220740272,0.0,0.0,0.0
-2.1999999999999957,14.895572874165136,0.005424965968942179,0.0009917588108136668,1.000054251131229,2.0999522464660982,661.5856703177672,1.9902732018833316,0.0,0.0,0.0
-2.1799999999999997,14.456322717165172,0.0054448006854819365,0.0009917109273702316,1.0000544494891745,2.099953168793996,623.057920232842,1.8372537264338014,1.1368683772161603e-13,1.1368683772161603e-13,1.8132012961943544e-16
-2.1599999999999966,14.030118138194792,0.005464634327637935,0.0009916512829186957,1.000054647836415,2.0999540910724184,586.773851644049,1.695998947330781,0.0,0.0,0.0
-2.1400000000000006,13.61657385414523,0.005484466654701907,0.0009915793227343213,1.0000548461705432,2.099955013290172,552.6028027129975,1.5656043517355958,0.0,0.0,0.0
-2.1199999999999974,13.215316056417956,0.005504297414509463,0.0009914944555871423,1.0000550444890375,2.0999559354355313,520.4217207543497,1.4452349690611628,0.0,0.0,0.0
-2.1000000000000014,12.82598207042528,0.0055241263426891625,0.0009913960516455547,1.0000552427892535,2.0999568574962013,490.11471911333825,1.3341200243099642,0.0,0.0,0.0
-2.0799999999999983,12.448220025290102,0.005543953161868597,0.0009912834402630956,1.000055441068418,2.099957779459285,461.5726598485437,1.2315480024822487,5.684341886080802e-14,5.684341886080802e-14,1.2226911063212164e-16
-2.0600000000000023,12.081688533441719,0.005563777580834899,0.0009911559076428913,1.0000556393236182,2.0999587013112406,434.69276071751005,1.1368620924511907,0.0,0.0,0.0
-2.039999999999999,11.72605637980496,0.005583599293647365,0.0009910126943741267,1.0000558375517945,2.0999596230378406,409.3782250495714,1.0494559811289959,0.0,0.0,0.0
-2.019999999999996,11.381002220297432,0.005603417978699385,0.0009908529928347731,1.000056035749731,2.0999605446241305,385.53789317335367,0.9687699709933887,0.0,0.0,0.0
-2.0,11.046214289350893,0.005623233297727109,0.0009906759444547068,1.0000562339140446,2.0999614660543804,363.0859141434616,0.8942873961125184,0.0,0.0,0.0
-1.9799999999999969,10.72139011618587,0.005643044894761929,0.0009904806368332853,1.0000564320411753,2.099962387312037,341.9414365843245,0.8255313137189958,-5.684341886080802e-14,5.684341886080802e-14,-1.6482710828137012e-16
-1.9600000000000009,10.406236249576407,0.005662852395023738,0.000990266100705403,1.0000566301273754,2.0999633083796727,322.0283175379682,0.7620614501480512,-5.684341886080802e-14,5.684341886080802e-14,-1.7496186085129158e-16
-1.9399999999999977,10.100467990845793,0.005682655403752047,0.0009900313067500409,1.0000568281686968,2.09996422923893,303.27484826706205,0.7034713815827616,0.0,0.0,0.0
-1.9200000000000017,9.803809134848086,0.005702453504971546,0.0009897751622353582,1.0000570261609794,2.099965149870466,285.6134960260669,0.6493859315542481,5.684341886080802e-14,5.684341886080802e-14,1.9712462763838212e-16
-1.8999999999999986,9.515991718690506,0.005722246260188978,0.0009894965074944537,1.0000572240998382,2.099966070253889,268.9806608703531,0.5994587685312319,-5.684341886080802e-14,5.684341886080802e-14,-2.0922924369828414e-16
-1.8799999999999955,9.236755777965842,0.005742033207017701,0.0009891941122260718,1.000057421980649,2.099966990367698,253.31644662774866,0.5533701882159759,2.842170943040401e-14,2.842170943040401e-14,1.1103540819453897e-16
-1.8599999999999994,8.965849110264765,0.0057618138577265245,0.000988866671614721,1.000057619798534,2.0999679101892115,238.5644452076038,0.5108250663452247,0.0,0.0,0.0
-1.8399999999999963,8.703027045748446,0.005781587697709103,0.000988512802264961,1.0000578175483472,2.0999688296945007,224.67153347072195,0.47155096888730885,-2.842170943040401e-14,2.842170943040401e-14,-1.250718515770059e-16
-1.8200000000000003,8.448052224567995,0.005801354183870046,0.0009881310379449796,1.0000580152246568,2.09996974885831,211.5876819287149,0.4352964075343376,0.0,0.0,0.0
-1.7999999999999972,8.200694380920188,0.00582111274292406,0.0009877198251350412,1.0000582128217297,2.0999706676539796,199.2657745837667,0.4018292293183207,-5.684341886080802e-14,5.684341886080802e-14,-2.817272250365202e-16
-1.7800000000000011,7.960730133540207,0.005840862769603963,0.000987277518376973,1.000058410333513,2.0999715860533636,187.6614392601873,0.3709351300396918,0.0,0.0,0.0
-1.759999999999998,7.7279427824319775,0.005860603624773784,0.0009868023754215523,1.000058607753615,2.099972504026742,176.73288781661748,0.3424162819886876,0.0,0.0,0.0
-1.740000000000002,7.502122111648076,0.005880334633442657,0.0009862925521715183,1.000058805075285,2.0999734215427246,166.44076566361608,0.31609006717269833,0.0,0.0,0.0
-1.7199999999999989,7.283064197930879,0.0059000550826756384,0.0009857460974189275,1.0000590022913936,2.0999743385681593,156.74801004459917,0.29178790793756393,0.0,0.0,0.0
-1.6999999999999957,7.0705712250371615,0.005919764219397096,0.000985160947376783,1.000059199394409,2.0999752550680264,147.61971656990968,0.2693541874951207,0.0,0.0,0.0
-1.6799999999999997,6.864451303568614,0.005939461248082765,0.000984534920006249,1.0000593963763758,2.0999761710053315,139.02301352330164,0.24864525344444063,0.0,0.0,0.0
-1.6599999999999966,6.664518296138494,0.005959145328336318,0.0009838657091423906,1.0000595932288894,2.099977086340995,130.92694348824764,0.2295284979060082,0.0,0.0,0.0
-1.6400000000000006,6.470591647708965,0.00597881557234641,0.0009831508784232611,1.0000597899430708,2.09997800103373,123.30235186782231,0.21188150837861028,0.0,0.0,0.0
-1.6199999999999974,6.282496220935672,0.0059984710422205,0.00098238785502929,1.000059986509541,2.0999789150399244,116.1217818966395,0.19559128388134964,0.0,0.0,0.0
-1.6000000000000014,6.100062136364259,0.006018110747191515,0.000981573923242412,1.000060182918391,2.099979828313503,109.35937576686186,0.18055351136162565,-2.842170943040401e-14,2.842170943040401e-14,-2.5458377436765393e-16
-1.5799999999999983,5.923124617323256,0.006037733640694128,0.00098070621783715,1.000060379159155,2.0999807408057993,102.99078151214229,0.1666718977354197,0.0,0.0,0.0
-1.5600000000000023,5.751523839365924,0.00605733861730717,0.0009797817173190456,1.0000605752207776,2.0999816524654076,96.9930653142611,0.15385755328285008,0.0,0.0,0.0
-1.5399999999999991,5.585104784113254,0.006076924509559559,0.000978797237029382,1.0000607710915836,2.0999825632380382,91.34462891659082,0.14202842245044991,1.4210854715202004e-14,1.4210854715202004e-14,1.5184704494189126e-16
-1.519999999999996,5.423717097357806,0.00609649008459707,0.000977749422139165,1.0000609667592433,2.0999834730663594,86.02513184705863,0.13110875841551534,-1.4210854715202004e-14,1.4210854715202004e-14,-1.6101815892956803e-16
-1.5,5.267214951288096,0.006116034040708174,0.0009766347405597757,1.000061162210739,2.099984381889839,81.01541817046963,0.12102863804782052,1.4210854715202004e-14,1.4210854715202004e-14,1.70728784403238e-16
-1.4799999999999969,5.115456910698626,0.00613555500370751,0.0009754494758026981,1.0000613574323274,2.0999852896445725,76.29744750644448,0.11172351416285327,-1.4210854715202004e-14,1.4210854715202004e-14,-1.8100888333385794e-16
-1.4600000000000009,4.968305803053704,0.006155051523176303,0.0009741897198262367,1.0000615524095036,2.0999861962631123,71.85423006457624,0.10313380219949031,0.0,0.0,0.0
-1.4399999999999977,4.825628592274303,0.0061745220685600335,0.0009728513659132007,1.000061747126961,2.0999871016742837,67.66976546282032,0.09520449867535427,1.4210854715202004e-14,1.4210854715202004e-14,2.034046153116925e-16
-1.4200000000000017,4.68729625612311,0.006193965025124285,0.0009714301016302403,1.000061941568551,2.0999880058029965,63.72898510884924,0.08788482897676574,0.0,0.0,0.0
-1.3999999999999986,4.553183667062342,0.006213378689771182,0.0009699214019267889,1.0000621357172415,2.099988908570052,60.01769793683237,0.08112792222784533,1.4210854715202004e-14,1.4210854715202004e-14,2.2847468666875087e-16
-1.3799999999999955,4.423169476464782,0.006232761266719642,0.0009683205224395452,1.0000623295550732,2.0999898098919414,56.522539304280734,0.07489051115690677,0.0,0.0,0.0
-1.3599999999999994,4.297136002058267,0.0062521108630544464,0.0009666224930770013,1.0000625230631157,2.0999907096806383,53.23092286489395,0.06913265503819246,1.4210854715202004e-14,1.4210854715202004e-14,2.5651340896545904e-16
-1.3399999999999963,4.17496911848802,0.006271425484150508,0.0009648221119678047,1.0000627162214215,2.0999916078433873,50.1309952441155,0.06381748393486307,7.105427357601002e-15,7.105427357601002e-15,1.3587252974429864e-16
-1.3200000000000003,4.0565581508836095,0.006290703028980431,0.0009629139398666598,1.0000629090089785,2.0999925042824845,47.21159335418918,0.05891096260553957,0.0,0.0,0.0
-1.2999999999999972,3.9417957713180583,0.00630994128531574,0.0009608922951219977,1.000063101403663,2.099993398895055,44.46220419497678,0.05438167256254473,0.0,0.0,0.0
-1.2800000000000011,3.830577898051439,0.006329137924833916,0.0009587512493208117,1.00006329338219,2.0999942915728242,41.87292699581043,0.050200610886331445,-7.105427357601002e-15,7.105427357601002e-15,-1.6140216893341894e-16
-1.259999999999998,3.722803597450864,0.006348290498146259,0.0009564846237376879,1.0000634849200638,2.0999951822018885,39.434437562016335,0.046341004507766875,0.0,0.0,0.0
-1.240000000000002,3.618374988483719,0.006367396429763814,0.0009540859867272084,1.0000636759915276,2.09999607066248,37.13795469774994,0.042778138769097064,0.0,0.0,0.0
-1.2199999999999989,3.5171971496807575,0.006386453013021945,0.0009515486522113087,1.0000638665695127,2.0999969568287296,34.9752085841991,0.03948919916574888,0.0,0.0,0.0
-1.1999999999999957,3.4191780284704905,0.006405457404986852,0.0009488656794258481,1.0000640566255878,2.0999978405684327,32.93841099930977,0.03645312525561984,-7.105427357601002e-15,7.105427357601002e-15,-2.0257891149120285e-16
-1.1799999999999997,3.3242283527866445,0.006424406621371156,0.0009460298741032458,1.0000642461299079,2.0999987217428115,31.02022727177162,0.03365047580034272,0.0,0.0,0.0
-1.1599999999999966,3.2322615448543375,0.006443297531489047,0.000943033791280479,1.0000644350511636,2.099999600206278,29.213749868277123,0.031063304274983886,0.0,0.0,0.0
-1.1400000000000006,3.1431936370633093,0.00646212685328547,0.0009398697399336729,1.000064623356532,2.1000004758062065,27.512473518945235,0.028675043949019947,-3.552713678800501e-15,3.552713678800501e-15,-1.1985748845842517e-16
-1.1199999999999974,3.0569431898382704,0.006480891148478102,0.0009365297896515972,1.0000648110116277,2.1000013483827056,25.910271791318213,0.02647040180269517,0.0,0.0,0.0
-1.1000000000000014,2.9734312114213965,0.0064995868178549495,0.0009330057795703844,1.0000649979804557,2.1000022177684006,24.401375028592202,0.024435260599490572,7.105427357601002e-15,7.105427357601002e-15,2.6786841517999157e-16
-1.0799999999999983,2.8925810794833837,0.006518210096775261,0.0009292893298000538,1.000065184225367,2.1000030837882235,22.980349572616255,0.02255658848760677,3.552713678800501e-15,3.552713678800501e-15,1.4152597390772158e-16
-1.0600000000000023,2.8143184644851345,0.006536757050925757,0.000925371855579743,1.0000653697070154,2.1000039462592155,21.642078196858197,0.020822355551626745,0.0,0.0,0.0
-1.0399999999999991,2.7385712547142558,0.006555223572389362,0.0009212445844020798,1.0000655543843187,2.100004804990345,20.381741678857804,0.01922145677998092,-3.552713678800501e-15,3.552713678800501e-15,-1.578915932938894e-16
-1.019999999999996,2.6652694829268158,0.006573605376088017,0.0009168985763476034,1.0000657382144227,2.1000056597823407,19.194801445823984,0.017743640954964394,0.0,0.0,0.0
-1.0,2.594345254528023,0.006591897996666341,0.0009123247478665798,1.0000659211526703,2.100006510427549,18.0769832308689,0.016379445009943268,0.0,0.0,0.0
-0.9799999999999969,2.5257326772318294,0.006610096785887316,0.0009075138992375612,1.000066103152576,2.100007356709811,17.02426168102938,0.015120133433419456,3.552713678800501e-15,3.552713678800501e-15,1.8562314852511234e-16
-0.9600000000000009,2.459367792145156,0.006628196910615664,0.000902456745918742,1.0000662841658043,2.1000081984043693,16.03284586165102,0.01395764233193681,0.0,0.0,0.0
-0.9399999999999977,2.395188506227928,0.006646193351468925,0.0008971439539887896,1.000066464142158,2.100009035277805,15.099165604925783,0.01288452779362879,-3.552713678800501e-15,3.552713678800501e-15,-2.064084049516948e-16
-0.9200000000000017,2.3331345260883243,0.006664080902219612,0.0008915661798479015,1.0000666430295702,2.10000986708801,14.21985865343443,0.01189391822177186,3.552713678800501e-15,3.552713678800501e-15,2.1753400419126333e-16
-0.8999999999999986,2.27314729307854,0.006681854170035242,0.0008857141143162954,1.0000668207741088,2.1000106935841982,13.391758552385495,0.010979470333103333,3.552713678800501e-15,3.552713678800501e-15,2.2916669448847107e-16
-0.8799999999999955,2.215169919665795,0.0066995075766450776,0.0008795785312259928,1.0000669973199867,2.100011514506961,12.61188324696008,0.010135328539154682,0.0,0.0,0.0
-0.8599999999999994,2.159147127060513,0.006717035360524106,0.0008731503405516313,1.000067172609584,2.100012329588366,11.877424343692502,0.009356087450492817,-1.7763568394002505e-15,1.7763568394002505e-15,-1.2700244221730826e-16
-0.8399999999999963,2.1050251840933893,0.006734431580184988,0.0008664206460671497,1.0000673465834813,2.1000131385521117,11.185736997219665,0.008636757263772676,-1.7763568394002505e-15,1.7763568394002505e-15,-1.3361705610740272e-16
-0.8200000000000003,2.0527518473424404,0.006751690118667709,0.0008593808074470981,1.000067519180504,2.100013941113738,10.534330385982779,0.007972731809962197,-1.7763568394002505e-15,1.7763568394002505e-15,-1.4050880318246818e-16
-0.7999999999999972,2.0022763025202543,0.006768804689314546,0.0008520225066540405,1.0000676903377808,2.1000147369808917,9.920858742577357,0.00735975905913272,0.0,0.0,0.0
-0.7800000000000011,1.9535491071428068,0.00678576884291359,0.0008443378183676472,1.0000678599908142,2.1000155258536597,9.343112906458693,0.00679391389295265,1.7763568394002505e-15,1.7763568394002505e-15,1.5514138748626225e-16
-0.759999999999998,1.906522134510249,0.006802575976288617,0.0008363192841167801,1.0000680280735674,2.10001630742497,8.799012368575962,0.006271572970527777,1.7763568394002505e-15,1.7763568394002505e-15,1.6288931059626608e-16
-0.740000000000002,1.861148519041461,0.006819219342404962,0.0008279599896747477,1.0000681945185645,2.1000170813810586,8.286597779294075,0.005789391526650874,0.0,0.0,0.0
-0.7199999999999989,1.817382603013084,0.006835692062051555,0.0008192536451707565,1.000068359257008,2.100017847402017,7.804023892617083,0.0053442819538836355,-1.7763568394002505e-15,1.7763568394002505e-15,-1.792600303854722e-16
-0.6999999999999957,1.7751798847645146,0.006851987137146877,0.0008101946672599246,1.0000685222189114,2.1000186051624055,7.34955292131079,0.004933394031329031,1.7763568394002505e-15,1.7763568394002505e-15,1.8788470198452843e-16
-0.6799999999999997,1.7344969684384814,0.006868097465702631,0.0008007782625817076,1.000068683333249,2.100019354331955,6.921548278991093,0.004554096673486163,-1.7763568394002505e-15,1.7763568394002505e-15,-1.968017818214083e-16
-0.6599999999999966,1.6952915153356947,0.006884015858462217,0.0007910005116255553,1.0000688425281228,2.1000200945763354,6.5184686866448445,0.004203961082320026,0.0,0.0,0.0
-0.6400000000000006,1.6575221969691687,0.006899735057212387,0.0007808584520158919,1.000068999730944,2.1000208255580106,6.138862622361686,0.0038807451946629317,0.0,0.0,0.0
-0.6199999999999974,1.6211486499091512,0.006915247754745894,0.0007703501601295863,1.0000691548686351,2.1000215469371657,5.781363094286177,0.003582379325354694,0.0,0.0,0.0
-0.6000000000000014,1.586131432514595,0.006930546616430016,0.0007594748298722063,1.0000693078678435,2.1000222583727104,5.444682717971675,0.003306952914192499,0.0,0.0,0.0
-0.5799999999999983,1.5524319836485472,0.006945624303311951,0.0007482328473677651,1.0000694586551737,2.100022959523352,5.127609080404765,0.0030527022918219794,0.0,0.0,0.0
-0.5600000000000023,1.5200125834759022,0.006960473496666277,0.0007366258602652625,1.0000696071574324,2.100023650048739,4.82900037400981,0.00281799938623286,-8.881784197001252e-16,8.881784197001252e-16,-1.281302165710269e-16
-0.5399999999999991,1.488836316439026,0.006975086923863767,0.0007246568403370155,1.0000697533018872,2.1000243296106627,4.547781284907469,0.0026013412975390273,0.0,0.0,0.0
-0.519999999999996,1.4588670365029164,0.00698945738541395,0.0007123301380430843,1.0000698970165367,2.100024997874316,4.282939120624018,0.0024013406742888674,0.0,0.0,0.0
-0.5,1.4300693347536675,0.007003577783007821,0.0006996515277651037,1.0000700382303924,2.100025654509595,4.033520163304258,0.002216716829679195,0.0,0.0,0.0
-0.4799999999999969,1.4024085094245096,0.007017441148361566,0.000686628242474673,1.0000701768737652,2.100026299192444,3.798626235296862,0.0020462875407871992,0.0,0.0,0.0
-0.46000000000000085,1.375850538411095,0.007031040672638355,0.0006732689966970622,1.0000703128785609,2.100026931606221,3.577411464745283,0.0018889614783080034,0.0,0.0,0.0
-0.4399999999999977,1.3503620543222126,0.007044369736203903,0.0006595839967606565,1.0000704461785777,2.1000275514430813,3.369079239534753,0.0017437312183207604,8.881784197001252e-16,8.881784197001252e-16,1.6234741126569566e-16
-0.4200000000000017,1.3259103220951163,0.007057421938452589,0.0006455849374860033,1.0000705767098033,2.1000281584053666,3.17287933862886,0.0016096667913366035,-8.881784197001252e-16,8.881784197001252e-16,-1.6839046913934713e-16
-0.3999999999999986,1.3024632191843604,0.007070191127426223,0.0006312849846624243,1.0000707044107133,2.100028752206981,2.9881052304628803,0.0014859097273185258,0.0,0.0,0.0
-0.37999999999999545,1.2799892183121258,0.007082671428936366,0.000616698742882558,1.0000708292225604,2.100029332574746,2.8140915286675017,0.0013716675585426228,0.0,0.0,0.0
-0.35999999999999943,1.258457372744646,0.007094857274895221,0.0006018422085499928,1.0000709510896584,2.1000298992497166,2.650211595958967,0.001266208745098963,-8.881784197001252e-16,8.881784197001252e-16,-1.8692559815509972e-16
-0.3399999999999963,1.2378373040358688,0.007106743430558816,0.0005867327081374021,1.0000710699596556,2.1000304519884496,2.4958752875678405,0.001168857990538547,8.881784197001252e-16,8.881784197001252e-16,1.9320513532107795e-16
-0.3200000000000003,1.2180991921553348,0.007118325020390505,0.0005713888220447781,1.0000711857837916,2.1000309905642056,2.350526826080808,0.0010789919176707856,0.0,0.0,0.0
-0.29999999999999716,1.1992137678930563,0.0071295975522626676,0.0005558302946817802,1.0000712985171412,2.1000315147680757,2.2136428000412356,0.000996035076820953,0.0,0.0,0.0
-0.28000000000000114,1.181152307411459,0.007140556939729454,0.0005400779316674311,1.0000714081188355,2.100032024410016,2.0847302791029896,0.0009194562609879048,0.0,0.0,0.0
-0.259999999999998,1.163886628792258,0.0071511995221241265,0.0005241534852950695,1.000071514552265,2.1000325193197824,1.9633250389483694,0.0008487651043054611,8.881784197001252e-16,8.881784197001252e-16,2.1853674470028363e-16
-0.240000000000002,1.1473890904067863,0.007161522082259628,0.0005080795296439752,1.0000716177852538,2.1000329993477536,1.84898988957951,0.0007835089420269415,-8.881784197001252e-16,8.881784197001252e-16,-2.248663175438801e-16
-0.21999999999999886,1.1316325909205431,0.007171521861540958,0.0004918793269226845,1.0000717177902132,2.1000334643656364,1.7413131009618226,0.0007232699119251596,4.440892098500626e-16,4.440892098500626e-16,1.1558592865150072e-16
-0.19999999999999574,1.1165905707287243,0.007181196572331174,0.00047557668679773464,1.0000718145442642,2.100033914267036,1.6399069203514371,0.0006676622785477288,-8.881784197001252e-16,8.881784197001252e-16,-2.374422291017366e-16
-0.17999999999999972,1.1022370146080431,0.007190544407449458,0.0004591958205888988,1.000071908029333,2.1000343489679025,1.5444061759663714,0.0006163299631931655,-4.440892098500626e-16,4.440892098500626e-16,-1.218332738084423e-16
-0.1599999999999966,1.088546455362788,0.007199564046718067,0.0004427611922954207,1.0000719982322155,2.1000347684068323,1.454466961973589,0.0005689442637914776,-8.881784197001252e-16,8.881784197001252e-16,-2.498342511261082e-16
-0.14000000000000057,1.075493978239212,0.007208254660514761,0.00042629736845457985,1.0000720851446143,2.100035172545234,1.3697654000567727,0.0005252017500888314,8.881784197001252e-16,8.881784197001252e-16,2.559351707739734e-16
-0.11999999999999744,1.0630552258821098,0.007216615910327403,0.00040982886882376146,1.000072168763143,2.1000355613673567,1.2899964731042963,0.000484822320657863,4.440892098500626e-16,4.440892098500626e-16,1.3097979706557338e-16
-0.10000000000000142,1.0512064036113526,0.007224647946346583,0.00039338001982214623,1.0000722490893033,2.1000359348801743,1.2148729268184082,0.0004475474092923836,-4.440892098500626e-16,4.440892098500626e-16,-1.3394916113093312e-16
-0.0799999999999983,1.0399242848030505,0.007232351402170149,0.00037697481256984943,1.0000723261294302,2.1000362931131398,1.1441242352892584,0.00041313832930078425,0.0,0.0,0.0
-0.060000000000002274,1.0291862161707868,0.007239727386728745,0.0003606367672265534,1.0000723998946133,2.1000366361178133,1.0774956268096365,0.00038137474509642485,0.0,0.0,0.0
-0.03999999999999915,1.018970122755525,0.007246777473574111,0.00034438880516233676,1.0000724704005883,2.1000369639673604,1.0147471664214356,0.00035205326129754183,-4.440892098500626e-16,4.440892098500626e-16,-1.4255852189733506e-16
-0.01999999999999602,1.0092545124490104,0.007253503687700387,0.0003282531302982984,1.0000725376676063,2.100037276755941,0.9556528918908123,0.00032498612030248237,-8.881784197001252e-16,8.881784197001252e-16,-2.9063285838575184e-16
0.0,1.0000184798932972,0.0072599084900934995,0.0003122511207391138,1.0000726017202783,2.1000375745979905,0.9,0.0003,0.0,0.0,0.0
