figure_id,panel_id,series_id,scientific_classification,semantic_role,source_or_formula,grid_or_domain,uncertainty_owner,visual_primitive,disposition,validity_gate,evidence_anchor,evidence_quality,verdict
fig:ect_architecture,all,programme_nodes_and_edges,diagram/no scientific polyline,status/dependency schematic,canonical programme topology,declared figure domain; no extrapolation beyond the named owner,none unless stated in caption/owner,boxes and directed schematic edges,RETAIN; NOT DATA INTERPOLATION,Edges encode declared dependencies only.,LaTex/FIGURE_REGISTRY.csv:fig:ect_architecture | LaTex/ECT_preprint.tex:769 | LaTex/work/preprint/R149_READER_LAYOUT_CANDIDATE_v1/remaining_figure_typography/scripts/build_r149_remaining_typography.py | LaTex/figures/r139/main_portrait/fig_ect_architecture_portrait_r139.pdf,REGISTRY_OWNER_CAPTION_AND_R153_SOURCE_AUDIT,PASS_SUPPORTED_NO_UNKNOWN
fig:liv_delay,main,constraint_band_and_CTA_line,diagram/no scientific polyline,external reference annotations,Fermi-LAT scale band and CTA guide,declared figure domain; no extrapolation beyond the named owner,none unless stated in caption/owner,band and horizontal reference line,RETAIN AS DIRECTLY LABELLED REFERENCES,Not fit curves or ECT predictions.,LaTex/FIGURE_REGISTRY.csv:fig:liv_delay | LaTex/ECT_preprint.tex:2528 | LaTex/scripts/fig_liv_delay.py | LaTex/work/preprint/R127_VISUAL_COSMOLOGY_PES_COMPLETION_CANDIDATE_v1/components/font_readability_remediation_v1/assets/fig_liv_delay__reader_scale_r127.pdf,REGISTRY_OWNER_CAPTION_AND_R153_SOURCE_AUDIT,PASS_SUPPORTED_NO_UNKNOWN
fig:liv_delay,main,distance_family,exact_analytic_dense,conditional analytic benchmark,$\Delta t=\zeta_\gamma(E/M_{\rm Pl}c^2)(L/c)$ at declared $L$,declared figure domain; no extrapolation beyond the named owner,none unless stated in caption/owner,dense analytic line family,RETAIN CONTINUOUS ANALYTIC CURVES,"Unit coefficient is a benchmark, not an ECT prediction.",LaTex/FIGURE_REGISTRY.csv:fig:liv_delay | LaTex/ECT_preprint.tex:2528 | LaTex/scripts/fig_liv_delay.py | LaTex/work/preprint/R127_VISUAL_COSMOLOGY_PES_COMPLETION_CANDIDATE_v1/components/font_readability_remediation_v1/assets/fig_liv_delay__reader_scale_r127.pdf,REGISTRY_OWNER_CAPTION_AND_R153_SOURCE_AUDIT,PASS_SUPPORTED_NO_UNKNOWN
fig:three_condensate_scales,a,energy_inventory_entries,sparse_nodes_unconnected,independent scale inventory,declared energy-dimension entries,declared figure domain; no extrapolation beyond the named owner,none unless stated in caption/owner,unconnected markers,RETAIN UNCONNECTED,No common RG flow or interpolation.,LaTex/FIGURE_REGISTRY.csv:fig:three_condensate_scales | LaTex/ECT_preprint.tex:3976 | LaTex/scripts/render_fig_ect_vs_qm.py;LaTex/work/preprint/R123_VISUAL_READABILITY_AND_RESTORATION_CANDIDATE_v1/components/global_visual_remediation/p1_panel_work/scripts/build_r123_p1_panel_relayout.py;LaTex/work/preprint/R123_VISUAL_READABILITY_AND_RESTORATION_CANDIDATE_v1/components/global_visual_remediation/scripts/build_r123_recolored_singletons.py;LaTex/work/preprint/R123_VISUAL_READABILITY_AND_RESTORATION_CANDIDATE_v1/components/global_visual_remediation/scripts/build_r123_remaining_monochrome.py;LaTex/work/preprint/R123_VISUAL_READABILITY_AND_RESTORATION_CANDIDATE_v2/components/targeted_readability_assets/build_targeted_readability_assets.py;LaTex/figures/source/svg/fig_ect_vs_qm.svg;LaTex/scripts/fig3_condensate_scales.py;LaTex/scripts/fig_two_level_ontology.gv;LaTex/work/preprint/R123_VISUAL_READABILITY_AND_RESTORATION_CANDIDATE_v1/scripts/r123_palette.py;LaTex/scripts/r153_line_semantics/build_r153_line_semantics_successors.py | LaTex/figures/source/svg/fig_ect_vs_qm.svg,REGISTRY_OWNER_CAPTION_AND_R153_SOURCE_AUDIT,PASS_SUPPORTED_NO_UNKNOWN
fig:three_condensate_scales,b,HRC_matching_identity,exact_analytic_dense,conditional dimensional identity,declared HRC matching relation,declared figure domain; no extrapolation beyond the named owner,none unless stated in caption/owner,analytic line plus declared matched point,RETAIN AS CONDITIONAL IDENTITY,No common GeV axis or physical scale derivation.,LaTex/FIGURE_REGISTRY.csv:fig:three_condensate_scales | LaTex/ECT_preprint.tex:3976 | LaTex/scripts/render_fig_ect_vs_qm.py;LaTex/work/preprint/R123_VISUAL_READABILITY_AND_RESTORATION_CANDIDATE_v1/components/global_visual_remediation/p1_panel_work/scripts/build_r123_p1_panel_relayout.py;LaTex/work/preprint/R123_VISUAL_READABILITY_AND_RESTORATION_CANDIDATE_v1/components/global_visual_remediation/scripts/build_r123_recolored_singletons.py;LaTex/work/preprint/R123_VISUAL_READABILITY_AND_RESTORATION_CANDIDATE_v1/components/global_visual_remediation/scripts/build_r123_remaining_monochrome.py;LaTex/work/preprint/R123_VISUAL_READABILITY_AND_RESTORATION_CANDIDATE_v2/components/targeted_readability_assets/build_targeted_readability_assets.py;LaTex/figures/source/svg/fig_ect_vs_qm.svg;LaTex/scripts/fig3_condensate_scales.py;LaTex/scripts/fig_two_level_ontology.gv;LaTex/work/preprint/R123_VISUAL_READABILITY_AND_RESTORATION_CANDIDATE_v1/scripts/r123_palette.py;LaTex/scripts/r153_line_semantics/build_r153_line_semantics_successors.py | LaTex/figures/source/svg/fig_ect_vs_qm.svg,REGISTRY_OWNER_CAPTION_AND_R153_SOURCE_AUDIT,PASS_SUPPORTED_NO_UNKNOWN
fig:species_beta5,main,species_benchmarks,diagram/no scientific polyline,categorical Level-C/Open benchmark,$\beta_5^{bench}=m_f/\phi_0$ supplied ratios,declared figure domain; no extrapolation beyond the named owner,none unless stated in caption/owner,independent horizontal bars,RETAIN; BARS ARE NOT A CONNECTED SERIES,"Hand-selected benchmark, not a fitted microscopic law.",LaTex/FIGURE_REGISTRY.csv:fig:species_beta5 | LaTex/ECT_preprint.tex:7762 | LaTex/work/preprint/R149_READER_LAYOUT_CANDIDATE_v1/remaining_figure_typography/scripts/build_r149_remaining_typography.py | LaTex/figures/r123/fig_species_beta5_r123.pdf,REGISTRY_OWNER_CAPTION_AND_R153_SOURCE_AUDIT,PASS_SUPPORTED_NO_UNKNOWN
fig:coupling_comparison,main,electron_and_proton_scale_markers,sparse_nodes_unconnected,schematic cross-category comparison,representative suppression coordinates,declared figure domain; no extrapolation beyond the named owner,none unless stated in caption/owner,independent labelled markers,RETAIN UNCONNECTED,Quantities are not identical force laws.,LaTex/FIGURE_REGISTRY.csv:fig:coupling_comparison | LaTex/ECT_preprint.tex:7935 | LaTex/work/preprint/R149_READER_LAYOUT_CANDIDATE_v1/remaining_figure_typography/scripts/build_r149_remaining_typography.py | LaTex/figures/r123/fig_coupling_comparison_r123.pdf,REGISTRY_OWNER_CAPTION_AND_R153_SOURCE_AUDIT,PASS_SUPPORTED_NO_UNKNOWN
fig:neutrino_seesaw,fig_neutrino_seesaw_smooth_r154,$y_\nu=0.1$,exact_analytic_dense,analytic/dense/sparse model series as declared by R154 nonrotation QA,LaTex/work/preprint/R149_READER_LAYOUT_CANDIDATE_v1/remaining_figure_typography/scripts/build_r149_remaining_typography.py,500 source points; 500 rendered line points; 0 rendered markers,none; this is deterministic model/benchmark output,continuous line,USE_R154_CONTINUOUS_SUCCESSOR; DECORATIVE SAMPLE MARKERS REMOVED,Level C/Open supplied benchmark; not an ECT prediction,LaTex/work/preprint/R154_SMOOTH_CURVE_SEMANTICS_CANDIDATE_v1/nonrotation/R154_NONROTATION_SERIES_QA_v1.json:fig:neutrino_seesaw:$y_\nu=0.1$,DIRECT_R154_NUMERIC_QA,PASS_SUPPORTED_NO_UNKNOWN
fig:neutrino_seesaw,fig_neutrino_seesaw_smooth_r154,$y_\nu=1$,exact_analytic_dense,analytic/dense/sparse model series as declared by R154 nonrotation QA,LaTex/work/preprint/R149_READER_LAYOUT_CANDIDATE_v1/remaining_figure_typography/scripts/build_r149_remaining_typography.py,500 source points; 500 rendered line points; 0 rendered markers,none; this is deterministic model/benchmark output,continuous line,USE_R154_CONTINUOUS_SUCCESSOR; DECORATIVE SAMPLE MARKERS REMOVED,Level C/Open supplied benchmark; not an ECT prediction,LaTex/work/preprint/R154_SMOOTH_CURVE_SEMANTICS_CANDIDATE_v1/nonrotation/R154_NONROTATION_SERIES_QA_v1.json:fig:neutrino_seesaw:$y_\nu=1$,DIRECT_R154_NUMERIC_QA,PASS_SUPPORTED_NO_UNKNOWN
fig:neutrino_seesaw,fig_neutrino_seesaw_smooth_r154,$y_\nu=10^{-3}$,exact_analytic_dense,analytic/dense/sparse model series as declared by R154 nonrotation QA,LaTex/work/preprint/R149_READER_LAYOUT_CANDIDATE_v1/remaining_figure_typography/scripts/build_r149_remaining_typography.py,500 source points; 500 rendered line points; 0 rendered markers,none; this is deterministic model/benchmark output,continuous line,USE_R154_CONTINUOUS_SUCCESSOR; DECORATIVE SAMPLE MARKERS REMOVED,Level C/Open supplied benchmark; not an ECT prediction,LaTex/work/preprint/R154_SMOOTH_CURVE_SEMANTICS_CANDIDATE_v1/nonrotation/R154_NONROTATION_SERIES_QA_v1.json:fig:neutrino_seesaw:$y_\nu=10^{-3}$,DIRECT_R154_NUMERIC_QA,PASS_SUPPORTED_NO_UNKNOWN
fig:neutrino_seesaw,fig_neutrino_seesaw_smooth_r154,$y_\nu=10^{-4}$,exact_analytic_dense,analytic/dense/sparse model series as declared by R154 nonrotation QA,LaTex/work/preprint/R149_READER_LAYOUT_CANDIDATE_v1/remaining_figure_typography/scripts/build_r149_remaining_typography.py,500 source points; 500 rendered line points; 0 rendered markers,none; this is deterministic model/benchmark output,continuous line,USE_R154_CONTINUOUS_SUCCESSOR; DECORATIVE SAMPLE MARKERS REMOVED,Level C/Open supplied benchmark; not an ECT prediction,LaTex/work/preprint/R154_SMOOTH_CURVE_SEMANTICS_CANDIDATE_v1/nonrotation/R154_NONROTATION_SERIES_QA_v1.json:fig:neutrino_seesaw:$y_\nu=10^{-4}$,DIRECT_R154_NUMERIC_QA,PASS_SUPPORTED_NO_UNKNOWN
fig:neutrino_seesaw,fig_neutrino_seesaw_smooth_r154,$y_\nu\approx4.5\times10^{-3}$,exact_analytic_dense,analytic/dense/sparse model series as declared by R154 nonrotation QA,LaTex/work/preprint/R149_READER_LAYOUT_CANDIDATE_v1/remaining_figure_typography/scripts/build_r149_remaining_typography.py,500 source points; 500 rendered line points; 0 rendered markers,none; this is deterministic model/benchmark output,continuous line,USE_R154_CONTINUOUS_SUCCESSOR; DECORATIVE SAMPLE MARKERS REMOVED,Level C/Open supplied benchmark; not an ECT prediction,LaTex/work/preprint/R154_SMOOTH_CURVE_SEMANTICS_CANDIDATE_v1/nonrotation/R154_NONROTATION_SERIES_QA_v1.json:fig:neutrino_seesaw:$y_\nu\approx4.5\times10^{-3}$,DIRECT_R154_NUMERIC_QA,PASS_SUPPORTED_NO_UNKNOWN
fig:neutrino_corrections,fig_neutrino_corrections_smooth_r154,imported $\Delta m^2_{\rm atm}/(2E)$,exact_analytic_dense,analytic/dense/sparse model series as declared by R154 nonrotation QA,LaTex/work/preprint/R149_READER_LAYOUT_CANDIDATE_v1/remaining_figure_typography/scripts/build_r149_remaining_typography.py,500 source points; 500 rendered line points; 0 rendered markers,none; this is deterministic model/benchmark output,continuous line,USE_R154_CONTINUOUS_SUCCESSOR; DECORATIVE SAMPLE MARKERS REMOVED,Open vertex/coefficient; benchmark only,LaTex/work/preprint/R154_SMOOTH_CURVE_SEMANTICS_CANDIDATE_v1/nonrotation/R154_NONROTATION_SERIES_QA_v1.json:fig:neutrino_corrections:imported $\Delta m^2_{\rm atm}/(2E)$,DIRECT_R154_NUMERIC_QA,PASS_SUPPORTED_NO_UNKNOWN
fig:neutrino_corrections,fig_neutrino_corrections_smooth_r154,optional $\beta_\nu^{\rm bench}E$,exact_analytic_dense,analytic/dense/sparse model series as declared by R154 nonrotation QA,LaTex/work/preprint/R149_READER_LAYOUT_CANDIDATE_v1/remaining_figure_typography/scripts/build_r149_remaining_typography.py,500 source points; 500 rendered line points; 0 rendered markers,none; this is deterministic model/benchmark output,continuous line,USE_R154_CONTINUOUS_SUCCESSOR; DECORATIVE SAMPLE MARKERS REMOVED,Open vertex/coefficient; benchmark only,LaTex/work/preprint/R154_SMOOTH_CURVE_SEMANTICS_CANDIDATE_v1/nonrotation/R154_NONROTATION_SERIES_QA_v1.json:fig:neutrino_corrections:optional $\beta_\nu^{\rm bench}E$,DIRECT_R154_NUMERIC_QA,PASS_SUPPORTED_NO_UNKNOWN
fig:partI_derivation_logic,all,canonical_dependency_graph,diagram/no scientific polyline,derivation/status graph,47 canonical IDs and 63 directed semantic edges,declared figure domain; no extrapolation beyond the named owner,none unless stated in caption/owner,curved arrows and labelled nodes,RETAIN; GRAPH EDGES ARE NOT DATA CURVES,Node text controls status.,LaTex/FIGURE_REGISTRY.csv:fig:partI_derivation_logic | LaTex/ECT_preprint.tex:14642 | LaTex/work/preprint/R150_LOGIC_MAP_EDGE_READABILITY_CANDIDATE_v1/final_review_candidate_v1/preprint/publication/figures/source/graphviz/r150_curved_compact_v1/build_curved_compact_reader_maps_r150.py;LaTex/work/preprint/R150_LOGIC_MAP_EDGE_READABILITY_CANDIDATE_v1/final_review_candidate_v1/preprint/publication/figures/source/graphviz/r150_curved_compact_v1/frozen_r149_reader_helpers.py | LaTex/work/preprint/R150_LOGIC_MAP_EDGE_READABILITY_CANDIDATE_v1/final_review_candidate_v1/preprint/publication/figures/source/graphviz/r148_complete_logic_v1/fig09_partI_semantic_authority_r143.gv;LaTex/work/preprint/R150_LOGIC_MAP_EDGE_READABILITY_CANDIDATE_v1/final_review_candidate_v1/preprint/publication/data/figures_r148/topology/fig09_partI_topology_r148.json;LaTex/work/preprint/R150_LOGIC_MAP_EDGE_READABILITY_CANDIDATE_v1/final_review_candidate_v1/preprint/publication/figures/source/graphviz/r150_curved_compact_v1/semantic_keys/partI/partI_node_key.csv;LaTex/work/preprint/R150_LOGIC_MAP_EDGE_READABILITY_CANDIDATE_v1/final_review_candidate_v1/preprint/publication/figures/source/graphviz/r150_curved_compact_v1/semantic_keys/partI/partI_edge_key.csv;LaTex/work/preprint/R150_LOGIC_MAP_EDGE_READABILITY_CANDIDATE_v1/final_review_candidate_v1/preprint/publication/figures/source/graphviz/r150_curved_compact_v1/semantic_keys/partI/partI_full_key.json;LaTex/work/preprint/R150_LOGIC_MAP_EDGE_READABILITY_CANDIDATE_v1/final_review_candidate_v1/preprint/publication/figures/source/graphviz/r150_curved_compact_v1/semantic_keys/partI/partI_full_key_r149.pdf;LaTex/work/preprint/R150_LOGIC_MAP_EDGE_READABILITY_CANDIDATE_v1/final_review_candidate_v1/preprint/publication/figures/source/graphviz/r150_curved_compact_v1/maps_curved_compact/partI/partI_automated_qa.json;LaTex/work/preprint/R150_LOGIC_MAP_EDGE_READABILITY_CANDIDATE_v1/final_review_candidate_v1/preprint/publication/figures/source/graphviz/r150_curved_compact_v1/maps_curved_compact/manifest.json;LaTex/work/preprint/R150_LOGIC_MAP_EDGE_READABILITY_CANDIDATE_v1/final_review_candidate_v1/preprint/publication/figures/source/graphviz/r150_curved_compact_v1/maps_curved_compact/REPLAY_CHECK.json;LaTex/work/preprint/R150_LOGIC_MAP_EDGE_READABILITY_CANDIDATE_v1/final_review_candidate_v1/preprint/publication/figures/source/graphviz/r150_curved_compact_v1/maps_curved_compact/RUNTIME.json;LaTex/work/preprint/R150_LOGIC_MAP_EDGE_READABILITY_CANDIDATE_v1/final_review_candidate_v1/preprint/publication/figures/source/graphviz/r150_curved_compact_v1/R150_RELEASE_ALLOWLIST.json;LaTex/work/preprint/R150_LOGIC_MAP_EDGE_READABILITY_CANDIDATE_v1/final_review_candidate_v1/preprint/publication/figures/source/graphviz/r150_curved_compact_v1/semantic_keys/SHA256SUMS,REGISTRY_OWNER_CAPTION_AND_R153_SOURCE_AUDIT,PASS_SUPPORTED_NO_UNKNOWN
fig:r123_internal_external_history_map,all,history_map_geometry,diagram/no scientific polyline,shape-agnostic conceptual map,declared internal/external status topology,declared figure domain; no extrapolation beyond the named owner,none unless stated in caption/owner,schematic regions/arrows,RETAIN; NOT A QUANTITATIVE HISTORY CURVE,Formation/front and metric map remain Open.,LaTex/FIGURE_REGISTRY.csv:fig:r123_internal_external_history_map | LaTex/ECT_preprint.tex:20127 | LaTex/work/preprint/R149_READER_LAYOUT_CANDIDATE_v1/figure_typography_successors/scripts/build_r149_accessibility_previews.py;LaTex/work/preprint/R149_READER_LAYOUT_CANDIDATE_v1/figure_typography_successors/scripts/build_r149_evolution_typography_successors.py;LaTex/work/preprint/R149_READER_LAYOUT_CANDIDATE_v1/figure_typography_successors/scripts/build_r149_sparc_typography_successors.py;LaTex/work/preprint/R149_READER_LAYOUT_CANDIDATE_v1/figure_typography_successors/scripts/verify_r149_typography_successors.py;LaTex/work/preprint/R149_READER_LAYOUT_CANDIDATE_v1/figure_typography_successors/scripts/write_r149_repair_package_manifest.py | LaTex/figures/r123/r123_external_internal_history_map.pdf,REGISTRY_OWNER_CAPTION_AND_R153_SOURCE_AUDIT,PASS_SUPPORTED_NO_UNKNOWN
fig:r123_condensate_orbit,conditional_post_ordering_dense_r154,$10^3 q$,exact_analytic_dense,analytic/dense/sparse model series as declared by R154 nonrotation QA,LaTex/work/preprint/R149_READER_LAYOUT_CANDIDATE_v1/figure_typography_successors/scripts/build_r149_evolution_typography_successors.py,1001 source points; 1001 rendered line points; 0 rendered markers,none; this is deterministic model/benchmark output,continuous line,USE_R154_CONTINUOUS_SUCCESSOR; DECORATIVE SAMPLE MARKERS REMOVED,Level A background inside supplied action/state; dimensional readings Level C,LaTex/work/preprint/R154_SMOOTH_CURVE_SEMANTICS_CANDIDATE_v1/nonrotation/R154_NONROTATION_SERIES_QA_v1.json:fig:r123_condensate_orbit:$10^3 q$,DIRECT_R154_NUMERIC_QA,PASS_SUPPORTED_NO_UNKNOWN
fig:r123_condensate_orbit,conditional_post_ordering_dense_r154,"$10^3\,dq/dN$",exact_analytic_dense,analytic/dense/sparse model series as declared by R154 nonrotation QA,LaTex/work/preprint/R149_READER_LAYOUT_CANDIDATE_v1/figure_typography_successors/scripts/build_r149_evolution_typography_successors.py,1001 source points; 1001 rendered line points; 0 rendered markers,none; this is deterministic model/benchmark output,continuous line,USE_R154_CONTINUOUS_SUCCESSOR; DECORATIVE SAMPLE MARKERS REMOVED,Level A background inside supplied action/state; dimensional readings Level C,"LaTex/work/preprint/R154_SMOOTH_CURVE_SEMANTICS_CANDIDATE_v1/nonrotation/R154_NONROTATION_SERIES_QA_v1.json:fig:r123_condensate_orbit:$10^3\,dq/dN$",DIRECT_R154_NUMERIC_QA,PASS_SUPPORTED_NO_UNKNOWN
fig:r123_condensate_orbit,conditional_post_ordering_dense_r154,$10^6(F/F_0-1)$,exact_analytic_dense,analytic/dense/sparse model series as declared by R154 nonrotation QA,LaTex/work/preprint/R149_READER_LAYOUT_CANDIDATE_v1/figure_typography_successors/scripts/build_r149_evolution_typography_successors.py,1001 source points; 1001 rendered line points; 0 rendered markers,none; this is deterministic model/benchmark output,continuous line,USE_R154_CONTINUOUS_SUCCESSOR; DECORATIVE SAMPLE MARKERS REMOVED,Level A background inside supplied action/state; dimensional readings Level C,LaTex/work/preprint/R154_SMOOTH_CURVE_SEMANTICS_CANDIDATE_v1/nonrotation/R154_NONROTATION_SERIES_QA_v1.json:fig:r123_condensate_orbit:$10^6(F/F_0-1)$,DIRECT_R154_NUMERIC_QA,PASS_SUPPORTED_NO_UNKNOWN
fig:r123_condensate_orbit,conditional_post_ordering_dense_r154,$10^6(F_0/F-1)$,exact_analytic_dense,analytic/dense/sparse model series as declared by R154 nonrotation QA,LaTex/work/preprint/R149_READER_LAYOUT_CANDIDATE_v1/figure_typography_successors/scripts/build_r149_evolution_typography_successors.py,1001 source points; 1001 rendered line points; 0 rendered markers,none; this is deterministic model/benchmark output,continuous line,USE_R154_CONTINUOUS_SUCCESSOR; DECORATIVE SAMPLE MARKERS REMOVED,Level A background inside supplied action/state; dimensional readings Level C,LaTex/work/preprint/R154_SMOOTH_CURVE_SEMANTICS_CANDIDATE_v1/nonrotation/R154_NONROTATION_SERIES_QA_v1.json:fig:r123_condensate_orbit:$10^6(F_0/F-1)$,DIRECT_R154_NUMERIC_QA,PASS_SUPPORTED_NO_UNKNOWN
fig:r123_condensate_orbit,conditional_post_ordering_dense_r154,expansion residual,dense_solver_owner,analytic/dense/sparse model series as declared by R154 nonrotation QA,LaTex/data/cosmology_r103/R103_TWO_SLOPE_BACKGROUND_DENSE_v1.csv,3001 source points; 161 rendered line points; 9 rendered markers,none; this is deterministic model/benchmark output,continuous line,USE_R154_DENSE_SOLVER_TRACE; RETAIN PUBLISHED NODES AS SEPARATE MARKERS,Level A background inside supplied action/state; Level C physical map,LaTex/work/preprint/R154_SMOOTH_CURVE_SEMANTICS_CANDIDATE_v1/nonrotation/R154_NONROTATION_SERIES_QA_v1.json:fig:r123_condensate_orbit:expansion residual,DIRECT_R154_NUMERIC_QA,PASS_SUPPORTED_NO_UNKNOWN
fig:r123_condensate_orbit,conditional_post_ordering_dense_r154,matched-control clock,dense_solver_owner,analytic/dense/sparse model series as declared by R154 nonrotation QA,LaTex/data/cosmology_r103/R103_TWO_SLOPE_BACKGROUND_DENSE_v1.csv,3001 source points; 161 rendered line points; 9 rendered markers,none; this is deterministic model/benchmark output,continuous line,USE_R154_DENSE_SOLVER_TRACE; RETAIN PUBLISHED NODES AS SEPARATE MARKERS,Level A background inside supplied action/state; Level C physical map,LaTex/work/preprint/R154_SMOOTH_CURVE_SEMANTICS_CANDIDATE_v1/nonrotation/R154_NONROTATION_SERIES_QA_v1.json:fig:r123_condensate_orbit:matched-control clock,DIRECT_R154_NUMERIC_QA,PASS_SUPPORTED_NO_UNKNOWN
fig:r123_condensate_orbit,conditional_post_ordering_dense_r154,matched-control expansion,dense_solver_owner,analytic/dense/sparse model series as declared by R154 nonrotation QA,LaTex/data/cosmology_r103/R103_TWO_SLOPE_BACKGROUND_DENSE_v1.csv,3001 source points; 161 rendered line points; 9 rendered markers,none; this is deterministic model/benchmark output,continuous line,USE_R154_DENSE_SOLVER_TRACE; RETAIN PUBLISHED NODES AS SEPARATE MARKERS,Level A background inside supplied action/state; Level C physical map,LaTex/work/preprint/R154_SMOOTH_CURVE_SEMANTICS_CANDIDATE_v1/nonrotation/R154_NONROTATION_SERIES_QA_v1.json:fig:r123_condensate_orbit:matched-control expansion,DIRECT_R154_NUMERIC_QA,PASS_SUPPORTED_NO_UNKNOWN
fig:r123_condensate_orbit,conditional_post_ordering_dense_r154,two-slope branch clock,dense_solver_owner,analytic/dense/sparse model series as declared by R154 nonrotation QA,LaTex/data/cosmology_r103/R103_TWO_SLOPE_BACKGROUND_DENSE_v1.csv,3001 source points; 161 rendered line points; 9 rendered markers,none; this is deterministic model/benchmark output,continuous line,USE_R154_DENSE_SOLVER_TRACE; RETAIN PUBLISHED NODES AS SEPARATE MARKERS,Level A background inside supplied action/state; Level C physical map,LaTex/work/preprint/R154_SMOOTH_CURVE_SEMANTICS_CANDIDATE_v1/nonrotation/R154_NONROTATION_SERIES_QA_v1.json:fig:r123_condensate_orbit:two-slope branch clock,DIRECT_R154_NUMERIC_QA,PASS_SUPPORTED_NO_UNKNOWN
fig:r123_condensate_orbit,conditional_post_ordering_dense_r154,two-slope expansion,dense_solver_owner,analytic/dense/sparse model series as declared by R154 nonrotation QA,LaTex/data/cosmology_r103/R103_TWO_SLOPE_BACKGROUND_DENSE_v1.csv,3001 source points; 161 rendered line points; 9 rendered markers,none; this is deterministic model/benchmark output,continuous line,USE_R154_DENSE_SOLVER_TRACE; RETAIN PUBLISHED NODES AS SEPARATE MARKERS,Level A background inside supplied action/state; Level C physical map,LaTex/work/preprint/R154_SMOOTH_CURVE_SEMANTICS_CANDIDATE_v1/nonrotation/R154_NONROTATION_SERIES_QA_v1.json:fig:r123_condensate_orbit:two-slope expansion,DIRECT_R154_NUMERIC_QA,PASS_SUPPORTED_NO_UNKNOWN
fig:r103_ect_acoustic_ppn_tradeoff,main,nine_parameter_rows,sparse_nodes_unconnected,conditional parameter scan,nine independently computed two-slope rows,declared figure domain; no extrapolation beyond the named owner,none unless stated in caption/owner,unconnected markers,USE R153 UNCONNECTED-NODE SUCCESSOR,No continuous parameter trajectory or interpolation.,LaTex/FIGURE_REGISTRY.csv:fig:r103_ect_acoustic_ppn_tradeoff | LaTex/ECT_preprint.tex:20890 | LaTex/work/preprint/R127_VISUAL_COSMOLOGY_PES_COMPLETION_CANDIDATE_v1/components/native_font_rerender_v1/build_r127_native_font_rerender.py;LaTex/work/preprint/R123_VISUAL_READABILITY_AND_RESTORATION_CANDIDATE_v1/components/clipping_remediation_v2/build_clipping_remediation_v2.py;LaTex/scripts/cosmology/make_r103_corrected_cosmology_figures.py;LaTex/scripts/r153_line_semantics/build_r153_line_semantics_successors.py | LaTex/work/preprint/R127_VISUAL_COSMOLOGY_PES_COMPLETION_CANDIDATE_v1/components/font_readability_remediation_v1/assets/r123__global__panels__fig10_a_acoustic_gate_r123__reader_scale_r127.pdf;LaTex/data/cosmology_r103/R103_TWO_SLOPE_CALIBRATED_SCAN_v1.json,REGISTRY_OWNER_CAPTION_AND_R153_SOURCE_AUDIT,PASS_SUPPORTED_NO_UNKNOWN
fig:r114_one_real_pole_cluster_scale_no_go,main,ballistic_scale_relation,exact_analytic_dense,restricted one-pole no-go relation,$\ell=v(2\pi/H_0)$,declared figure domain; no extrapolation beyond the named owner,none unless stated in caption/owner,dense analytic line,RETAIN R153 EXACT CURVE,Valid only under the stated single-pole and ballistic assumptions.,LaTex/FIGURE_REGISTRY.csv:fig:r114_one_real_pole_cluster_scale_no_go | LaTex/ECT_preprint.tex:21103 | LaTex/work/preprint/R149_READER_LAYOUT_CANDIDATE_v1/remaining_figure_typography/scripts/build_r149_remaining_typography.py;LaTex/scripts/r153_line_semantics/build_r153_line_semantics_successors.py | LaTex/data/cosmology_r113/R113_ONE_POLE_CLUSTER_NO_GO_v2.json,REGISTRY_OWNER_CAPTION_AND_R153_SOURCE_AUDIT,PASS_SUPPORTED_NO_UNKNOWN
fig:r114_one_real_pole_cluster_scale_no_go,main,frozen_velocity_nodes,sparse_nodes_unconnected,frozen diagnostic evaluations,three declared velocity rows,declared figure domain; no extrapolation beyond the named owner,none unless stated in caption/owner,separate markers,RETAIN SOURCE NODES SEPARATELY,Nodes do not own the continuous relation.,LaTex/FIGURE_REGISTRY.csv:fig:r114_one_real_pole_cluster_scale_no_go | LaTex/ECT_preprint.tex:21103 | LaTex/work/preprint/R149_READER_LAYOUT_CANDIDATE_v1/remaining_figure_typography/scripts/build_r149_remaining_typography.py;LaTex/scripts/r153_line_semantics/build_r153_line_semantics_successors.py | LaTex/data/cosmology_r113/R113_ONE_POLE_CLUSTER_NO_GO_v2.json,REGISTRY_OWNER_CAPTION_AND_R153_SOURCE_AUDIT,PASS_SUPPORTED_NO_UNKNOWN
fig:r123_conditional_universe_timeline,all,chronology_events,sparse_nodes_unconnected,conditional chronology evaluations,frozen evaluated chronology and residual events,declared figure domain; no extrapolation beyond the named owner,none unless stated in caption/owner,unconnected event markers,USE R153 UNCONNECTED-NODE SUCCESSOR,Not a derived formation history or continuous universe trajectory.,LaTex/FIGURE_REGISTRY.csv:fig:r123_conditional_universe_timeline | LaTex/ECT_preprint.tex:21428 | LaTex/work/preprint/R149_READER_LAYOUT_CANDIDATE_v1/remaining_figure_typography/scripts/build_r149_remaining_typography.py;LaTex/scripts/r153_line_semantics/build_r153_line_semantics_successors.py | LaTex/data/cosmology_r103/R103_TWO_SLOPE_CONDITIONAL_OBSERVABLES_v1.csv,REGISTRY_OWNER_CAPTION_AND_R153_SOURCE_AUDIT,PASS_SUPPORTED_NO_UNKNOWN
fig:dimensionality,all,force_law_regime_schematic,diagram/no scientific polyline,HRC regime/dimensionality schematic,declared asymptotic force-law labels,declared figure domain; no extrapolation beyond the named owner,none unless stated in caption/owner,"regions, arrows and labels",RETAIN; NOT SAMPLED-DATA INTERPOLATION,HRC source/metric bridge remains conditional.,LaTex/FIGURE_REGISTRY.csv:fig:dimensionality | LaTex/ECT_preprint.tex:21690 | LaTex/work/preprint/R149_READER_LAYOUT_CANDIDATE_v1/borderline_figure_typography/review_main_a/scripts/build_main_a_successors.py | LaTex/scripts/fig6_dimensionality.py,REGISTRY_OWNER_CAPTION_AND_R153_SOURCE_AUDIT,PASS_SUPPORTED_NO_UNKNOWN
fig:regime_diagram,all,galactic_status_regions,diagram/no scientific polyline,status diagram,declared response-regime regions and Open closure axis,declared figure domain; no extrapolation beyond the named owner,none unless stated in caption/owner,regions and boundaries,RETAIN; NO POINT CONNECTOR,Horizontal closure axis has no calibrated continuous owner.,LaTex/FIGURE_REGISTRY.csv:fig:regime_diagram | LaTex/ECT_preprint.tex:22112 | LaTex/work/preprint/R149_READER_LAYOUT_CANDIDATE_v1/borderline_figure_typography/review_main_a/scripts/build_main_a_successors.py | LaTex/scripts/fig_regime_diagram.py,REGISTRY_OWNER_CAPTION_AND_R153_SOURCE_AUDIT,PASS_SUPPORTED_NO_UNKNOWN
fig:r103_cluster_local_no_go,all,synthetic_cluster_profiles,diagram/no scientific polyline,synthetic local-map no-go,four hand-set schematic profiles,declared figure domain; no extrapolation beyond the named owner,none unless stated in caption/owner,profile maps and peak markers,RETAIN AS SYNTHETIC SCHEMATIC,Not reconstructed data and not fits.,LaTex/FIGURE_REGISTRY.csv:fig:r103_cluster_local_no_go | LaTex/ECT_preprint.tex:22433 | LaTex/scripts/cosmology/make_r103_corrected_cosmology_figures.py | LaTex/work/preprint/R127_VISUAL_COSMOLOGY_PES_COMPLETION_CANDIDATE_v1/components/font_readability_remediation_v1/assets/r103__r103_cluster_local_no_go__reader_scale_r127.pdf;LaTex/data/cosmology_r103/R103_CLUSTER_LOCAL_HRC_SYNTHETIC_v1.json,REGISTRY_OWNER_CAPTION_AND_R153_SOURCE_AUDIT,PASS_SUPPORTED_NO_UNKNOWN
fig:btfr_new_main,main,SPARC_outer_tail_points,observations_unconnected,external galaxy sample,frozen SPARC outer-tail proxies,declared figure domain; no extrapolation beyond the named owner,none unless stated in caption/owner,unconnected scatter markers,RETAIN UNCONNECTED,No line is inferred from observations.,LaTex/FIGURE_REGISTRY.csv:fig:btfr_new_main | LaTex/ECT_preprint.tex:23283 | LaTex/work/preprint/R123_VISUAL_READABILITY_AND_RESTORATION_CANDIDATE_v3/components/curve_luminance_readable/build_curve_luminance_readable_v1.py | LaTex/data/cosmology_r103/R103_CONDITIONAL_ECT_AGE_MATCHING_RESULTS_v1.json;LaTex/data/cosmology_r103/R103_OFFICIAL_CCCOVARIANCE_SUBSET_RESULT_v1.json;LaTex/data/cosmology_r103/R103_RESTRICTED_ISW_LENSING_PROXY_v1.json;LaTex/data/cosmology_r103/R103_RESTRICTED_LARGE_FLOW_PROXY_v1.json;LaTex/data/cosmology_r103/R103_TWO_SLOPE_BACKGROUND_DENSE_METADATA_v1.json;LaTex/data/cosmology_r103/R103_TWO_SLOPE_BACKGROUND_DENSE_v1.csv;LaTex/data/cosmology_r103/R103_TWO_SLOPE_CALIBRATED_SCAN_v1.json;LaTex/data/cosmology_r103/R103_TWO_SLOPE_CONDITIONAL_OBSERVABLES_v1.csv;LaTex/data/cosmology_r103/R103_TWO_SLOPE_CONDITIONAL_OBSERVABLES_v1.json;LaTex/data/cosmology_r103/R103_TWO_SLOPE_HWG_FROZEN_v1.csv;LaTex/data/cosmology_r113/R113_EARLY_RESPONSE_GROWTH_COLLAPSE_ENVELOPE_v3.csv;LaTex/data/hrc_r97/R97_HRC_PER_GALAXY_FITS.csv;LaTex/data/hrc_r97/R97_HRC_SOURCE_POINTS.csv;LaTex/data/hrc_r97/R97_HRC_UDG_DIAGNOSTIC.csv,REGISTRY_OWNER_CAPTION_AND_R153_SOURCE_AUDIT,PASS_SUPPORTED_NO_UNKNOWN
fig:btfr_new_main,main,conditional_slope_four_guide,statistical_fit/approximation,conditional BTFR guide,declared slope-four relation at matched/fitted scale,declared figure domain; no extrapolation beyond the named owner,none unless stated in caption/owner,qualified guide line,RETAIN WITH GUIDE/FIT QUALIFIER,Level-C diagnostic; not an independently predicted population relation.,LaTex/FIGURE_REGISTRY.csv:fig:btfr_new_main | LaTex/ECT_preprint.tex:23283 | LaTex/work/preprint/R123_VISUAL_READABILITY_AND_RESTORATION_CANDIDATE_v3/components/curve_luminance_readable/build_curve_luminance_readable_v1.py | LaTex/data/cosmology_r103/R103_CONDITIONAL_ECT_AGE_MATCHING_RESULTS_v1.json;LaTex/data/cosmology_r103/R103_OFFICIAL_CCCOVARIANCE_SUBSET_RESULT_v1.json;LaTex/data/cosmology_r103/R103_RESTRICTED_ISW_LENSING_PROXY_v1.json;LaTex/data/cosmology_r103/R103_RESTRICTED_LARGE_FLOW_PROXY_v1.json;LaTex/data/cosmology_r103/R103_TWO_SLOPE_BACKGROUND_DENSE_METADATA_v1.json;LaTex/data/cosmology_r103/R103_TWO_SLOPE_BACKGROUND_DENSE_v1.csv;LaTex/data/cosmology_r103/R103_TWO_SLOPE_CALIBRATED_SCAN_v1.json;LaTex/data/cosmology_r103/R103_TWO_SLOPE_CONDITIONAL_OBSERVABLES_v1.csv;LaTex/data/cosmology_r103/R103_TWO_SLOPE_CONDITIONAL_OBSERVABLES_v1.json;LaTex/data/cosmology_r103/R103_TWO_SLOPE_HWG_FROZEN_v1.csv;LaTex/data/cosmology_r113/R113_EARLY_RESPONSE_GROWTH_COLLAPSE_ENVELOPE_v3.csv;LaTex/data/hrc_r97/R97_HRC_PER_GALAXY_FITS.csv;LaTex/data/hrc_r97/R97_HRC_SOURCE_POINTS.csv;LaTex/data/hrc_r97/R97_HRC_UDG_DIAGNOSTIC.csv,REGISTRY_OWNER_CAPTION_AND_R153_SOURCE_AUDIT,PASS_SUPPORTED_NO_UNKNOWN
fig:btfr_new_main__continuation_scale_dispersion,main,scale_dispersion_points,observations_unconnected,frozen galaxy-level diagnostic,fitted scale values per galaxy,declared figure domain; no extrapolation beyond the named owner,none unless stated in caption/owner,unconnected scatter/histogram entries,RETAIN UNCONNECTED,No ordering by the plotting coordinate implies a trajectory.,LaTex/FIGURE_REGISTRY.csv:fig:btfr_new_main__continuation_scale_dispersion | LaTex/ECT_preprint.tex:23297 | LaTex/work/preprint/R123_VISUAL_READABILITY_AND_RESTORATION_CANDIDATE_v3/components/curve_luminance_readable/build_curve_luminance_readable_v1.py | LaTex/data/cosmology_r103/R103_CONDITIONAL_ECT_AGE_MATCHING_RESULTS_v1.json;LaTex/data/cosmology_r103/R103_OFFICIAL_CCCOVARIANCE_SUBSET_RESULT_v1.json;LaTex/data/cosmology_r103/R103_RESTRICTED_ISW_LENSING_PROXY_v1.json;LaTex/data/cosmology_r103/R103_RESTRICTED_LARGE_FLOW_PROXY_v1.json;LaTex/data/cosmology_r103/R103_TWO_SLOPE_BACKGROUND_DENSE_METADATA_v1.json;LaTex/data/cosmology_r103/R103_TWO_SLOPE_BACKGROUND_DENSE_v1.csv;LaTex/data/cosmology_r103/R103_TWO_SLOPE_CALIBRATED_SCAN_v1.json;LaTex/data/cosmology_r103/R103_TWO_SLOPE_CONDITIONAL_OBSERVABLES_v1.csv;LaTex/data/cosmology_r103/R103_TWO_SLOPE_CONDITIONAL_OBSERVABLES_v1.json;LaTex/data/cosmology_r103/R103_TWO_SLOPE_HWG_FROZEN_v1.csv;LaTex/data/cosmology_r113/R113_EARLY_RESPONSE_GROWTH_COLLAPSE_ENVELOPE_v3.csv;LaTex/data/hrc_r97/R97_HRC_PER_GALAXY_FITS.csv;LaTex/data/hrc_r97/R97_HRC_SOURCE_POINTS.csv;LaTex/data/hrc_r97/R97_HRC_UDG_DIAGNOSTIC.csv,REGISTRY_OWNER_CAPTION_AND_R153_SOURCE_AUDIT,PASS_SUPPORTED_NO_UNKNOWN
fig:btfr_new_main__continuation_scale_dispersion,main,summary_guide,statistical_fit/approximation,sample summary,declared median/reference guide,declared figure domain; no extrapolation beyond the named owner,none unless stated in caption/owner,directly labelled guide,RETAIN WITH STATISTICAL QUALIFIER,Guide is not an ECT law.,LaTex/FIGURE_REGISTRY.csv:fig:btfr_new_main__continuation_scale_dispersion | LaTex/ECT_preprint.tex:23297 | LaTex/work/preprint/R123_VISUAL_READABILITY_AND_RESTORATION_CANDIDATE_v3/components/curve_luminance_readable/build_curve_luminance_readable_v1.py | LaTex/data/cosmology_r103/R103_CONDITIONAL_ECT_AGE_MATCHING_RESULTS_v1.json;LaTex/data/cosmology_r103/R103_OFFICIAL_CCCOVARIANCE_SUBSET_RESULT_v1.json;LaTex/data/cosmology_r103/R103_RESTRICTED_ISW_LENSING_PROXY_v1.json;LaTex/data/cosmology_r103/R103_RESTRICTED_LARGE_FLOW_PROXY_v1.json;LaTex/data/cosmology_r103/R103_TWO_SLOPE_BACKGROUND_DENSE_METADATA_v1.json;LaTex/data/cosmology_r103/R103_TWO_SLOPE_BACKGROUND_DENSE_v1.csv;LaTex/data/cosmology_r103/R103_TWO_SLOPE_CALIBRATED_SCAN_v1.json;LaTex/data/cosmology_r103/R103_TWO_SLOPE_CONDITIONAL_OBSERVABLES_v1.csv;LaTex/data/cosmology_r103/R103_TWO_SLOPE_CONDITIONAL_OBSERVABLES_v1.json;LaTex/data/cosmology_r103/R103_TWO_SLOPE_HWG_FROZEN_v1.csv;LaTex/data/cosmology_r113/R113_EARLY_RESPONSE_GROWTH_COLLAPSE_ENVELOPE_v3.csv;LaTex/data/hrc_r97/R97_HRC_PER_GALAXY_FITS.csv;LaTex/data/hrc_r97/R97_HRC_SOURCE_POINTS.csv;LaTex/data/hrc_r97/R97_HRC_UDG_DIAGNOSTIC.csv,REGISTRY_OWNER_CAPTION_AND_R153_SOURCE_AUDIT,PASS_SUPPORTED_NO_UNKNOWN
fig:hrc_scale_analysis_main,all,nuisance_distributions,statistical_fit/approximation,frozen Level-C fitted-nuisance distributions,histogram/step estimators of fitted scales and M/L,declared figure domain; no extrapolation beyond the named owner,none unless stated in caption/owner,histogram and reference lines,RETAIN AS STATISTICAL ESTIMATORS,Not continuous physical response trajectories.,LaTex/FIGURE_REGISTRY.csv:fig:hrc_scale_analysis_main | LaTex/ECT_preprint.tex:23416 | LaTex/work/preprint/R123_VISUAL_READABILITY_AND_RESTORATION_CANDIDATE_v3/components/curve_luminance_readable/build_curve_luminance_readable_v1.py | LaTex/data/cosmology_r103/R103_CONDITIONAL_ECT_AGE_MATCHING_RESULTS_v1.json;LaTex/data/cosmology_r103/R103_OFFICIAL_CCCOVARIANCE_SUBSET_RESULT_v1.json;LaTex/data/cosmology_r103/R103_RESTRICTED_ISW_LENSING_PROXY_v1.json;LaTex/data/cosmology_r103/R103_RESTRICTED_LARGE_FLOW_PROXY_v1.json;LaTex/data/cosmology_r103/R103_TWO_SLOPE_BACKGROUND_DENSE_METADATA_v1.json;LaTex/data/cosmology_r103/R103_TWO_SLOPE_BACKGROUND_DENSE_v1.csv;LaTex/data/cosmology_r103/R103_TWO_SLOPE_CALIBRATED_SCAN_v1.json;LaTex/data/cosmology_r103/R103_TWO_SLOPE_CONDITIONAL_OBSERVABLES_v1.csv;LaTex/data/cosmology_r103/R103_TWO_SLOPE_CONDITIONAL_OBSERVABLES_v1.json;LaTex/data/cosmology_r103/R103_TWO_SLOPE_HWG_FROZEN_v1.csv;LaTex/data/cosmology_r113/R113_EARLY_RESPONSE_GROWTH_COLLAPSE_ENVELOPE_v3.csv;LaTex/data/hrc_r97/R97_HRC_PER_GALAXY_FITS.csv;LaTex/data/hrc_r97/R97_HRC_SOURCE_POINTS.csv;LaTex/data/hrc_r97/R97_HRC_UDG_DIAGNOSTIC.csv,REGISTRY_OWNER_CAPTION_AND_R153_SOURCE_AUDIT,PASS_SUPPORTED_NO_UNKNOWN
fig:chi2_comparison_main,main,HRC_0_and_HRC_3_response,exact_analytic_dense,response-law diagnostic,declared analytic HRC response laws,declared figure domain; no extrapolation beyond the named owner,none unless stated in caption/owner,dense analytic curves,RETAIN CONTINUOUS ANALYTIC CURVES,HRC-3 remains conditional/post-hoc; no fit through plotted nodes.,LaTex/FIGURE_REGISTRY.csv:fig:chi2_comparison_main | LaTex/ECT_preprint.tex:23428 | LaTex/work/preprint/R123_VISUAL_READABILITY_AND_RESTORATION_CANDIDATE_v3/components/curve_luminance_readable/build_curve_luminance_readable_v1.py | LaTex/data/cosmology_r103/R103_CONDITIONAL_ECT_AGE_MATCHING_RESULTS_v1.json;LaTex/data/cosmology_r103/R103_OFFICIAL_CCCOVARIANCE_SUBSET_RESULT_v1.json;LaTex/data/cosmology_r103/R103_RESTRICTED_ISW_LENSING_PROXY_v1.json;LaTex/data/cosmology_r103/R103_RESTRICTED_LARGE_FLOW_PROXY_v1.json;LaTex/data/cosmology_r103/R103_TWO_SLOPE_BACKGROUND_DENSE_METADATA_v1.json;LaTex/data/cosmology_r103/R103_TWO_SLOPE_BACKGROUND_DENSE_v1.csv;LaTex/data/cosmology_r103/R103_TWO_SLOPE_CALIBRATED_SCAN_v1.json;LaTex/data/cosmology_r103/R103_TWO_SLOPE_CONDITIONAL_OBSERVABLES_v1.csv;LaTex/data/cosmology_r103/R103_TWO_SLOPE_CONDITIONAL_OBSERVABLES_v1.json;LaTex/data/cosmology_r103/R103_TWO_SLOPE_HWG_FROZEN_v1.csv;LaTex/data/cosmology_r113/R113_EARLY_RESPONSE_GROWTH_COLLAPSE_ENVELOPE_v3.csv;LaTex/data/hrc_r97/R97_HRC_PER_GALAXY_FITS.csv;LaTex/data/hrc_r97/R97_HRC_SOURCE_POINTS.csv;LaTex/data/hrc_r97/R97_HRC_UDG_DIAGNOSTIC.csv,REGISTRY_OWNER_CAPTION_AND_R153_SOURCE_AUDIT,PASS_SUPPORTED_NO_UNKNOWN
fig:sparc_external_model_comparison_r123_a,DDO154,HRC-0__display_curve,display_only_residual_gated_PCHIP,"display-only curve; never used in fit, likelihood, residual, or source ordering",R154 residual-gated curvature regularisation of display nodes followed by shape-preserving PCHIP,dense in-domain display grid; no extrapolation,no statistical uncertainty; deterministic display residual recorded in R154 QA,smooth line plus separate faint source nodes,USE R154 DISPLAY-ONLY SUCCESSOR,"PASS: normalised RMS=0.2, normalised max=0.505127282906, new extrema=0, exact source hits=0; no topology/order/crossing violation.",LaTex/work/preprint/R154_SMOOTH_CURVE_SEMANTICS_CANDIDATE_v1/rotation/qa/R154_SMOOTH_CURVE_SEMANTICS_QA_v1.json:main-A:DDO154:HRC-0,DIRECT_R154_ROTATION_QA,PASS_SUPPORTED_NO_UNKNOWN
fig:sparc_external_model_comparison_r123_a,DDO154,HRC-0__source_nodes,sparse_nodes_unconnected,frozen conditional model ordinates at source radii,frozen R102/R127 rotation source arrays; scientific fits and residuals remain on these ordinates,12 irregular source radii; no extrapolation,none on model ordinates; observational error belongs only to SPARC points,faint unconnected open nodes,RETAIN AS THE SCIENTIFIC NUMERIC OWNER,No physical continuous radial owner is inferred from these nodes.,LaTex/work/preprint/R154_SMOOTH_CURVE_SEMANTICS_CANDIDATE_v1/rotation/qa/R154_SMOOTH_CURVE_SEMANTICS_QA_v1.json:main-A:DDO154:HRC-0,DIRECT_R154_ROTATION_QA,PASS_SUPPORTED_NO_UNKNOWN
fig:sparc_external_model_comparison_r123_a,DDO154,HRC-3__display_curve,display_only_residual_gated_PCHIP,"display-only curve; never used in fit, likelihood, residual, or source ordering",R154 residual-gated curvature regularisation of display nodes followed by shape-preserving PCHIP,dense in-domain display grid; no extrapolation,no statistical uncertainty; deterministic display residual recorded in R154 QA,smooth line plus separate faint source nodes,USE R154 DISPLAY-ONLY SUCCESSOR,"PASS: normalised RMS=0.2, normalised max=0.503019737811, new extrema=0, exact source hits=0; no topology/order/crossing violation.",LaTex/work/preprint/R154_SMOOTH_CURVE_SEMANTICS_CANDIDATE_v1/rotation/qa/R154_SMOOTH_CURVE_SEMANTICS_QA_v1.json:main-A:DDO154:HRC-3,DIRECT_R154_ROTATION_QA,PASS_SUPPORTED_NO_UNKNOWN
fig:sparc_external_model_comparison_r123_a,DDO154,HRC-3__source_nodes,sparse_nodes_unconnected,frozen conditional model ordinates at source radii,frozen R102/R127 rotation source arrays; scientific fits and residuals remain on these ordinates,12 irregular source radii; no extrapolation,none on model ordinates; observational error belongs only to SPARC points,faint unconnected open nodes,RETAIN AS THE SCIENTIFIC NUMERIC OWNER,No physical continuous radial owner is inferred from these nodes.,LaTex/work/preprint/R154_SMOOTH_CURVE_SEMANTICS_CANDIDATE_v1/rotation/qa/R154_SMOOTH_CURVE_SEMANTICS_QA_v1.json:main-A:DDO154:HRC-3,DIRECT_R154_ROTATION_QA,PASS_SUPPORTED_NO_UNKNOWN
fig:sparc_external_model_comparison_r123_a,DDO154,MOND-standard__display_curve,display_only_residual_gated_PCHIP,"display-only curve; never used in fit, likelihood, residual, or source ordering",R154 residual-gated curvature regularisation of display nodes followed by shape-preserving PCHIP,dense in-domain display grid; no extrapolation,no statistical uncertainty; deterministic display residual recorded in R154 QA,smooth line plus separate faint source nodes,USE R154 DISPLAY-ONLY SUCCESSOR,"PASS: normalised RMS=0.2, normalised max=0.505088847392, new extrema=0, exact source hits=0; no topology/order/crossing violation.",LaTex/work/preprint/R154_SMOOTH_CURVE_SEMANTICS_CANDIDATE_v1/rotation/qa/R154_SMOOTH_CURVE_SEMANTICS_QA_v1.json:main-A:DDO154:MOND-standard,DIRECT_R154_ROTATION_QA,PASS_SUPPORTED_NO_UNKNOWN
fig:sparc_external_model_comparison_r123_a,DDO154,MOND-standard__source_nodes,sparse_nodes_unconnected,frozen conditional model ordinates at source radii,frozen R102/R127 rotation source arrays; scientific fits and residuals remain on these ordinates,12 irregular source radii; no extrapolation,none on model ordinates; observational error belongs only to SPARC points,faint unconnected open nodes,RETAIN AS THE SCIENTIFIC NUMERIC OWNER,No physical continuous radial owner is inferred from these nodes.,LaTex/work/preprint/R154_SMOOTH_CURVE_SEMANTICS_CANDIDATE_v1/rotation/qa/R154_SMOOTH_CURVE_SEMANTICS_QA_v1.json:main-A:DDO154:MOND-standard,DIRECT_R154_ROTATION_QA,PASS_SUPPORTED_NO_UNKNOWN
fig:sparc_external_model_comparison_r123_a,DDO154,NFW-fit__display_curve,display_only_residual_gated_PCHIP,"display-only curve; never used in fit, likelihood, residual, or source ordering",R154 residual-gated curvature regularisation of display nodes followed by shape-preserving PCHIP,dense in-domain display grid; no extrapolation,no statistical uncertainty; deterministic display residual recorded in R154 QA,smooth line plus separate faint source nodes,USE R154 DISPLAY-ONLY SUCCESSOR,"PASS: normalised RMS=0.2, normalised max=0.551767271435, new extrema=0, exact source hits=0; no topology/order/crossing violation.",LaTex/work/preprint/R154_SMOOTH_CURVE_SEMANTICS_CANDIDATE_v1/rotation/qa/R154_SMOOTH_CURVE_SEMANTICS_QA_v1.json:main-A:DDO154:NFW-fit,DIRECT_R154_ROTATION_QA,PASS_SUPPORTED_NO_UNKNOWN
fig:sparc_external_model_comparison_r123_a,DDO154,NFW-fit__source_nodes,statistical_fit/approximation,two-parameter NFW estimator evaluated at source radii,frozen R102/R127 rotation source arrays; scientific fits and residuals remain on these ordinates,12 irregular source radii; no extrapolation,none on model ordinates; observational error belongs only to SPARC points,faint unconnected open nodes,RETAIN AS THE SCIENTIFIC NUMERIC OWNER,No physical continuous radial owner is inferred from these nodes.,LaTex/work/preprint/R154_SMOOTH_CURVE_SEMANTICS_CANDIDATE_v1/rotation/qa/R154_SMOOTH_CURVE_SEMANTICS_QA_v1.json:main-A:DDO154:NFW-fit,DIRECT_R154_ROTATION_QA,PASS_SUPPORTED_NO_UNKNOWN
fig:sparc_external_model_comparison_r123_a,DDO154,SPARC_observed_velocity,observations_unconnected,external SPARC observations,"frozen SPARC radius, velocity and uncertainty columns used by the rotation owner",12 irregular observed radii for this panel,SPARC displayed velocity errors,black unconnected error-bar markers,USE R154 UNCONNECTED OBSERVATIONS,"No connector, interpolation, or smoothing is assigned to observations.",LaTex/work/preprint/R154_SMOOTH_CURVE_SEMANTICS_CANDIDATE_v1/rotation/qa/R154_SMOOTH_CURVE_SEMANTICS_QA_v1.json:main-A:DDO154,DIRECT_R154_ROTATION_QA,PASS_SUPPORTED_NO_UNKNOWN
fig:sparc_external_model_comparison_r123_a,DDO154,baryons__display_curve,display_only_residual_gated_PCHIP,"display-only curve; never used in fit, likelihood, residual, or source ordering",R154 residual-gated curvature regularisation of display nodes followed by shape-preserving PCHIP,dense in-domain display grid; no extrapolation,no statistical uncertainty; deterministic display residual recorded in R154 QA,smooth line plus separate faint source nodes,USE R154 DISPLAY-ONLY SUCCESSOR,"PASS: normalised RMS=0.2, normalised max=0.472220054887, new extrema=0, exact source hits=0; no topology/order/crossing violation.",LaTex/work/preprint/R154_SMOOTH_CURVE_SEMANTICS_CANDIDATE_v1/rotation/qa/R154_SMOOTH_CURVE_SEMANTICS_QA_v1.json:main-A:DDO154:baryons,DIRECT_R154_ROTATION_QA,PASS_SUPPORTED_NO_UNKNOWN
fig:sparc_external_model_comparison_r123_a,DDO154,baryons__source_nodes,sparse_nodes_unconnected,frozen conditional model ordinates at source radii,frozen R102/R127 rotation source arrays; scientific fits and residuals remain on these ordinates,12 irregular source radii; no extrapolation,none on model ordinates; observational error belongs only to SPARC points,faint unconnected open nodes,RETAIN AS THE SCIENTIFIC NUMERIC OWNER,No physical continuous radial owner is inferred from these nodes.,LaTex/work/preprint/R154_SMOOTH_CURVE_SEMANTICS_CANDIDATE_v1/rotation/qa/R154_SMOOTH_CURVE_SEMANTICS_QA_v1.json:main-A:DDO154:baryons,DIRECT_R154_ROTATION_QA,PASS_SUPPORTED_NO_UNKNOWN
fig:sparc_external_model_comparison_r123_a,IC2574,HRC-0__display_curve,display_only_residual_gated_PCHIP,"display-only curve; never used in fit, likelihood, residual, or source ordering",R154 residual-gated curvature regularisation of display nodes followed by shape-preserving PCHIP,dense in-domain display grid; no extrapolation,no statistical uncertainty; deterministic display residual recorded in R154 QA,smooth line plus separate faint source nodes,USE R154 DISPLAY-ONLY SUCCESSOR,"PASS: normalised RMS=0.2, normalised max=0.421316361641, new extrema=0, exact source hits=0; no topology/order/crossing violation.",LaTex/work/preprint/R154_SMOOTH_CURVE_SEMANTICS_CANDIDATE_v1/rotation/qa/R154_SMOOTH_CURVE_SEMANTICS_QA_v1.json:main-A:IC2574:HRC-0,DIRECT_R154_ROTATION_QA,PASS_SUPPORTED_NO_UNKNOWN
fig:sparc_external_model_comparison_r123_a,IC2574,HRC-0__source_nodes,sparse_nodes_unconnected,frozen conditional model ordinates at source radii,frozen R102/R127 rotation source arrays; scientific fits and residuals remain on these ordinates,34 irregular source radii; no extrapolation,none on model ordinates; observational error belongs only to SPARC points,faint unconnected open nodes,RETAIN AS THE SCIENTIFIC NUMERIC OWNER,No physical continuous radial owner is inferred from these nodes.,LaTex/work/preprint/R154_SMOOTH_CURVE_SEMANTICS_CANDIDATE_v1/rotation/qa/R154_SMOOTH_CURVE_SEMANTICS_QA_v1.json:main-A:IC2574:HRC-0,DIRECT_R154_ROTATION_QA,PASS_SUPPORTED_NO_UNKNOWN
fig:sparc_external_model_comparison_r123_a,IC2574,HRC-3__display_curve,display_only_residual_gated_PCHIP,"display-only curve; never used in fit, likelihood, residual, or source ordering",R154 residual-gated curvature regularisation of display nodes followed by shape-preserving PCHIP,dense in-domain display grid; no extrapolation,no statistical uncertainty; deterministic display residual recorded in R154 QA,smooth line plus separate faint source nodes,USE R154 DISPLAY-ONLY SUCCESSOR,"PASS: normalised RMS=0.2, normalised max=0.423330287817, new extrema=0, exact source hits=0; no topology/order/crossing violation.",LaTex/work/preprint/R154_SMOOTH_CURVE_SEMANTICS_CANDIDATE_v1/rotation/qa/R154_SMOOTH_CURVE_SEMANTICS_QA_v1.json:main-A:IC2574:HRC-3,DIRECT_R154_ROTATION_QA,PASS_SUPPORTED_NO_UNKNOWN
fig:sparc_external_model_comparison_r123_a,IC2574,HRC-3__source_nodes,sparse_nodes_unconnected,frozen conditional model ordinates at source radii,frozen R102/R127 rotation source arrays; scientific fits and residuals remain on these ordinates,34 irregular source radii; no extrapolation,none on model ordinates; observational error belongs only to SPARC points,faint unconnected open nodes,RETAIN AS THE SCIENTIFIC NUMERIC OWNER,No physical continuous radial owner is inferred from these nodes.,LaTex/work/preprint/R154_SMOOTH_CURVE_SEMANTICS_CANDIDATE_v1/rotation/qa/R154_SMOOTH_CURVE_SEMANTICS_QA_v1.json:main-A:IC2574:HRC-3,DIRECT_R154_ROTATION_QA,PASS_SUPPORTED_NO_UNKNOWN
fig:sparc_external_model_comparison_r123_a,IC2574,MOND-standard__display_curve,display_only_residual_gated_PCHIP,"display-only curve; never used in fit, likelihood, residual, or source ordering",R154 residual-gated curvature regularisation of display nodes followed by shape-preserving PCHIP,dense in-domain display grid; no extrapolation,no statistical uncertainty; deterministic display residual recorded in R154 QA,smooth line plus separate faint source nodes,USE R154 DISPLAY-ONLY SUCCESSOR,"PASS: normalised RMS=0.2, normalised max=0.421298844868, new extrema=0, exact source hits=0; no topology/order/crossing violation.",LaTex/work/preprint/R154_SMOOTH_CURVE_SEMANTICS_CANDIDATE_v1/rotation/qa/R154_SMOOTH_CURVE_SEMANTICS_QA_v1.json:main-A:IC2574:MOND-standard,DIRECT_R154_ROTATION_QA,PASS_SUPPORTED_NO_UNKNOWN
fig:sparc_external_model_comparison_r123_a,IC2574,MOND-standard__source_nodes,sparse_nodes_unconnected,frozen conditional model ordinates at source radii,frozen R102/R127 rotation source arrays; scientific fits and residuals remain on these ordinates,34 irregular source radii; no extrapolation,none on model ordinates; observational error belongs only to SPARC points,faint unconnected open nodes,RETAIN AS THE SCIENTIFIC NUMERIC OWNER,No physical continuous radial owner is inferred from these nodes.,LaTex/work/preprint/R154_SMOOTH_CURVE_SEMANTICS_CANDIDATE_v1/rotation/qa/R154_SMOOTH_CURVE_SEMANTICS_QA_v1.json:main-A:IC2574:MOND-standard,DIRECT_R154_ROTATION_QA,PASS_SUPPORTED_NO_UNKNOWN
fig:sparc_external_model_comparison_r123_a,IC2574,NFW-fit__display_curve,display_only_residual_gated_PCHIP,"display-only curve; never used in fit, likelihood, residual, or source ordering",R154 residual-gated curvature regularisation of display nodes followed by shape-preserving PCHIP,dense in-domain display grid; no extrapolation,no statistical uncertainty; deterministic display residual recorded in R154 QA,smooth line plus separate faint source nodes,USE R154 DISPLAY-ONLY SUCCESSOR,"PASS: normalised RMS=0.2, normalised max=0.432659940359, new extrema=0, exact source hits=0; no topology/order/crossing violation.",LaTex/work/preprint/R154_SMOOTH_CURVE_SEMANTICS_CANDIDATE_v1/rotation/qa/R154_SMOOTH_CURVE_SEMANTICS_QA_v1.json:main-A:IC2574:NFW-fit,DIRECT_R154_ROTATION_QA,PASS_SUPPORTED_NO_UNKNOWN
fig:sparc_external_model_comparison_r123_a,IC2574,NFW-fit__source_nodes,statistical_fit/approximation,two-parameter NFW estimator evaluated at source radii,frozen R102/R127 rotation source arrays; scientific fits and residuals remain on these ordinates,34 irregular source radii; no extrapolation,none on model ordinates; observational error belongs only to SPARC points,faint unconnected open nodes,RETAIN AS THE SCIENTIFIC NUMERIC OWNER,No physical continuous radial owner is inferred from these nodes.,LaTex/work/preprint/R154_SMOOTH_CURVE_SEMANTICS_CANDIDATE_v1/rotation/qa/R154_SMOOTH_CURVE_SEMANTICS_QA_v1.json:main-A:IC2574:NFW-fit,DIRECT_R154_ROTATION_QA,PASS_SUPPORTED_NO_UNKNOWN
fig:sparc_external_model_comparison_r123_a,IC2574,SPARC_observed_velocity,observations_unconnected,external SPARC observations,"frozen SPARC radius, velocity and uncertainty columns used by the rotation owner",34 irregular observed radii for this panel,SPARC displayed velocity errors,black unconnected error-bar markers,USE R154 UNCONNECTED OBSERVATIONS,"No connector, interpolation, or smoothing is assigned to observations.",LaTex/work/preprint/R154_SMOOTH_CURVE_SEMANTICS_CANDIDATE_v1/rotation/qa/R154_SMOOTH_CURVE_SEMANTICS_QA_v1.json:main-A:IC2574,DIRECT_R154_ROTATION_QA,PASS_SUPPORTED_NO_UNKNOWN
fig:sparc_external_model_comparison_r123_a,IC2574,baryons__display_curve,display_only_residual_gated_PCHIP,"display-only curve; never used in fit, likelihood, residual, or source ordering",R154 residual-gated curvature regularisation of display nodes followed by shape-preserving PCHIP,dense in-domain display grid; no extrapolation,no statistical uncertainty; deterministic display residual recorded in R154 QA,smooth line plus separate faint source nodes,USE R154 DISPLAY-ONLY SUCCESSOR,"PASS: normalised RMS=0.2, normalised max=0.43236846602, new extrema=0, exact source hits=0; no topology/order/crossing violation.",LaTex/work/preprint/R154_SMOOTH_CURVE_SEMANTICS_CANDIDATE_v1/rotation/qa/R154_SMOOTH_CURVE_SEMANTICS_QA_v1.json:main-A:IC2574:baryons,DIRECT_R154_ROTATION_QA,PASS_SUPPORTED_NO_UNKNOWN
fig:sparc_external_model_comparison_r123_a,IC2574,baryons__source_nodes,sparse_nodes_unconnected,frozen conditional model ordinates at source radii,frozen R102/R127 rotation source arrays; scientific fits and residuals remain on these ordinates,34 irregular source radii; no extrapolation,none on model ordinates; observational error belongs only to SPARC points,faint unconnected open nodes,RETAIN AS THE SCIENTIFIC NUMERIC OWNER,No physical continuous radial owner is inferred from these nodes.,LaTex/work/preprint/R154_SMOOTH_CURVE_SEMANTICS_CANDIDATE_v1/rotation/qa/R154_SMOOTH_CURVE_SEMANTICS_QA_v1.json:main-A:IC2574:baryons,DIRECT_R154_ROTATION_QA,PASS_SUPPORTED_NO_UNKNOWN
fig:sparc_external_model_comparison_r123_b,F568-3,HRC-0__display_curve,display_only_residual_gated_PCHIP,"display-only curve; never used in fit, likelihood, residual, or source ordering",R154 residual-gated curvature regularisation of display nodes followed by shape-preserving PCHIP,dense in-domain display grid; no extrapolation,no statistical uncertainty; deterministic display residual recorded in R154 QA,smooth line plus separate faint source nodes,USE R154 DISPLAY-ONLY SUCCESSOR,"PASS: normalised RMS=0.2, normalised max=0.575399864715, new extrema=0, exact source hits=0; no topology/order/crossing violation.",LaTex/work/preprint/R154_SMOOTH_CURVE_SEMANTICS_CANDIDATE_v1/rotation/qa/R154_SMOOTH_CURVE_SEMANTICS_QA_v1.json:main-B:F568-3:HRC-0,DIRECT_R154_ROTATION_QA,PASS_SUPPORTED_NO_UNKNOWN
fig:sparc_external_model_comparison_r123_b,F568-3,HRC-0__source_nodes,sparse_nodes_unconnected,frozen conditional model ordinates at source radii,frozen R102/R127 rotation source arrays; scientific fits and residuals remain on these ordinates,18 irregular source radii; no extrapolation,none on model ordinates; observational error belongs only to SPARC points,faint unconnected open nodes,RETAIN AS THE SCIENTIFIC NUMERIC OWNER,No physical continuous radial owner is inferred from these nodes.,LaTex/work/preprint/R154_SMOOTH_CURVE_SEMANTICS_CANDIDATE_v1/rotation/qa/R154_SMOOTH_CURVE_SEMANTICS_QA_v1.json:main-B:F568-3:HRC-0,DIRECT_R154_ROTATION_QA,PASS_SUPPORTED_NO_UNKNOWN
fig:sparc_external_model_comparison_r123_b,F568-3,HRC-3__display_curve,display_only_residual_gated_PCHIP,"display-only curve; never used in fit, likelihood, residual, or source ordering",R154 residual-gated curvature regularisation of display nodes followed by shape-preserving PCHIP,dense in-domain display grid; no extrapolation,no statistical uncertainty; deterministic display residual recorded in R154 QA,smooth line plus separate faint source nodes,USE R154 DISPLAY-ONLY SUCCESSOR,"PASS: normalised RMS=0.2, normalised max=0.558611542681, new extrema=0, exact source hits=0; no topology/order/crossing violation.",LaTex/work/preprint/R154_SMOOTH_CURVE_SEMANTICS_CANDIDATE_v1/rotation/qa/R154_SMOOTH_CURVE_SEMANTICS_QA_v1.json:main-B:F568-3:HRC-3,DIRECT_R154_ROTATION_QA,PASS_SUPPORTED_NO_UNKNOWN
fig:sparc_external_model_comparison_r123_b,F568-3,HRC-3__source_nodes,sparse_nodes_unconnected,frozen conditional model ordinates at source radii,frozen R102/R127 rotation source arrays; scientific fits and residuals remain on these ordinates,18 irregular source radii; no extrapolation,none on model ordinates; observational error belongs only to SPARC points,faint unconnected open nodes,RETAIN AS THE SCIENTIFIC NUMERIC OWNER,No physical continuous radial owner is inferred from these nodes.,LaTex/work/preprint/R154_SMOOTH_CURVE_SEMANTICS_CANDIDATE_v1/rotation/qa/R154_SMOOTH_CURVE_SEMANTICS_QA_v1.json:main-B:F568-3:HRC-3,DIRECT_R154_ROTATION_QA,PASS_SUPPORTED_NO_UNKNOWN
fig:sparc_external_model_comparison_r123_b,F568-3,MOND-standard__display_curve,display_only_residual_gated_PCHIP,"display-only curve; never used in fit, likelihood, residual, or source ordering",R154 residual-gated curvature regularisation of display nodes followed by shape-preserving PCHIP,dense in-domain display grid; no extrapolation,no statistical uncertainty; deterministic display residual recorded in R154 QA,smooth line plus separate faint source nodes,USE R154 DISPLAY-ONLY SUCCESSOR,"PASS: normalised RMS=0.2, normalised max=0.575571377688, new extrema=0, exact source hits=0; no topology/order/crossing violation.",LaTex/work/preprint/R154_SMOOTH_CURVE_SEMANTICS_CANDIDATE_v1/rotation/qa/R154_SMOOTH_CURVE_SEMANTICS_QA_v1.json:main-B:F568-3:MOND-standard,DIRECT_R154_ROTATION_QA,PASS_SUPPORTED_NO_UNKNOWN
fig:sparc_external_model_comparison_r123_b,F568-3,MOND-standard__source_nodes,sparse_nodes_unconnected,frozen conditional model ordinates at source radii,frozen R102/R127 rotation source arrays; scientific fits and residuals remain on these ordinates,18 irregular source radii; no extrapolation,none on model ordinates; observational error belongs only to SPARC points,faint unconnected open nodes,RETAIN AS THE SCIENTIFIC NUMERIC OWNER,No physical continuous radial owner is inferred from these nodes.,LaTex/work/preprint/R154_SMOOTH_CURVE_SEMANTICS_CANDIDATE_v1/rotation/qa/R154_SMOOTH_CURVE_SEMANTICS_QA_v1.json:main-B:F568-3:MOND-standard,DIRECT_R154_ROTATION_QA,PASS_SUPPORTED_NO_UNKNOWN
fig:sparc_external_model_comparison_r123_b,F568-3,NFW-fit__display_curve,display_only_residual_gated_PCHIP,"display-only curve; never used in fit, likelihood, residual, or source ordering",R154 residual-gated curvature regularisation of display nodes followed by shape-preserving PCHIP,dense in-domain display grid; no extrapolation,no statistical uncertainty; deterministic display residual recorded in R154 QA,smooth line plus separate faint source nodes,USE R154 DISPLAY-ONLY SUCCESSOR,"PASS: normalised RMS=0.2, normalised max=0.63306550054, new extrema=0, exact source hits=0; no topology/order/crossing violation.",LaTex/work/preprint/R154_SMOOTH_CURVE_SEMANTICS_CANDIDATE_v1/rotation/qa/R154_SMOOTH_CURVE_SEMANTICS_QA_v1.json:main-B:F568-3:NFW-fit,DIRECT_R154_ROTATION_QA,PASS_SUPPORTED_NO_UNKNOWN
fig:sparc_external_model_comparison_r123_b,F568-3,NFW-fit__source_nodes,statistical_fit/approximation,two-parameter NFW estimator evaluated at source radii,frozen R102/R127 rotation source arrays; scientific fits and residuals remain on these ordinates,18 irregular source radii; no extrapolation,none on model ordinates; observational error belongs only to SPARC points,faint unconnected open nodes,RETAIN AS THE SCIENTIFIC NUMERIC OWNER,No physical continuous radial owner is inferred from these nodes.,LaTex/work/preprint/R154_SMOOTH_CURVE_SEMANTICS_CANDIDATE_v1/rotation/qa/R154_SMOOTH_CURVE_SEMANTICS_QA_v1.json:main-B:F568-3:NFW-fit,DIRECT_R154_ROTATION_QA,PASS_SUPPORTED_NO_UNKNOWN
fig:sparc_external_model_comparison_r123_b,F568-3,SPARC_observed_velocity,observations_unconnected,external SPARC observations,"frozen SPARC radius, velocity and uncertainty columns used by the rotation owner",18 irregular observed radii for this panel,SPARC displayed velocity errors,black unconnected error-bar markers,USE R154 UNCONNECTED OBSERVATIONS,"No connector, interpolation, or smoothing is assigned to observations.",LaTex/work/preprint/R154_SMOOTH_CURVE_SEMANTICS_CANDIDATE_v1/rotation/qa/R154_SMOOTH_CURVE_SEMANTICS_QA_v1.json:main-B:F568-3,DIRECT_R154_ROTATION_QA,PASS_SUPPORTED_NO_UNKNOWN
fig:sparc_external_model_comparison_r123_b,F568-3,baryons__display_curve,display_only_residual_gated_PCHIP,"display-only curve; never used in fit, likelihood, residual, or source ordering",R154 residual-gated curvature regularisation of display nodes followed by shape-preserving PCHIP,dense in-domain display grid; no extrapolation,no statistical uncertainty; deterministic display residual recorded in R154 QA,smooth line plus separate faint source nodes,USE R154 DISPLAY-ONLY SUCCESSOR,"PASS: normalised RMS=0.2, normalised max=0.478380578166, new extrema=0, exact source hits=0; no topology/order/crossing violation.",LaTex/work/preprint/R154_SMOOTH_CURVE_SEMANTICS_CANDIDATE_v1/rotation/qa/R154_SMOOTH_CURVE_SEMANTICS_QA_v1.json:main-B:F568-3:baryons,DIRECT_R154_ROTATION_QA,PASS_SUPPORTED_NO_UNKNOWN
fig:sparc_external_model_comparison_r123_b,F568-3,baryons__source_nodes,sparse_nodes_unconnected,frozen conditional model ordinates at source radii,frozen R102/R127 rotation source arrays; scientific fits and residuals remain on these ordinates,18 irregular source radii; no extrapolation,none on model ordinates; observational error belongs only to SPARC points,faint unconnected open nodes,RETAIN AS THE SCIENTIFIC NUMERIC OWNER,No physical continuous radial owner is inferred from these nodes.,LaTex/work/preprint/R154_SMOOTH_CURVE_SEMANTICS_CANDIDATE_v1/rotation/qa/R154_SMOOTH_CURVE_SEMANTICS_QA_v1.json:main-B:F568-3:baryons,DIRECT_R154_ROTATION_QA,PASS_SUPPORTED_NO_UNKNOWN
fig:sparc_external_model_comparison_r123_b,NGC3198,HRC-0__display_curve,display_only_residual_gated_PCHIP,"display-only curve; never used in fit, likelihood, residual, or source ordering",R154 residual-gated curvature regularisation of display nodes followed by shape-preserving PCHIP,dense in-domain display grid; no extrapolation,no statistical uncertainty; deterministic display residual recorded in R154 QA,smooth line plus separate faint source nodes,USE R154 DISPLAY-ONLY SUCCESSOR,"PASS: normalised RMS=0.2, normalised max=0.749938982814, new extrema=0, exact source hits=0; no topology/order/crossing violation.",LaTex/work/preprint/R154_SMOOTH_CURVE_SEMANTICS_CANDIDATE_v1/rotation/qa/R154_SMOOTH_CURVE_SEMANTICS_QA_v1.json:main-B:NGC3198:HRC-0,DIRECT_R154_ROTATION_QA,PASS_SUPPORTED_NO_UNKNOWN
fig:sparc_external_model_comparison_r123_b,NGC3198,HRC-0__source_nodes,sparse_nodes_unconnected,frozen conditional model ordinates at source radii,frozen R102/R127 rotation source arrays; scientific fits and residuals remain on these ordinates,43 irregular source radii; no extrapolation,none on model ordinates; observational error belongs only to SPARC points,faint unconnected open nodes,RETAIN AS THE SCIENTIFIC NUMERIC OWNER,No physical continuous radial owner is inferred from these nodes.,LaTex/work/preprint/R154_SMOOTH_CURVE_SEMANTICS_CANDIDATE_v1/rotation/qa/R154_SMOOTH_CURVE_SEMANTICS_QA_v1.json:main-B:NGC3198:HRC-0,DIRECT_R154_ROTATION_QA,PASS_SUPPORTED_NO_UNKNOWN
fig:sparc_external_model_comparison_r123_b,NGC3198,HRC-3__display_curve,display_only_residual_gated_PCHIP,"display-only curve; never used in fit, likelihood, residual, or source ordering",R154 residual-gated curvature regularisation of display nodes followed by shape-preserving PCHIP,dense in-domain display grid; no extrapolation,no statistical uncertainty; deterministic display residual recorded in R154 QA,smooth line plus separate faint source nodes,USE R154 DISPLAY-ONLY SUCCESSOR,"PASS: normalised RMS=0.2, normalised max=0.733728074529, new extrema=0, exact source hits=0; no topology/order/crossing violation.",LaTex/work/preprint/R154_SMOOTH_CURVE_SEMANTICS_CANDIDATE_v1/rotation/qa/R154_SMOOTH_CURVE_SEMANTICS_QA_v1.json:main-B:NGC3198:HRC-3,DIRECT_R154_ROTATION_QA,PASS_SUPPORTED_NO_UNKNOWN
fig:sparc_external_model_comparison_r123_b,NGC3198,HRC-3__source_nodes,sparse_nodes_unconnected,frozen conditional model ordinates at source radii,frozen R102/R127 rotation source arrays; scientific fits and residuals remain on these ordinates,43 irregular source radii; no extrapolation,none on model ordinates; observational error belongs only to SPARC points,faint unconnected open nodes,RETAIN AS THE SCIENTIFIC NUMERIC OWNER,No physical continuous radial owner is inferred from these nodes.,LaTex/work/preprint/R154_SMOOTH_CURVE_SEMANTICS_CANDIDATE_v1/rotation/qa/R154_SMOOTH_CURVE_SEMANTICS_QA_v1.json:main-B:NGC3198:HRC-3,DIRECT_R154_ROTATION_QA,PASS_SUPPORTED_NO_UNKNOWN
fig:sparc_external_model_comparison_r123_b,NGC3198,MOND-standard__display_curve,display_only_residual_gated_PCHIP,"display-only curve; never used in fit, likelihood, residual, or source ordering",R154 residual-gated curvature regularisation of display nodes followed by shape-preserving PCHIP,dense in-domain display grid; no extrapolation,no statistical uncertainty; deterministic display residual recorded in R154 QA,smooth line plus separate faint source nodes,USE R154 DISPLAY-ONLY SUCCESSOR,"PASS: normalised RMS=0.2, normalised max=0.746522088155, new extrema=0, exact source hits=0; no topology/order/crossing violation.",LaTex/work/preprint/R154_SMOOTH_CURVE_SEMANTICS_CANDIDATE_v1/rotation/qa/R154_SMOOTH_CURVE_SEMANTICS_QA_v1.json:main-B:NGC3198:MOND-standard,DIRECT_R154_ROTATION_QA,PASS_SUPPORTED_NO_UNKNOWN
fig:sparc_external_model_comparison_r123_b,NGC3198,MOND-standard__source_nodes,sparse_nodes_unconnected,frozen conditional model ordinates at source radii,frozen R102/R127 rotation source arrays; scientific fits and residuals remain on these ordinates,43 irregular source radii; no extrapolation,none on model ordinates; observational error belongs only to SPARC points,faint unconnected open nodes,RETAIN AS THE SCIENTIFIC NUMERIC OWNER,No physical continuous radial owner is inferred from these nodes.,LaTex/work/preprint/R154_SMOOTH_CURVE_SEMANTICS_CANDIDATE_v1/rotation/qa/R154_SMOOTH_CURVE_SEMANTICS_QA_v1.json:main-B:NGC3198:MOND-standard,DIRECT_R154_ROTATION_QA,PASS_SUPPORTED_NO_UNKNOWN
fig:sparc_external_model_comparison_r123_b,NGC3198,NFW-fit__display_curve,display_only_residual_gated_PCHIP,"display-only curve; never used in fit, likelihood, residual, or source ordering",R154 residual-gated curvature regularisation of display nodes followed by shape-preserving PCHIP,dense in-domain display grid; no extrapolation,no statistical uncertainty; deterministic display residual recorded in R154 QA,smooth line plus separate faint source nodes,USE R154 DISPLAY-ONLY SUCCESSOR,"PASS: normalised RMS=0.2, normalised max=0.685567325042, new extrema=0, exact source hits=0; no topology/order/crossing violation.",LaTex/work/preprint/R154_SMOOTH_CURVE_SEMANTICS_CANDIDATE_v1/rotation/qa/R154_SMOOTH_CURVE_SEMANTICS_QA_v1.json:main-B:NGC3198:NFW-fit,DIRECT_R154_ROTATION_QA,PASS_SUPPORTED_NO_UNKNOWN
fig:sparc_external_model_comparison_r123_b,NGC3198,NFW-fit__source_nodes,statistical_fit/approximation,two-parameter NFW estimator evaluated at source radii,frozen R102/R127 rotation source arrays; scientific fits and residuals remain on these ordinates,43 irregular source radii; no extrapolation,none on model ordinates; observational error belongs only to SPARC points,faint unconnected open nodes,RETAIN AS THE SCIENTIFIC NUMERIC OWNER,No physical continuous radial owner is inferred from these nodes.,LaTex/work/preprint/R154_SMOOTH_CURVE_SEMANTICS_CANDIDATE_v1/rotation/qa/R154_SMOOTH_CURVE_SEMANTICS_QA_v1.json:main-B:NGC3198:NFW-fit,DIRECT_R154_ROTATION_QA,PASS_SUPPORTED_NO_UNKNOWN
fig:sparc_external_model_comparison_r123_b,NGC3198,SPARC_observed_velocity,observations_unconnected,external SPARC observations,"frozen SPARC radius, velocity and uncertainty columns used by the rotation owner",43 irregular observed radii for this panel,SPARC displayed velocity errors,black unconnected error-bar markers,USE R154 UNCONNECTED OBSERVATIONS,"No connector, interpolation, or smoothing is assigned to observations.",LaTex/work/preprint/R154_SMOOTH_CURVE_SEMANTICS_CANDIDATE_v1/rotation/qa/R154_SMOOTH_CURVE_SEMANTICS_QA_v1.json:main-B:NGC3198,DIRECT_R154_ROTATION_QA,PASS_SUPPORTED_NO_UNKNOWN
fig:sparc_external_model_comparison_r123_b,NGC3198,baryons__display_curve,display_only_residual_gated_PCHIP,"display-only curve; never used in fit, likelihood, residual, or source ordering",R154 residual-gated curvature regularisation of display nodes followed by shape-preserving PCHIP,dense in-domain display grid; no extrapolation,no statistical uncertainty; deterministic display residual recorded in R154 QA,smooth line plus separate faint source nodes,USE R154 DISPLAY-ONLY SUCCESSOR,"PASS: normalised RMS=0.2, normalised max=0.787015534865, new extrema=0, exact source hits=0; no topology/order/crossing violation.",LaTex/work/preprint/R154_SMOOTH_CURVE_SEMANTICS_CANDIDATE_v1/rotation/qa/R154_SMOOTH_CURVE_SEMANTICS_QA_v1.json:main-B:NGC3198:baryons,DIRECT_R154_ROTATION_QA,PASS_SUPPORTED_NO_UNKNOWN
fig:sparc_external_model_comparison_r123_b,NGC3198,baryons__source_nodes,sparse_nodes_unconnected,frozen conditional model ordinates at source radii,frozen R102/R127 rotation source arrays; scientific fits and residuals remain on these ordinates,43 irregular source radii; no extrapolation,none on model ordinates; observational error belongs only to SPARC points,faint unconnected open nodes,RETAIN AS THE SCIENTIFIC NUMERIC OWNER,No physical continuous radial owner is inferred from these nodes.,LaTex/work/preprint/R154_SMOOTH_CURVE_SEMANTICS_CANDIDATE_v1/rotation/qa/R154_SMOOTH_CURVE_SEMANTICS_QA_v1.json:main-B:NGC3198:baryons,DIRECT_R154_ROTATION_QA,PASS_SUPPORTED_NO_UNKNOWN
fig:sparc_external_model_comparison_r123_c,NGC2903,HRC-0__display_curve,display_only_residual_gated_PCHIP,"display-only curve; never used in fit, likelihood, residual, or source ordering",R154 residual-gated curvature regularisation of display nodes followed by shape-preserving PCHIP,dense in-domain display grid; no extrapolation,no statistical uncertainty; deterministic display residual recorded in R154 QA,smooth line plus separate faint source nodes,USE R154 DISPLAY-ONLY SUCCESSOR,"PASS: normalised RMS=0.2, normalised max=0.710296620186, new extrema=0, exact source hits=0; no topology/order/crossing violation.",LaTex/work/preprint/R154_SMOOTH_CURVE_SEMANTICS_CANDIDATE_v1/rotation/qa/R154_SMOOTH_CURVE_SEMANTICS_QA_v1.json:main-C:NGC2903:HRC-0,DIRECT_R154_ROTATION_QA,PASS_SUPPORTED_NO_UNKNOWN
fig:sparc_external_model_comparison_r123_c,NGC2903,HRC-0__source_nodes,sparse_nodes_unconnected,frozen conditional model ordinates at source radii,frozen R102/R127 rotation source arrays; scientific fits and residuals remain on these ordinates,34 irregular source radii; no extrapolation,none on model ordinates; observational error belongs only to SPARC points,faint unconnected open nodes,RETAIN AS THE SCIENTIFIC NUMERIC OWNER,No physical continuous radial owner is inferred from these nodes.,LaTex/work/preprint/R154_SMOOTH_CURVE_SEMANTICS_CANDIDATE_v1/rotation/qa/R154_SMOOTH_CURVE_SEMANTICS_QA_v1.json:main-C:NGC2903:HRC-0,DIRECT_R154_ROTATION_QA,PASS_SUPPORTED_NO_UNKNOWN
fig:sparc_external_model_comparison_r123_c,NGC2903,HRC-3__display_curve,display_only_residual_gated_PCHIP,"display-only curve; never used in fit, likelihood, residual, or source ordering",R154 residual-gated curvature regularisation of display nodes followed by shape-preserving PCHIP,dense in-domain display grid; no extrapolation,no statistical uncertainty; deterministic display residual recorded in R154 QA,smooth line plus separate faint source nodes,USE R154 DISPLAY-ONLY SUCCESSOR,"PASS: normalised RMS=0.2, normalised max=0.710846060535, new extrema=0, exact source hits=0; no topology/order/crossing violation.",LaTex/work/preprint/R154_SMOOTH_CURVE_SEMANTICS_CANDIDATE_v1/rotation/qa/R154_SMOOTH_CURVE_SEMANTICS_QA_v1.json:main-C:NGC2903:HRC-3,DIRECT_R154_ROTATION_QA,PASS_SUPPORTED_NO_UNKNOWN
fig:sparc_external_model_comparison_r123_c,NGC2903,HRC-3__source_nodes,sparse_nodes_unconnected,frozen conditional model ordinates at source radii,frozen R102/R127 rotation source arrays; scientific fits and residuals remain on these ordinates,34 irregular source radii; no extrapolation,none on model ordinates; observational error belongs only to SPARC points,faint unconnected open nodes,RETAIN AS THE SCIENTIFIC NUMERIC OWNER,No physical continuous radial owner is inferred from these nodes.,LaTex/work/preprint/R154_SMOOTH_CURVE_SEMANTICS_CANDIDATE_v1/rotation/qa/R154_SMOOTH_CURVE_SEMANTICS_QA_v1.json:main-C:NGC2903:HRC-3,DIRECT_R154_ROTATION_QA,PASS_SUPPORTED_NO_UNKNOWN
fig:sparc_external_model_comparison_r123_c,NGC2903,MOND-standard__display_curve,display_only_residual_gated_PCHIP,"display-only curve; never used in fit, likelihood, residual, or source ordering",R154 residual-gated curvature regularisation of display nodes followed by shape-preserving PCHIP,dense in-domain display grid; no extrapolation,no statistical uncertainty; deterministic display residual recorded in R154 QA,smooth line plus separate faint source nodes,USE R154 DISPLAY-ONLY SUCCESSOR,"PASS: normalised RMS=0.2, normalised max=0.710349187222, new extrema=0, exact source hits=0; no topology/order/crossing violation.",LaTex/work/preprint/R154_SMOOTH_CURVE_SEMANTICS_CANDIDATE_v1/rotation/qa/R154_SMOOTH_CURVE_SEMANTICS_QA_v1.json:main-C:NGC2903:MOND-standard,DIRECT_R154_ROTATION_QA,PASS_SUPPORTED_NO_UNKNOWN
fig:sparc_external_model_comparison_r123_c,NGC2903,MOND-standard__source_nodes,sparse_nodes_unconnected,frozen conditional model ordinates at source radii,frozen R102/R127 rotation source arrays; scientific fits and residuals remain on these ordinates,34 irregular source radii; no extrapolation,none on model ordinates; observational error belongs only to SPARC points,faint unconnected open nodes,RETAIN AS THE SCIENTIFIC NUMERIC OWNER,No physical continuous radial owner is inferred from these nodes.,LaTex/work/preprint/R154_SMOOTH_CURVE_SEMANTICS_CANDIDATE_v1/rotation/qa/R154_SMOOTH_CURVE_SEMANTICS_QA_v1.json:main-C:NGC2903:MOND-standard,DIRECT_R154_ROTATION_QA,PASS_SUPPORTED_NO_UNKNOWN
fig:sparc_external_model_comparison_r123_c,NGC2903,NFW-fit__display_curve,display_only_residual_gated_PCHIP,"display-only curve; never used in fit, likelihood, residual, or source ordering",R154 residual-gated curvature regularisation of display nodes followed by shape-preserving PCHIP,dense in-domain display grid; no extrapolation,no statistical uncertainty; deterministic display residual recorded in R154 QA,smooth line plus separate faint source nodes,USE R154 DISPLAY-ONLY SUCCESSOR,"PASS: normalised RMS=0.2, normalised max=0.708094379263, new extrema=0, exact source hits=0; no topology/order/crossing violation.",LaTex/work/preprint/R154_SMOOTH_CURVE_SEMANTICS_CANDIDATE_v1/rotation/qa/R154_SMOOTH_CURVE_SEMANTICS_QA_v1.json:main-C:NGC2903:NFW-fit,DIRECT_R154_ROTATION_QA,PASS_SUPPORTED_NO_UNKNOWN
fig:sparc_external_model_comparison_r123_c,NGC2903,NFW-fit__source_nodes,statistical_fit/approximation,two-parameter NFW estimator evaluated at source radii,frozen R102/R127 rotation source arrays; scientific fits and residuals remain on these ordinates,34 irregular source radii; no extrapolation,none on model ordinates; observational error belongs only to SPARC points,faint unconnected open nodes,RETAIN AS THE SCIENTIFIC NUMERIC OWNER,No physical continuous radial owner is inferred from these nodes.,LaTex/work/preprint/R154_SMOOTH_CURVE_SEMANTICS_CANDIDATE_v1/rotation/qa/R154_SMOOTH_CURVE_SEMANTICS_QA_v1.json:main-C:NGC2903:NFW-fit,DIRECT_R154_ROTATION_QA,PASS_SUPPORTED_NO_UNKNOWN
fig:sparc_external_model_comparison_r123_c,NGC2903,SPARC_observed_velocity,observations_unconnected,external SPARC observations,"frozen SPARC radius, velocity and uncertainty columns used by the rotation owner",34 irregular observed radii for this panel,SPARC displayed velocity errors,black unconnected error-bar markers,USE R154 UNCONNECTED OBSERVATIONS,"No connector, interpolation, or smoothing is assigned to observations.",LaTex/work/preprint/R154_SMOOTH_CURVE_SEMANTICS_CANDIDATE_v1/rotation/qa/R154_SMOOTH_CURVE_SEMANTICS_QA_v1.json:main-C:NGC2903,DIRECT_R154_ROTATION_QA,PASS_SUPPORTED_NO_UNKNOWN
fig:sparc_external_model_comparison_r123_c,NGC2903,baryons__display_curve,display_only_residual_gated_PCHIP,"display-only curve; never used in fit, likelihood, residual, or source ordering",R154 residual-gated curvature regularisation of display nodes followed by shape-preserving PCHIP,dense in-domain display grid; no extrapolation,no statistical uncertainty; deterministic display residual recorded in R154 QA,smooth line plus separate faint source nodes,USE R154 DISPLAY-ONLY SUCCESSOR,"PASS: normalised RMS=0.2, normalised max=0.710031477169, new extrema=0, exact source hits=0; no topology/order/crossing violation.",LaTex/work/preprint/R154_SMOOTH_CURVE_SEMANTICS_CANDIDATE_v1/rotation/qa/R154_SMOOTH_CURVE_SEMANTICS_QA_v1.json:main-C:NGC2903:baryons,DIRECT_R154_ROTATION_QA,PASS_SUPPORTED_NO_UNKNOWN
fig:sparc_external_model_comparison_r123_c,NGC2903,baryons__source_nodes,sparse_nodes_unconnected,frozen conditional model ordinates at source radii,frozen R102/R127 rotation source arrays; scientific fits and residuals remain on these ordinates,34 irregular source radii; no extrapolation,none on model ordinates; observational error belongs only to SPARC points,faint unconnected open nodes,RETAIN AS THE SCIENTIFIC NUMERIC OWNER,No physical continuous radial owner is inferred from these nodes.,LaTex/work/preprint/R154_SMOOTH_CURVE_SEMANTICS_CANDIDATE_v1/rotation/qa/R154_SMOOTH_CURVE_SEMANTICS_QA_v1.json:main-C:NGC2903:baryons,DIRECT_R154_ROTATION_QA,PASS_SUPPORTED_NO_UNKNOWN
fig:sparc_external_model_comparison_r123_c,NGC7814,HRC-0__display_curve,display_only_residual_gated_PCHIP,"display-only curve; never used in fit, likelihood, residual, or source ordering",R154 residual-gated curvature regularisation of display nodes followed by shape-preserving PCHIP,dense in-domain display grid; no extrapolation,no statistical uncertainty; deterministic display residual recorded in R154 QA,smooth line plus separate faint source nodes,USE R154 DISPLAY-ONLY SUCCESSOR,"PASS: normalised RMS=0.2, normalised max=0.74714707583, new extrema=0, exact source hits=0; no topology/order/crossing violation.",LaTex/work/preprint/R154_SMOOTH_CURVE_SEMANTICS_CANDIDATE_v1/rotation/qa/R154_SMOOTH_CURVE_SEMANTICS_QA_v1.json:main-C:NGC7814:HRC-0,DIRECT_R154_ROTATION_QA,PASS_SUPPORTED_NO_UNKNOWN
fig:sparc_external_model_comparison_r123_c,NGC7814,HRC-0__source_nodes,sparse_nodes_unconnected,frozen conditional model ordinates at source radii,frozen R102/R127 rotation source arrays; scientific fits and residuals remain on these ordinates,18 irregular source radii; no extrapolation,none on model ordinates; observational error belongs only to SPARC points,faint unconnected open nodes,RETAIN AS THE SCIENTIFIC NUMERIC OWNER,No physical continuous radial owner is inferred from these nodes.,LaTex/work/preprint/R154_SMOOTH_CURVE_SEMANTICS_CANDIDATE_v1/rotation/qa/R154_SMOOTH_CURVE_SEMANTICS_QA_v1.json:main-C:NGC7814:HRC-0,DIRECT_R154_ROTATION_QA,PASS_SUPPORTED_NO_UNKNOWN
fig:sparc_external_model_comparison_r123_c,NGC7814,HRC-3__display_curve,display_only_residual_gated_PCHIP,"display-only curve; never used in fit, likelihood, residual, or source ordering",R154 residual-gated curvature regularisation of display nodes followed by shape-preserving PCHIP,dense in-domain display grid; no extrapolation,no statistical uncertainty; deterministic display residual recorded in R154 QA,smooth line plus separate faint source nodes,USE R154 DISPLAY-ONLY SUCCESSOR,"PASS: normalised RMS=0.2, normalised max=0.754763788624, new extrema=0, exact source hits=0; no topology/order/crossing violation.",LaTex/work/preprint/R154_SMOOTH_CURVE_SEMANTICS_CANDIDATE_v1/rotation/qa/R154_SMOOTH_CURVE_SEMANTICS_QA_v1.json:main-C:NGC7814:HRC-3,DIRECT_R154_ROTATION_QA,PASS_SUPPORTED_NO_UNKNOWN
fig:sparc_external_model_comparison_r123_c,NGC7814,HRC-3__source_nodes,sparse_nodes_unconnected,frozen conditional model ordinates at source radii,frozen R102/R127 rotation source arrays; scientific fits and residuals remain on these ordinates,18 irregular source radii; no extrapolation,none on model ordinates; observational error belongs only to SPARC points,faint unconnected open nodes,RETAIN AS THE SCIENTIFIC NUMERIC OWNER,No physical continuous radial owner is inferred from these nodes.,LaTex/work/preprint/R154_SMOOTH_CURVE_SEMANTICS_CANDIDATE_v1/rotation/qa/R154_SMOOTH_CURVE_SEMANTICS_QA_v1.json:main-C:NGC7814:HRC-3,DIRECT_R154_ROTATION_QA,PASS_SUPPORTED_NO_UNKNOWN
fig:sparc_external_model_comparison_r123_c,NGC7814,MOND-standard__display_curve,display_only_residual_gated_PCHIP,"display-only curve; never used in fit, likelihood, residual, or source ordering",R154 residual-gated curvature regularisation of display nodes followed by shape-preserving PCHIP,dense in-domain display grid; no extrapolation,no statistical uncertainty; deterministic display residual recorded in R154 QA,smooth line plus separate faint source nodes,USE R154 DISPLAY-ONLY SUCCESSOR,"PASS: normalised RMS=0.2, normalised max=0.749150756194, new extrema=0, exact source hits=0; no topology/order/crossing violation.",LaTex/work/preprint/R154_SMOOTH_CURVE_SEMANTICS_CANDIDATE_v1/rotation/qa/R154_SMOOTH_CURVE_SEMANTICS_QA_v1.json:main-C:NGC7814:MOND-standard,DIRECT_R154_ROTATION_QA,PASS_SUPPORTED_NO_UNKNOWN
fig:sparc_external_model_comparison_r123_c,NGC7814,MOND-standard__source_nodes,sparse_nodes_unconnected,frozen conditional model ordinates at source radii,frozen R102/R127 rotation source arrays; scientific fits and residuals remain on these ordinates,18 irregular source radii; no extrapolation,none on model ordinates; observational error belongs only to SPARC points,faint unconnected open nodes,RETAIN AS THE SCIENTIFIC NUMERIC OWNER,No physical continuous radial owner is inferred from these nodes.,LaTex/work/preprint/R154_SMOOTH_CURVE_SEMANTICS_CANDIDATE_v1/rotation/qa/R154_SMOOTH_CURVE_SEMANTICS_QA_v1.json:main-C:NGC7814:MOND-standard,DIRECT_R154_ROTATION_QA,PASS_SUPPORTED_NO_UNKNOWN
fig:sparc_external_model_comparison_r123_c,NGC7814,NFW-fit__display_curve,display_only_residual_gated_PCHIP,"display-only curve; never used in fit, likelihood, residual, or source ordering",R154 residual-gated curvature regularisation of display nodes followed by shape-preserving PCHIP,dense in-domain display grid; no extrapolation,no statistical uncertainty; deterministic display residual recorded in R154 QA,smooth line plus separate faint source nodes,USE R154 DISPLAY-ONLY SUCCESSOR,"PASS: normalised RMS=0.2, normalised max=0.747898984821, new extrema=0, exact source hits=0; no topology/order/crossing violation.",LaTex/work/preprint/R154_SMOOTH_CURVE_SEMANTICS_CANDIDATE_v1/rotation/qa/R154_SMOOTH_CURVE_SEMANTICS_QA_v1.json:main-C:NGC7814:NFW-fit,DIRECT_R154_ROTATION_QA,PASS_SUPPORTED_NO_UNKNOWN
fig:sparc_external_model_comparison_r123_c,NGC7814,NFW-fit__source_nodes,statistical_fit/approximation,two-parameter NFW estimator evaluated at source radii,frozen R102/R127 rotation source arrays; scientific fits and residuals remain on these ordinates,18 irregular source radii; no extrapolation,none on model ordinates; observational error belongs only to SPARC points,faint unconnected open nodes,RETAIN AS THE SCIENTIFIC NUMERIC OWNER,No physical continuous radial owner is inferred from these nodes.,LaTex/work/preprint/R154_SMOOTH_CURVE_SEMANTICS_CANDIDATE_v1/rotation/qa/R154_SMOOTH_CURVE_SEMANTICS_QA_v1.json:main-C:NGC7814:NFW-fit,DIRECT_R154_ROTATION_QA,PASS_SUPPORTED_NO_UNKNOWN
fig:sparc_external_model_comparison_r123_c,NGC7814,SPARC_observed_velocity,observations_unconnected,external SPARC observations,"frozen SPARC radius, velocity and uncertainty columns used by the rotation owner",18 irregular observed radii for this panel,SPARC displayed velocity errors,black unconnected error-bar markers,USE R154 UNCONNECTED OBSERVATIONS,"No connector, interpolation, or smoothing is assigned to observations.",LaTex/work/preprint/R154_SMOOTH_CURVE_SEMANTICS_CANDIDATE_v1/rotation/qa/R154_SMOOTH_CURVE_SEMANTICS_QA_v1.json:main-C:NGC7814,DIRECT_R154_ROTATION_QA,PASS_SUPPORTED_NO_UNKNOWN
fig:sparc_external_model_comparison_r123_c,NGC7814,baryons__display_curve,display_only_residual_gated_PCHIP,"display-only curve; never used in fit, likelihood, residual, or source ordering",R154 residual-gated curvature regularisation of display nodes followed by shape-preserving PCHIP,dense in-domain display grid; no extrapolation,no statistical uncertainty; deterministic display residual recorded in R154 QA,smooth line plus separate faint source nodes,USE R154 DISPLAY-ONLY SUCCESSOR,"PASS: normalised RMS=0.2, normalised max=0.734903383838, new extrema=0, exact source hits=0; no topology/order/crossing violation.",LaTex/work/preprint/R154_SMOOTH_CURVE_SEMANTICS_CANDIDATE_v1/rotation/qa/R154_SMOOTH_CURVE_SEMANTICS_QA_v1.json:main-C:NGC7814:baryons,DIRECT_R154_ROTATION_QA,PASS_SUPPORTED_NO_UNKNOWN
fig:sparc_external_model_comparison_r123_c,NGC7814,baryons__source_nodes,sparse_nodes_unconnected,frozen conditional model ordinates at source radii,frozen R102/R127 rotation source arrays; scientific fits and residuals remain on these ordinates,18 irregular source radii; no extrapolation,none on model ordinates; observational error belongs only to SPARC points,faint unconnected open nodes,RETAIN AS THE SCIENTIFIC NUMERIC OWNER,No physical continuous radial owner is inferred from these nodes.,LaTex/work/preprint/R154_SMOOTH_CURVE_SEMANTICS_CANDIDATE_v1/rotation/qa/R154_SMOOTH_CURVE_SEMANTICS_QA_v1.json:main-C:NGC7814:baryons,DIRECT_R154_ROTATION_QA,PASS_SUPPORTED_NO_UNKNOWN
fig:rar_new_main,main,HRC_0_curve,dense_solver_owner,conditional_model_curve,LaTex/work/preprint/R149_READER_LAYOUT_CANDIDATE_v1/remaining_figure_typography/scripts/build_r149_remaining_typography.py:340-355; implicit HRC-0 solve with held-out mean fitted a_M,350-point log grid from 10^-13.5 to 10^-8.5 m s^-2,no curve band; fitted-scale uncertainty is not propagated,dashed line,RETAIN_CONTINUOUS_TRACE_WITH_DENSE_SOLVER_OWNER,Local algebraic HRC-0 diagnostic; disk curl field and physical owner Open.,LaTex/FIGURE_REGISTRY.csv:fig:rar_new_main | LaTex/ECT_preprint.tex:23576 | LaTex/work/preprint/R149_READER_LAYOUT_CANDIDATE_v1/remaining_figure_typography/scripts/build_r149_remaining_typography.py | LaTex/data/hrc_r97/R97_HRC_SOURCE_POINTS.csv;LaTex/data/hrc_r97/R97_HRC_SOURCE_SCALE_SUMMARY.json | R154_PER_SERIES_SEMANTICS_REGISTRY_v1:HRC_0_curve,DIRECT_SERIES_DECOMPOSITION,PASS_SUPPORTED_NO_UNKNOWN
fig:rar_new_main,main,HRC_3_curve,dense_solver_owner,conditional_model_curve,LaTex/work/preprint/R149_READER_LAYOUT_CANDIDATE_v1/remaining_figure_typography/scripts/build_r149_remaining_typography.py:340-355; implicit HRC-3 solve with held-out mean fitted a_M,350-point log grid from 10^-13.5 to 10^-8.5 m s^-2,no curve band; fitted-scale uncertainty is not propagated,solid line,RETAIN_CONTINUOUS_TRACE_WITH_DENSE_SOLVER_OWNER,Conditional local algebraic HRC-3 diagnostic; physical owner Open.,LaTex/FIGURE_REGISTRY.csv:fig:rar_new_main | LaTex/ECT_preprint.tex:23576 | LaTex/work/preprint/R149_READER_LAYOUT_CANDIDATE_v1/remaining_figure_typography/scripts/build_r149_remaining_typography.py | LaTex/data/hrc_r97/R97_HRC_SOURCE_POINTS.csv;LaTex/data/hrc_r97/R97_HRC_SOURCE_SCALE_SUMMARY.json | R154_PER_SERIES_SEMANTICS_REGISTRY_v1:HRC_3_curve,DIRECT_SERIES_DECOMPOSITION,PASS_SUPPORTED_NO_UNKNOWN
fig:rar_new_main,main,Newtonian_reference,exact_analytic_dense,reference_relation,g_obs = g_N,dense log acceleration domain 10^-13.5 to 10^-8.5 m s^-2,none,dotted line,RETAIN_CONTINUOUS_TRACE_WITH_ANALYTIC_OWNER,Reference identity only.,LaTex/FIGURE_REGISTRY.csv:fig:rar_new_main | LaTex/ECT_preprint.tex:23576 | LaTex/work/preprint/R149_READER_LAYOUT_CANDIDATE_v1/remaining_figure_typography/scripts/build_r149_remaining_typography.py | LaTex/data/hrc_r97/R97_HRC_SOURCE_POINTS.csv;LaTex/data/hrc_r97/R97_HRC_SOURCE_SCALE_SUMMARY.json | R154_PER_SERIES_SEMANTICS_REGISTRY_v1:Newtonian_reference,DIRECT_SERIES_DECOMPOSITION,PASS_SUPPORTED_NO_UNKNOWN
fig:rar_new_main,main,SPARC_RAR_observations,observations_unconnected,external_observation,LaTex/data/hrc_r97/R97_HRC_SOURCE_POINTS.csv; 3343 physical entries,3343 tabulated SPARC acceleration pairs,source velocity/error inputs; no covariance model in this diagnostic,unconnected low-alpha scatter,RETAIN_AS_UNCONNECTED_OBSERVATIONS,External catalogue diagnostic; not an independent ECT prediction.,LaTex/FIGURE_REGISTRY.csv:fig:rar_new_main | LaTex/ECT_preprint.tex:23576 | LaTex/work/preprint/R149_READER_LAYOUT_CANDIDATE_v1/remaining_figure_typography/scripts/build_r149_remaining_typography.py | LaTex/data/hrc_r97/R97_HRC_SOURCE_POINTS.csv;LaTex/data/hrc_r97/R97_HRC_SOURCE_SCALE_SUMMARY.json | R154_PER_SERIES_SEMANTICS_REGISTRY_v1:SPARC_RAR_observations,DIRECT_SERIES_DECOMPOSITION,PASS_SUPPORTED_NO_UNKNOWN
fig:udg_regime_diagram,main,HRC_0_inverse_points,sparse_nodes_unconnected,conditional_proxy_nodes,LaTex/data/hrc_r97/R97_HRC_UDG_DIAGNOSTIC.csv; rendered by build_r149_remaining_typography.py:363-390; aM_HRC0_over_match,independent named-object/endpoint rows,heterogeneous source intervals are not rendered as a common uncertainty,unconnected open circles,RETAIN_AS_UNCONNECTED_SOURCE_NODES,"Level-C spherical central Wolf proxy; heterogeneous literature inputs, not a common-confidence Jeans posterior or environment law.",LaTex/FIGURE_REGISTRY.csv:fig:udg_regime_diagram | LaTex/ECT_preprint.tex:23646 | LaTex/work/preprint/R149_READER_LAYOUT_CANDIDATE_v1/remaining_figure_typography/scripts/build_r149_remaining_typography.py | LaTex/data/hrc_r97/R97_HRC_UDG_DIAGNOSTIC.csv | R154_PER_SERIES_SEMANTICS_REGISTRY_v1:HRC_0_inverse_points,DIRECT_SERIES_DECOMPOSITION,PASS_SUPPORTED_NO_UNKNOWN
fig:udg_regime_diagram,main,HRC_3_inverse_points,sparse_nodes_unconnected,conditional_proxy_nodes,LaTex/data/hrc_r97/R97_HRC_UDG_DIAGNOSTIC.csv; rendered by build_r149_remaining_typography.py:363-390; aM_HRC3_over_match,independent named-object/endpoint rows,heterogeneous source intervals are not rendered as a common uncertainty,unconnected squares,RETAIN_AS_UNCONNECTED_SOURCE_NODES,"Level-C spherical central Wolf proxy; heterogeneous literature inputs, not a common-confidence Jeans posterior or environment law.",LaTex/FIGURE_REGISTRY.csv:fig:udg_regime_diagram | LaTex/ECT_preprint.tex:23646 | LaTex/work/preprint/R149_READER_LAYOUT_CANDIDATE_v1/remaining_figure_typography/scripts/build_r149_remaining_typography.py | LaTex/data/hrc_r97/R97_HRC_UDG_DIAGNOSTIC.csv | R154_PER_SERIES_SEMANTICS_REGISTRY_v1:HRC_3_inverse_points,DIRECT_SERIES_DECOMPOSITION,PASS_SUPPORTED_NO_UNKNOWN
fig:udg_regime_diagram,main,matched_scale_reference,diagram/no scientific polyline,reference_relation,a_M / a_M0 = 1,full displayed R_dyn domain,none,horizontal dotted line,RETAIN; NOT A SCIENTIFIC POINT-TO-POINT POLYLINE,Reference scale only; not an environment fit.,LaTex/FIGURE_REGISTRY.csv:fig:udg_regime_diagram | LaTex/ECT_preprint.tex:23646 | LaTex/work/preprint/R149_READER_LAYOUT_CANDIDATE_v1/remaining_figure_typography/scripts/build_r149_remaining_typography.py | LaTex/data/hrc_r97/R97_HRC_UDG_DIAGNOSTIC.csv | R154_PER_SERIES_SEMANTICS_REGISTRY_v1:matched_scale_reference,DIRECT_SERIES_DECOMPOSITION,PASS_SUPPORTED_NO_UNKNOWN
fig:udg_regime_diagram,main,no_positive_solution_points,sparse_nodes_unconnected,domain_failure_markers,LaTex/data/hrc_r97/R97_HRC_UDG_DIAGNOSTIC.csv; rendered by build_r149_remaining_typography.py:363-390; domain == NO_POSITIVE_HRC_ENHANCEMENT_SOLUTION,independent named-object central rows,none,unconnected x markers,RETAIN_AS_UNCONNECTED_SOURCE_NODES,"Level-C spherical central Wolf proxy; heterogeneous literature inputs, not a common-confidence Jeans posterior or environment law.",LaTex/FIGURE_REGISTRY.csv:fig:udg_regime_diagram | LaTex/ECT_preprint.tex:23646 | LaTex/work/preprint/R149_READER_LAYOUT_CANDIDATE_v1/remaining_figure_typography/scripts/build_r149_remaining_typography.py | LaTex/data/hrc_r97/R97_HRC_UDG_DIAGNOSTIC.csv | R154_PER_SERIES_SEMANTICS_REGISTRY_v1:no_positive_solution_points,DIRECT_SERIES_DECOMPOSITION,PASS_SUPPORTED_NO_UNKNOWN
fig:partII_derivation_logic,whole_figure,derivation_dependency_map,diagram/no scientific polyline,status_or_dependency_schematic,"Graph/status topology; arrows are semantic dependencies, not sampled data.",not applicable,not applicable,boxes/regions/arrows/direct labels,RETAIN; NOT A SCIENTIFIC POINT-TO-POINT POLYLINE,Status and dependency meanings are owned by literal labels and edge styles.,LaTex/FIGURE_REGISTRY.csv:fig:partII_derivation_logic | LaTex/ECT_preprint.tex:24263 | LaTex/work/preprint/R150_LOGIC_MAP_EDGE_READABILITY_CANDIDATE_v1/final_review_candidate_v1/preprint/publication/figures/source/graphviz/r150_curved_compact_v1/build_curved_compact_reader_maps_r150.py;LaTex/work/preprint/R150_LOGIC_MAP_EDGE_READABILITY_CANDIDATE_v1/final_review_candidate_v1/preprint/publication/figures/source/graphviz/r150_curved_compact_v1/frozen_r149_reader_helpers.py | LaTex/work/preprint/R150_LOGIC_MAP_EDGE_READABILITY_CANDIDATE_v1/final_review_candidate_v1/preprint/publication/figures/source/graphviz/r148_complete_logic_v1/fig24_partII_render_r148.gv;LaTex/work/preprint/R150_LOGIC_MAP_EDGE_READABILITY_CANDIDATE_v1/final_review_candidate_v1/preprint/publication/data/figures_r148/topology/fig24_partII_topology_r148.json;LaTex/work/preprint/R150_LOGIC_MAP_EDGE_READABILITY_CANDIDATE_v1/final_review_candidate_v1/preprint/publication/figures/source/graphviz/r150_curved_compact_v1/semantic_keys/partII/partII_node_key.csv;LaTex/work/preprint/R150_LOGIC_MAP_EDGE_READABILITY_CANDIDATE_v1/final_review_candidate_v1/preprint/publication/figures/source/graphviz/r150_curved_compact_v1/semantic_keys/partII/partII_edge_key.csv;LaTex/work/preprint/R150_LOGIC_MAP_EDGE_READABILITY_CANDIDATE_v1/final_review_candidate_v1/preprint/publication/figures/source/graphviz/r150_curved_compact_v1/semantic_keys/partII/partII_full_key.json;LaTex/work/preprint/R150_LOGIC_MAP_EDGE_READABILITY_CANDIDATE_v1/final_review_candidate_v1/preprint/publication/figures/source/graphviz/r150_curved_compact_v1/semantic_keys/partII/partII_full_key_r149.pdf;LaTex/work/preprint/R150_LOGIC_MAP_EDGE_READABILITY_CANDIDATE_v1/final_review_candidate_v1/preprint/publication/figures/source/graphviz/r150_curved_compact_v1/maps_curved_compact/partII/partII_automated_qa.json;LaTex/work/preprint/R150_LOGIC_MAP_EDGE_READABILITY_CANDIDATE_v1/final_review_candidate_v1/preprint/publication/figures/source/graphviz/r150_curved_compact_v1/maps_curved_compact/manifest.json;LaTex/work/preprint/R150_LOGIC_MAP_EDGE_READABILITY_CANDIDATE_v1/final_review_candidate_v1/preprint/publication/figures/source/graphviz/r150_curved_compact_v1/maps_curved_compact/REPLAY_CHECK.json;LaTex/work/preprint/R150_LOGIC_MAP_EDGE_READABILITY_CANDIDATE_v1/final_review_candidate_v1/preprint/publication/figures/source/graphviz/r150_curved_compact_v1/maps_curved_compact/RUNTIME.json;LaTex/work/preprint/R150_LOGIC_MAP_EDGE_READABILITY_CANDIDATE_v1/final_review_candidate_v1/preprint/publication/figures/source/graphviz/r150_curved_compact_v1/R150_RELEASE_ALLOWLIST.json;LaTex/work/preprint/R150_LOGIC_MAP_EDGE_READABILITY_CANDIDATE_v1/final_review_candidate_v1/preprint/publication/figures/source/graphviz/r150_curved_compact_v1/semantic_keys/SHA256SUMS | R154_PER_SERIES_SEMANTICS_REGISTRY_v1:derivation_dependency_map,DIRECT_SERIES_DECOMPOSITION,PASS_SUPPORTED_NO_UNKNOWN
fig:qs_vacuum_unified,whole_figure,open_programme_map,diagram/no scientific polyline,status_or_dependency_schematic,Status-labelled conceptual links; no scientific point-to-point series.,not applicable,not applicable,boxes/regions/arrows/direct labels,RETAIN; NOT A SCIENTIFIC POINT-TO-POINT POLYLINE,Status and dependency meanings are owned by literal labels and edge styles.,LaTex/FIGURE_REGISTRY.csv:fig:qs_vacuum_unified | LaTex/ECT_preprint.tex:30177 | LaTex/scripts/render_fig_ect_vs_qm.py;LaTex/work/preprint/R123_VISUAL_READABILITY_AND_RESTORATION_CANDIDATE_v1/components/global_visual_remediation/p1_panel_work/scripts/build_r123_p1_panel_relayout.py;LaTex/work/preprint/R123_VISUAL_READABILITY_AND_RESTORATION_CANDIDATE_v1/components/global_visual_remediation/scripts/build_r123_recolored_singletons.py;LaTex/work/preprint/R123_VISUAL_READABILITY_AND_RESTORATION_CANDIDATE_v1/components/global_visual_remediation/scripts/build_r123_remaining_monochrome.py;LaTex/work/preprint/R123_VISUAL_READABILITY_AND_RESTORATION_CANDIDATE_v2/components/targeted_readability_assets/build_targeted_readability_assets.py;LaTex/figures/source/svg/fig_ect_vs_qm.svg;LaTex/scripts/fig3_condensate_scales.py;LaTex/scripts/fig_two_level_ontology.gv;LaTex/work/preprint/R123_VISUAL_READABILITY_AND_RESTORATION_CANDIDATE_v1/scripts/r123_palette.py | LaTex/figures/source/svg/fig_ect_vs_qm.svg | R154_PER_SERIES_SEMANTICS_REGISTRY_v1:open_programme_map,DIRECT_SERIES_DECOMPOSITION,PASS_SUPPORTED_NO_UNKNOWN
fig:gamma_crossover,curve_panel,CHSH_toy_marker,diagram/no scientific polyline,toy_reference,Phi = ln(sqrt(2)),single vertical reference,none,vertical dashed line,RETAIN; NOT A SCIENTIFIC POINT-TO-POINT POLYLINE,Toy-model marker; not a physical transition threshold.,LaTex/FIGURE_REGISTRY.csv:fig:gamma_crossover | LaTex/ECT_preprint.tex:31796 | LaTex/work/preprint/R153_FINAL_VISUAL_ZENODO_CANDIDATE_v1/publication/LaTex/scripts/r153_figures/build_coherence_regimes_r153.py | LaTex/work/preprint/R149_READER_LAYOUT_CANDIDATE_v1/coherence/build_coherence_regimes_r149.py | R154_PER_SERIES_SEMANTICS_REGISTRY_v1:CHSH_toy_marker,DIRECT_SERIES_DECOMPOSITION,PASS_SUPPORTED_NO_UNKNOWN
fig:gamma_crossover,curve_panel,Jacques_visibility_proxy,diagram/no scientific polyline,external_source_model_marker,"Phi = 0.062, V/V0 = exp(-Phi); LaTex/work/preprint/R153_FINAL_VISUAL_ZENODO_CANDIDATE_v1/publication/LaTex/scripts/r153_figures/build_coherence_regimes_r153.py:276-294",single imported proxy point,source visibility approximation is not represented as a curve band,unconnected open diamond,RETAIN; NOT A SCIENTIFIC POINT-TO-POINT POLYLINE,Imported visibility/source-model proxy; not an ECT prediction.,LaTex/FIGURE_REGISTRY.csv:fig:gamma_crossover | LaTex/ECT_preprint.tex:31796 | LaTex/work/preprint/R153_FINAL_VISUAL_ZENODO_CANDIDATE_v1/publication/LaTex/scripts/r153_figures/build_coherence_regimes_r153.py | LaTex/work/preprint/R149_READER_LAYOUT_CANDIDATE_v1/coherence/build_coherence_regimes_r149.py | R154_PER_SERIES_SEMANTICS_REGISTRY_v1:Jacques_visibility_proxy,DIRECT_SERIES_DECOMPOSITION,PASS_SUPPORTED_NO_UNKNOWN
fig:gamma_crossover,curve_panel,Procopio_visibility_proxy,diagram/no scientific polyline,external_source_model_marker,"Phi = 0.006, V/V0 = exp(-Phi); LaTex/work/preprint/R153_FINAL_VISUAL_ZENODO_CANDIDATE_v1/publication/LaTex/scripts/r153_figures/build_coherence_regimes_r153.py:276-294",single imported proxy point,source visibility uncertainty is not represented as a curve band,unconnected open square,RETAIN; NOT A SCIENTIFIC POINT-TO-POINT POLYLINE,Imported visibility/source-model proxy; not an ECT prediction.,LaTex/FIGURE_REGISTRY.csv:fig:gamma_crossover | LaTex/ECT_preprint.tex:31796 | LaTex/work/preprint/R153_FINAL_VISUAL_ZENODO_CANDIDATE_v1/publication/LaTex/scripts/r153_figures/build_coherence_regimes_r153.py | LaTex/work/preprint/R149_READER_LAYOUT_CANDIDATE_v1/coherence/build_coherence_regimes_r149.py | R154_PER_SERIES_SEMANTICS_REGISTRY_v1:Procopio_visibility_proxy,DIRECT_SERIES_DECOMPOSITION,PASS_SUPPORTED_NO_UNKNOWN
fig:gamma_crossover,curve_panel,order_unity_marker,diagram/no scientific polyline,model_reference,Phi = 1,single vertical reference,none,vertical dotted line,RETAIN; NOT A SCIENTIFIC POINT-TO-POINT POLYLINE,Order-unity model marker; not a universal boundary.,LaTex/FIGURE_REGISTRY.csv:fig:gamma_crossover | LaTex/ECT_preprint.tex:31796 | LaTex/work/preprint/R153_FINAL_VISUAL_ZENODO_CANDIDATE_v1/publication/LaTex/scripts/r153_figures/build_coherence_regimes_r153.py | LaTex/work/preprint/R149_READER_LAYOUT_CANDIDATE_v1/coherence/build_coherence_regimes_r149.py | R154_PER_SERIES_SEMANTICS_REGISTRY_v1:order_unity_marker,DIRECT_SERIES_DECOMPOSITION,PASS_SUPPORTED_NO_UNKNOWN
fig:gamma_crossover,curve_panel,pure_dephasing_retention,exact_analytic_dense,conditional_exact_model_curve,V_ab / V_0 = exp(-Phi_ab); LaTex/work/preprint/R153_FINAL_VISUAL_ZENODO_CANDIDATE_v1/publication/LaTex/scripts/r153_figures/build_coherence_regimes_r153.py:246-256,1000 log-spaced points over 10^-3 <= Phi_ab <= 30,none,solid line,RETAIN_CONTINUOUS_TRACE_WITH_ANALYTIC_OWNER,Exact only in the declared pure-dephasing closure for a named pair/channel.,LaTex/FIGURE_REGISTRY.csv:fig:gamma_crossover | LaTex/ECT_preprint.tex:31796 | LaTex/work/preprint/R153_FINAL_VISUAL_ZENODO_CANDIDATE_v1/publication/LaTex/scripts/r153_figures/build_coherence_regimes_r153.py | LaTex/work/preprint/R149_READER_LAYOUT_CANDIDATE_v1/coherence/build_coherence_regimes_r149.py | R154_PER_SERIES_SEMANTICS_REGISTRY_v1:pure_dephasing_retention,DIRECT_SERIES_DECOMPOSITION,PASS_SUPPORTED_NO_UNKNOWN
fig:gamma_crossover,regime_panel,asymptotic_regime_bands,diagram/no scientific polyline,reading_guide,"Phi << 1, Phi ~ 1, Phi >> 1 reading regions",displayed Phi domain; band edges are visual guides,none,labelled bordered regions,RETAIN; NOT A SCIENTIFIC POINT-TO-POINT POLYLINE,Asymptotic reading guide only.,LaTex/FIGURE_REGISTRY.csv:fig:gamma_crossover | LaTex/ECT_preprint.tex:31796 | LaTex/work/preprint/R153_FINAL_VISUAL_ZENODO_CANDIDATE_v1/publication/LaTex/scripts/r153_figures/build_coherence_regimes_r153.py | LaTex/work/preprint/R149_READER_LAYOUT_CANDIDATE_v1/coherence/build_coherence_regimes_r149.py | R154_PER_SERIES_SEMANTICS_REGISTRY_v1:asymptotic_regime_bands,DIRECT_SERIES_DECOMPOSITION,PASS_SUPPORTED_NO_UNKNOWN
fig:two_level_ontology,whole_figure,status_guarded_reduction_map,diagram/no scientific polyline,status_or_dependency_schematic,Status-labelled reduction/open-branch topology; no numerical series.,not applicable,not applicable,boxes/regions/arrows/direct labels,RETAIN; NOT A SCIENTIFIC POINT-TO-POINT POLYLINE,Status and dependency meanings are owned by literal labels and edge styles.,LaTex/FIGURE_REGISTRY.csv:fig:two_level_ontology | LaTex/ECT_preprint.tex:32102 | LaTex/scripts/render_fig_ect_vs_qm.py;LaTex/work/preprint/R123_VISUAL_READABILITY_AND_RESTORATION_CANDIDATE_v1/components/global_visual_remediation/p1_panel_work/scripts/build_r123_p1_panel_relayout.py;LaTex/work/preprint/R123_VISUAL_READABILITY_AND_RESTORATION_CANDIDATE_v1/components/global_visual_remediation/scripts/build_r123_recolored_singletons.py;LaTex/work/preprint/R123_VISUAL_READABILITY_AND_RESTORATION_CANDIDATE_v1/components/global_visual_remediation/scripts/build_r123_remaining_monochrome.py;LaTex/work/preprint/R123_VISUAL_READABILITY_AND_RESTORATION_CANDIDATE_v2/components/targeted_readability_assets/build_targeted_readability_assets.py;LaTex/figures/source/svg/fig_ect_vs_qm.svg;LaTex/scripts/fig3_condensate_scales.py;LaTex/scripts/fig_two_level_ontology.gv;LaTex/work/preprint/R123_VISUAL_READABILITY_AND_RESTORATION_CANDIDATE_v1/scripts/r123_palette.py | LaTex/figures/source/svg/fig_ect_vs_qm.svg | R154_PER_SERIES_SEMANTICS_REGISTRY_v1:status_guarded_reduction_map,DIRECT_SERIES_DECOMPOSITION,PASS_SUPPORTED_NO_UNKNOWN
fig:pes_diagram,whole_figure,pes_r_classification_map,diagram/no scientific polyline,status_or_dependency_schematic,Response/persistence decision topology; arrows are semantic relations.,not applicable,not applicable,boxes/regions/arrows/direct labels,RETAIN; NOT A SCIENTIFIC POINT-TO-POINT POLYLINE,Status and dependency meanings are owned by literal labels and edge styles.,LaTex/FIGURE_REGISTRY.csv:fig:pes_diagram | LaTex/ECT_preprint.tex:32267 | LaTex/work/preprint/R127_VISUAL_COSMOLOGY_PES_COMPLETION_CANDIDATE_v1/build_r127_core_overflow_reflow.py;LaTex/work/preprint/R123_VISUAL_READABILITY_AND_RESTORATION_CANDIDATE_v1/components/core_schematics/build_core_schematics.py;LaTex/work/preprint/R123_VISUAL_READABILITY_AND_RESTORATION_CANDIDATE_v1/scripts/r123_palette.py | NOT APPLICABLE: no separate data object in this schematic owner | R154_PER_SERIES_SEMANTICS_REGISTRY_v1:pes_r_classification_map,DIRECT_SERIES_DECOMPOSITION,PASS_SUPPORTED_NO_UNKNOWN
fig:qubit_info_decoherence,fig_qubit_info_decoherence_smooth_r154,residual coherence $V=e^{-\Phi}$,exact_analytic_dense,analytic/dense/sparse model series as declared by R154 nonrotation QA,LaTex/work/preprint/R149_READER_LAYOUT_CANDIDATE_v1/remaining_figure_typography/scripts/build_r149_remaining_typography.py,1000 source points; 1000 rendered line points; 0 rendered markers,none; this is deterministic model/benchmark output,continuous line,USE_R154_CONTINUOUS_SUCCESSOR; DECORATIVE SAMPLE MARKERS REMOVED,Model-internal toy; no collapse or unique-outcome claim,LaTex/work/preprint/R154_SMOOTH_CURVE_SEMANTICS_CANDIDATE_v1/nonrotation/R154_NONROTATION_SERIES_QA_v1.json:fig:qubit_info_decoherence:residual coherence $V=e^{-\Phi}$,DIRECT_R154_NUMERIC_QA,PASS_SUPPORTED_NO_UNKNOWN
fig:qubit_info_decoherence,fig_qubit_info_decoherence_smooth_r154,total $I(S{:}E)$ in the pure-dilation toy,exact_analytic_dense,analytic/dense/sparse model series as declared by R154 nonrotation QA,LaTex/work/preprint/R149_READER_LAYOUT_CANDIDATE_v1/remaining_figure_typography/scripts/build_r149_remaining_typography.py,1000 source points; 1000 rendered line points; 0 rendered markers,none; this is deterministic model/benchmark output,continuous line,USE_R154_CONTINUOUS_SUCCESSOR; DECORATIVE SAMPLE MARKERS REMOVED,Model-internal toy; no collapse or unique-outcome claim,LaTex/work/preprint/R154_SMOOTH_CURVE_SEMANTICS_CANDIDATE_v1/nonrotation/R154_NONROTATION_SERIES_QA_v1.json:fig:qubit_info_decoherence:total $I(S{:}E)$ in the pure-dilation toy,DIRECT_R154_NUMERIC_QA,PASS_SUPPORTED_NO_UNKNOWN
fig:mediator_channels_terminal_47C,whole_figure,terminal_47c_status_summary,diagram/no scientific polyline,status_or_dependency_schematic,Categorical necessary-screen summary; boxes and borders encode status.,not applicable,not applicable,boxes/regions/arrows/direct labels,RETAIN; NOT A SCIENTIFIC POINT-TO-POINT POLYLINE,Status and dependency meanings are owned by literal labels and edge styles.,LaTex/FIGURE_REGISTRY.csv:fig:mediator_channels_terminal_47C | LaTex/ECT_preprint.tex:34389 | LaTex/work/preprint/R149_READER_LAYOUT_CANDIDATE_v1/borderline_figure_typography/review_main_b/build_successors_b.py | LaTex/work/preprint/R123_VISUAL_READABILITY_AND_RESTORATION_CANDIDATE_v1/components/core_schematics/build_core_schematics.py | R154_PER_SERIES_SEMANTICS_REGISTRY_v1:terminal_47c_status_summary,DIRECT_SERIES_DECOMPOSITION,PASS_SUPPORTED_NO_UNKNOWN
fig:qs_bh_shell,whole_figure,hypothetical_shell_geometry,diagram/no scientific polyline,status_or_dependency_schematic,Level-C/Open geometry schematic; curves are region boundaries and leaders.,not applicable,not applicable,boxes/regions/arrows/direct labels,RETAIN; NOT A SCIENTIFIC POINT-TO-POINT POLYLINE,Status and dependency meanings are owned by literal labels and edge styles.,LaTex/FIGURE_REGISTRY.csv:fig:qs_bh_shell | LaTex/ECT_preprint.tex:35241 | LaTex/work/preprint/R153_FINAL_VISUAL_ZENODO_CANDIDATE_v1/publication/LaTex/scripts/r153_figures/build_bh_shell_r153.py;LaTex/work/preprint/R153_FINAL_VISUAL_ZENODO_CANDIDATE_v1/publication/LaTex/scripts/r153_figures/r134_palette.py | NONE IDENTIFIED: no independent R153 numerical/data input claimed | R154_PER_SERIES_SEMANTICS_REGISTRY_v1:hypothetical_shell_geometry,DIRECT_SERIES_DECOMPOSITION,PASS_SUPPORTED_NO_UNKNOWN
fig:bh_information,page_curve_benchmark,ECT_fine_grained_open_region,diagram/no scientific polyline,missing_owner_region,No ECT curve supplied; region under benchmark is status shading only,displayed normalised time/entropy region,"UNKNOWN: physical Hilbert split, state, channel, and Hamiltonian missing",bounded filled region,RETAIN; NOT A SCIENTIFIC POINT-TO-POINT POLYLINE,Open; no ECT fine-grained entropy history has been derived.,LaTex/FIGURE_REGISTRY.csv:fig:bh_information | LaTex/ECT_preprint.tex:36107 | LaTex/work/preprint/R127_VISUAL_COSMOLOGY_PES_COMPLETION_CANDIDATE_v1/components/native_font_rerender_v1/build_r127_native_font_rerender.py;LaTex/work/preprint/R123_VISUAL_READABILITY_AND_RESTORATION_CANDIDATE_v1/components/clipping_remediation_v2/build_clipping_remediation_v2.py;LaTex/scripts/fig_bh_information.py | LaTex/work/preprint/R127_VISUAL_COSMOLOGY_PES_COMPLETION_CANDIDATE_v1/components/font_readability_remediation_v1/assets/r123__global__panels__fig35_b_page_curve_benchmark_r123__reader_scale_r127.pdf | R154_PER_SERIES_SEMANTICS_REGISTRY_v1:ECT_fine_grained_open_region,DIRECT_SERIES_DECOMPOSITION,PASS_SUPPORTED_NO_UNKNOWN
fig:bh_information,page_curve_benchmark,coarse_grained_semiclassical,exact_analytic_dense,external_analytic_benchmark,normalised coarse-grained entropy = sqrt(t / t_evap); LaTex/work/preprint/R123_VISUAL_READABILITY_AND_RESTORATION_CANDIDATE_v1/components/clipping_remediation_v1/build_r123_clipping_remediation_v1.py:377-382,800 linearly spaced points over 0 <= t/t_evap <= 1,none,dashed line,RETAIN_CONTINUOUS_TRACE_WITH_ANALYTIC_OWNER,Imported semiclassical benchmark; not an ECT-specific prediction.,LaTex/FIGURE_REGISTRY.csv:fig:bh_information | LaTex/ECT_preprint.tex:36107 | LaTex/work/preprint/R127_VISUAL_COSMOLOGY_PES_COMPLETION_CANDIDATE_v1/components/native_font_rerender_v1/build_r127_native_font_rerender.py;LaTex/work/preprint/R123_VISUAL_READABILITY_AND_RESTORATION_CANDIDATE_v1/components/clipping_remediation_v2/build_clipping_remediation_v2.py;LaTex/scripts/fig_bh_information.py | LaTex/work/preprint/R127_VISUAL_COSMOLOGY_PES_COMPLETION_CANDIDATE_v1/components/font_readability_remediation_v1/assets/r123__global__panels__fig35_b_page_curve_benchmark_r123__reader_scale_r127.pdf | R154_PER_SERIES_SEMANTICS_REGISTRY_v1:coarse_grained_semiclassical,DIRECT_SERIES_DECOMPOSITION,PASS_SUPPORTED_NO_UNKNOWN
fig:qs_consistency,whole_figure,quantum_sector_dependency_map,diagram/no scientific polyline,status_or_dependency_schematic,"Graph/status topology; edges are dependencies, not data interpolation.",not applicable,not applicable,boxes/regions/arrows/direct labels,RETAIN; NOT A SCIENTIFIC POINT-TO-POINT POLYLINE,Status and dependency meanings are owned by literal labels and edge styles.,LaTex/FIGURE_REGISTRY.csv:fig:qs_consistency | LaTex/ECT_preprint.tex:37302 | LaTex/work/preprint/R150_LOGIC_MAP_EDGE_READABILITY_CANDIDATE_v1/final_review_candidate_v1/preprint/publication/figures/source/graphviz/r150_curved_compact_v1/build_curved_compact_reader_maps_r150.py;LaTex/work/preprint/R150_LOGIC_MAP_EDGE_READABILITY_CANDIDATE_v1/final_review_candidate_v1/preprint/publication/figures/source/graphviz/r150_curved_compact_v1/frozen_r149_reader_helpers.py | LaTex/work/preprint/R150_LOGIC_MAP_EDGE_READABILITY_CANDIDATE_v1/final_review_candidate_v1/preprint/publication/figures/source/graphviz/r148_complete_logic_v1/fig36_partIII_render_r148.gv;LaTex/work/preprint/R150_LOGIC_MAP_EDGE_READABILITY_CANDIDATE_v1/final_review_candidate_v1/preprint/publication/data/figures_r148/topology/fig36_partIII_topology_r148.json;LaTex/work/preprint/R150_LOGIC_MAP_EDGE_READABILITY_CANDIDATE_v1/final_review_candidate_v1/preprint/publication/figures/source/graphviz/r150_curved_compact_v1/semantic_keys/partIII/partIII_node_key.csv;LaTex/work/preprint/R150_LOGIC_MAP_EDGE_READABILITY_CANDIDATE_v1/final_review_candidate_v1/preprint/publication/figures/source/graphviz/r150_curved_compact_v1/semantic_keys/partIII/partIII_edge_key.csv;LaTex/work/preprint/R150_LOGIC_MAP_EDGE_READABILITY_CANDIDATE_v1/final_review_candidate_v1/preprint/publication/figures/source/graphviz/r150_curved_compact_v1/semantic_keys/partIII/partIII_full_key.json;LaTex/work/preprint/R150_LOGIC_MAP_EDGE_READABILITY_CANDIDATE_v1/final_review_candidate_v1/preprint/publication/figures/source/graphviz/r150_curved_compact_v1/semantic_keys/partIII/partIII_full_key_r149.pdf;LaTex/work/preprint/R150_LOGIC_MAP_EDGE_READABILITY_CANDIDATE_v1/final_review_candidate_v1/preprint/publication/figures/source/graphviz/r150_curved_compact_v1/maps_curved_compact/partIII/partIII_automated_qa.json;LaTex/work/preprint/R150_LOGIC_MAP_EDGE_READABILITY_CANDIDATE_v1/final_review_candidate_v1/preprint/publication/figures/source/graphviz/r150_curved_compact_v1/maps_curved_compact/manifest.json;LaTex/work/preprint/R150_LOGIC_MAP_EDGE_READABILITY_CANDIDATE_v1/final_review_candidate_v1/preprint/publication/figures/source/graphviz/r150_curved_compact_v1/maps_curved_compact/REPLAY_CHECK.json;LaTex/work/preprint/R150_LOGIC_MAP_EDGE_READABILITY_CANDIDATE_v1/final_review_candidate_v1/preprint/publication/figures/source/graphviz/r150_curved_compact_v1/maps_curved_compact/RUNTIME.json;LaTex/work/preprint/R150_LOGIC_MAP_EDGE_READABILITY_CANDIDATE_v1/final_review_candidate_v1/preprint/publication/figures/source/graphviz/r150_curved_compact_v1/R150_RELEASE_ALLOWLIST.json;LaTex/work/preprint/R150_LOGIC_MAP_EDGE_READABILITY_CANDIDATE_v1/final_review_candidate_v1/preprint/publication/figures/source/graphviz/r150_curved_compact_v1/semantic_keys/SHA256SUMS | R154_PER_SERIES_SEMANTICS_REGISTRY_v1:quantum_sector_dependency_map,DIRECT_SERIES_DECOMPOSITION,PASS_SUPPORTED_NO_UNKNOWN
fig:equation_hierarchy,whole_figure,equation_status_hierarchy,diagram/no scientific polyline,status_or_dependency_schematic,Status-separated equation hierarchy; connectors are conditional steps.,not applicable,not applicable,boxes/regions/arrows/direct labels,RETAIN; NOT A SCIENTIFIC POINT-TO-POINT POLYLINE,Status and dependency meanings are owned by literal labels and edge styles.,LaTex/FIGURE_REGISTRY.csv:fig:equation_hierarchy | LaTex/ECT_preprint.tex:37795 | LaTex/work/preprint/R149_READER_LAYOUT_CANDIDATE_v1/borderline_figure_typography/review_main_b/build_successors_b.py | LaTex/scripts/fig_equation_hierarchy.py | R154_PER_SERIES_SEMANTICS_REGISTRY_v1:equation_status_hierarchy,DIRECT_SERIES_DECOMPOSITION,PASS_SUPPORTED_NO_UNKNOWN
fig:partIV_derivation_logic,whole_figure,derivation_dependency_map,diagram/no scientific polyline,status_or_dependency_schematic,"Graph/status topology; arrows are semantic dependencies, not sampled data.",not applicable,not applicable,boxes/regions/arrows/direct labels,RETAIN; NOT A SCIENTIFIC POINT-TO-POINT POLYLINE,Status and dependency meanings are owned by literal labels and edge styles.,LaTex/FIGURE_REGISTRY.csv:fig:partIV_derivation_logic | LaTex/ECT_preprint.tex:40970 | LaTex/work/preprint/R150_LOGIC_MAP_EDGE_READABILITY_CANDIDATE_v1/final_review_candidate_v1/preprint/publication/figures/source/graphviz/r150_curved_compact_v1/build_curved_compact_reader_maps_r150.py;LaTex/work/preprint/R150_LOGIC_MAP_EDGE_READABILITY_CANDIDATE_v1/final_review_candidate_v1/preprint/publication/figures/source/graphviz/r150_curved_compact_v1/frozen_r149_reader_helpers.py | LaTex/work/preprint/R150_LOGIC_MAP_EDGE_READABILITY_CANDIDATE_v1/final_review_candidate_v1/preprint/publication/figures/source/graphviz/r148_complete_logic_v1/fig38_partIV_semantic_authority_r143.gv;LaTex/work/preprint/R150_LOGIC_MAP_EDGE_READABILITY_CANDIDATE_v1/final_review_candidate_v1/preprint/publication/data/figures_r148/topology/fig38_partIV_topology_r148.json;LaTex/work/preprint/R150_LOGIC_MAP_EDGE_READABILITY_CANDIDATE_v1/final_review_candidate_v1/preprint/publication/figures/source/graphviz/r150_curved_compact_v1/semantic_keys/partIV/partIV_node_key.csv;LaTex/work/preprint/R150_LOGIC_MAP_EDGE_READABILITY_CANDIDATE_v1/final_review_candidate_v1/preprint/publication/figures/source/graphviz/r150_curved_compact_v1/semantic_keys/partIV/partIV_edge_key.csv;LaTex/work/preprint/R150_LOGIC_MAP_EDGE_READABILITY_CANDIDATE_v1/final_review_candidate_v1/preprint/publication/figures/source/graphviz/r150_curved_compact_v1/semantic_keys/partIV/partIV_full_key.json;LaTex/work/preprint/R150_LOGIC_MAP_EDGE_READABILITY_CANDIDATE_v1/final_review_candidate_v1/preprint/publication/figures/source/graphviz/r150_curved_compact_v1/semantic_keys/partIV/partIV_full_key_r149.pdf;LaTex/work/preprint/R150_LOGIC_MAP_EDGE_READABILITY_CANDIDATE_v1/final_review_candidate_v1/preprint/publication/figures/source/graphviz/r150_curved_compact_v1/maps_curved_compact/partIV/partIV_automated_qa.json;LaTex/work/preprint/R150_LOGIC_MAP_EDGE_READABILITY_CANDIDATE_v1/final_review_candidate_v1/preprint/publication/figures/source/graphviz/r150_curved_compact_v1/maps_curved_compact/manifest.json;LaTex/work/preprint/R150_LOGIC_MAP_EDGE_READABILITY_CANDIDATE_v1/final_review_candidate_v1/preprint/publication/figures/source/graphviz/r150_curved_compact_v1/maps_curved_compact/REPLAY_CHECK.json;LaTex/work/preprint/R150_LOGIC_MAP_EDGE_READABILITY_CANDIDATE_v1/final_review_candidate_v1/preprint/publication/figures/source/graphviz/r150_curved_compact_v1/maps_curved_compact/RUNTIME.json;LaTex/work/preprint/R150_LOGIC_MAP_EDGE_READABILITY_CANDIDATE_v1/final_review_candidate_v1/preprint/publication/figures/source/graphviz/r150_curved_compact_v1/R150_RELEASE_ALLOWLIST.json;LaTex/work/preprint/R150_LOGIC_MAP_EDGE_READABILITY_CANDIDATE_v1/final_review_candidate_v1/preprint/publication/figures/source/graphviz/r150_curved_compact_v1/semantic_keys/SHA256SUMS | R154_PER_SERIES_SEMANTICS_REGISTRY_v1:derivation_dependency_map,DIRECT_SERIES_DECOMPOSITION,PASS_SUPPORTED_NO_UNKNOWN
fig:ect_derivation_map,whole_figure,whole_programme_dependency_map,diagram/no scientific polyline,status_or_dependency_schematic,Complete programme graph; edges encode declared dependency/status.,not applicable,not applicable,boxes/regions/arrows/direct labels,RETAIN; NOT A SCIENTIFIC POINT-TO-POINT POLYLINE,Status and dependency meanings are owned by literal labels and edge styles.,LaTex/FIGURE_REGISTRY.csv:fig:ect_derivation_map | LaTex/ECT_preprint.tex:41269 | LaTex/work/preprint/R153_FINAL_VISUAL_ZENODO_CANDIDATE_v1/publication/LaTex/figures/source/graphviz/r153_curved_compact_v1/build_curved_compact_reader_maps_r153.py;LaTex/work/preprint/R153_FINAL_VISUAL_ZENODO_CANDIDATE_v1/publication/LaTex/figures/source/graphviz/r153_curved_compact_v1/frozen_r149_reader_helpers.py | LaTex/figures/source/graphviz/r148_complete_logic_v1/fig39_full_render_r148.dot;LaTex/data/figures_r148/topology/fig39_full_topology_r148.json;LaTex/work/preprint/R153_FINAL_VISUAL_ZENODO_CANDIDATE_v1/publication/LaTex/figures/source/graphviz/r153_curved_compact_v1/maps_curved_compact/whole/whole_automated_qa.json;LaTex/work/preprint/R153_FINAL_VISUAL_ZENODO_CANDIDATE_v1/publication/LaTex/figures/source/graphviz/r153_curved_compact_v1/maps_curved_compact/whole/whole_curved_compact_r153.layout.json;LaTex/work/preprint/R153_FINAL_VISUAL_ZENODO_CANDIDATE_v1/publication/LaTex/figures/source/graphviz/r153_curved_compact_v1/maps_curved_compact/manifest.json;LaTex/work/preprint/R153_FINAL_VISUAL_ZENODO_CANDIDATE_v1/publication/LaTex/figures/source/graphviz/r153_curved_compact_v1/maps_curved_compact/REPLAY_CHECK.json;LaTex/work/preprint/R153_FINAL_VISUAL_ZENODO_CANDIDATE_v1/publication/LaTex/figures/source/graphviz/r153_curved_compact_v1/maps_curved_compact/RUNTIME.json | R154_PER_SERIES_SEMANTICS_REGISTRY_v1:whole_programme_dependency_map,DIRECT_SERIES_DECOMPOSITION,PASS_SUPPORTED_NO_UNKNOWN
fig:ect_vs_qm,whole_figure,status_comparison_tableau,diagram/no scientific polyline,status_or_dependency_schematic,Text/box comparison schematic; no point-to-point scientific series.,not applicable,not applicable,boxes/regions/arrows/direct labels,RETAIN; NOT A SCIENTIFIC POINT-TO-POINT POLYLINE,Status and dependency meanings are owned by literal labels and edge styles.,LaTex/FIGURE_REGISTRY.csv:fig:ect_vs_qm | LaTex/ECT_preprint.tex:41689 | LaTex/work/preprint/R153_FINAL_VISUAL_ZENODO_CANDIDATE_v1/publication/LaTex/scripts/r153_figures/render_fig_ect_vs_qm_r153.py;LaTex/work/preprint/R153_FINAL_VISUAL_ZENODO_CANDIDATE_v1/publication/LaTex/scripts/r153_figures/fonts/DejaVuSans.ttf;LaTex/work/preprint/R153_FINAL_VISUAL_ZENODO_CANDIDATE_v1/publication/LaTex/scripts/r153_figures/fonts/DejaVuSans-Bold.ttf | LaTex/work/preprint/R153_FINAL_VISUAL_ZENODO_CANDIDATE_v1/publication/LaTex/figures/source/svg/r153/fig_ect_vs_qm_r153.svg | R154_PER_SERIES_SEMANTICS_REGISTRY_v1:status_comparison_tableau,DIRECT_SERIES_DECOMPOSITION,PASS_SUPPORTED_NO_UNKNOWN
fig:r103_Cn_scalechain_corrected,whole_figure,tensor_normalisation_ownership_chain,diagram/no scientific polyline,status_or_dependency_schematic,Four status boxes and three semantic arrows; no scientific polyline.,not applicable,not applicable,boxes/regions/arrows/direct labels,RETAIN; NOT A SCIENTIFIC POINT-TO-POINT POLYLINE,Status and dependency meanings are owned by literal labels and edge styles.,LaTex/FIGURE_REGISTRY.csv:fig:r103_Cn_scalechain_corrected | LaTex/ECT_preprint.tex:46286 | LaTex/scripts/render_fig_ect_vs_qm.py;LaTex/work/preprint/R123_VISUAL_READABILITY_AND_RESTORATION_CANDIDATE_v1/components/global_visual_remediation/p1_panel_work/scripts/build_r123_p1_panel_relayout.py;LaTex/work/preprint/R123_VISUAL_READABILITY_AND_RESTORATION_CANDIDATE_v1/components/global_visual_remediation/scripts/build_r123_recolored_singletons.py;LaTex/work/preprint/R123_VISUAL_READABILITY_AND_RESTORATION_CANDIDATE_v1/components/global_visual_remediation/scripts/build_r123_remaining_monochrome.py;LaTex/work/preprint/R123_VISUAL_READABILITY_AND_RESTORATION_CANDIDATE_v2/components/targeted_readability_assets/build_targeted_readability_assets.py;LaTex/figures/source/svg/fig_ect_vs_qm.svg;LaTex/scripts/fig3_condensate_scales.py;LaTex/scripts/fig_two_level_ontology.gv;LaTex/work/preprint/R123_VISUAL_READABILITY_AND_RESTORATION_CANDIDATE_v1/scripts/r123_palette.py | LaTex/figures/source/svg/fig_ect_vs_qm.svg | R154_PER_SERIES_SEMANTICS_REGISTRY_v1:tensor_normalisation_ownership_chain,DIRECT_SERIES_DECOMPOSITION,PASS_SUPPORTED_NO_UNKNOWN
fig:r103_ect_background_clocks,fig42_b_clock_budget_dense_r154,matched control,dense_solver_owner,analytic/dense/sparse model series as declared by R154 nonrotation QA,LaTex/data/cosmology_r103/R103_TWO_SLOPE_BACKGROUND_DENSE_v1.csv,3001 source points; 161 rendered line points; 9 rendered markers,none; this is deterministic model/benchmark output,continuous line,USE_R154_DENSE_SOLVER_TRACE; RETAIN PUBLISHED NODES AS SEPARATE MARKERS,Level A background inside supplied action/state; Level C physical map,LaTex/work/preprint/R154_SMOOTH_CURVE_SEMANTICS_CANDIDATE_v1/nonrotation/R154_NONROTATION_SERIES_QA_v1.json:fig:r103_ect_background_clocks:matched control,DIRECT_R154_NUMERIC_QA,PASS_SUPPORTED_NO_UNKNOWN
fig:r103_ect_background_clocks,fig42_b_clock_budget_dense_r154,two-slope,dense_solver_owner,analytic/dense/sparse model series as declared by R154 nonrotation QA,LaTex/data/cosmology_r103/R103_TWO_SLOPE_BACKGROUND_DENSE_v1.csv,3001 source points; 161 rendered line points; 9 rendered markers,none; this is deterministic model/benchmark output,continuous line,USE_R154_DENSE_SOLVER_TRACE; RETAIN PUBLISHED NODES AS SEPARATE MARKERS,Level A background inside supplied action/state; Level C physical map,LaTex/work/preprint/R154_SMOOTH_CURVE_SEMANTICS_CANDIDATE_v1/nonrotation/R154_NONROTATION_SERIES_QA_v1.json:fig:r103_ect_background_clocks:two-slope,DIRECT_R154_NUMERIC_QA,PASS_SUPPORTED_NO_UNKNOWN
fig:r103_two_slope_HwG_conditional,fig43_a_two_slope_expansion_dense_r154,two-slope / control,dense_solver_owner,analytic/dense/sparse model series as declared by R154 nonrotation QA,LaTex/data/cosmology_r103/R103_TWO_SLOPE_BACKGROUND_DENSE_v1.csv,3001 source points; 161 rendered line points; 9 rendered markers,none; this is deterministic model/benchmark output,continuous line,USE_R154_DENSE_SOLVER_TRACE; RETAIN PUBLISHED NODES AS SEPARATE MARKERS,Level A background inside supplied action/state; Level C physical map,LaTex/work/preprint/R154_SMOOTH_CURVE_SEMANTICS_CANDIDATE_v1/nonrotation/R154_NONROTATION_SERIES_QA_v1.json:fig:r103_two_slope_HwG_conditional:two-slope / control,DIRECT_R154_NUMERIC_QA,PASS_SUPPORTED_NO_UNKNOWN
fig:r103_two_slope_HwG_conditional__continuation_inverse_F,r149_inverse_f_proxy_dense_r154,$F_0/F(z)-1$,dense_solver_owner,analytic/dense/sparse model series as declared by R154 nonrotation QA,LaTex/data/cosmology_r103/R103_TWO_SLOPE_BACKGROUND_DENSE_v1.csv,3001 source points; 161 rendered line points; 9 rendered markers,none; this is deterministic model/benchmark output,continuous line,USE_R154_DENSE_SOLVER_TRACE; RETAIN PUBLISHED NODES AS SEPARATE MARKERS,Level A background inside supplied action/state; Level C physical map,LaTex/work/preprint/R154_SMOOTH_CURVE_SEMANTICS_CANDIDATE_v1/nonrotation/R154_NONROTATION_SERIES_QA_v1.json:fig:r103_two_slope_HwG_conditional__continuation_inverse_F:$F_0/F(z)-1$,DIRECT_R154_NUMERIC_QA,PASS_SUPPORTED_NO_UNKNOWN
fig:r114_early_response_growth_collapse_envelope,fig44_a_growth_equality_nodes_r154,equality-coordinate ratio,sparse_nodes_unconnected,analytic/dense/sparse model series as declared by R154 nonrotation QA,LaTex/data/cosmology_r113/R113_EARLY_RESPONSE_GROWTH_COLLAPSE_ENVELOPE_v3.csv,5 source points; 0 rendered line points; 5 rendered markers,none; this is deterministic model/benchmark output,unconnected markers,USE_R154 UNCONNECTED-NODE SUCCESSOR; NO INTERMEDIATE CURVE,Level A algebra inside supplied early-response envelope,LaTex/work/preprint/R154_SMOOTH_CURVE_SEMANTICS_CANDIDATE_v1/nonrotation/R154_NONROTATION_SERIES_QA_v1.json:fig:r114_early_response_growth_collapse_envelope:equality-coordinate ratio,DIRECT_R154_NUMERIC_QA,PASS_SUPPORTED_NO_UNKNOWN
fig:r114_early_response_growth_collapse_envelope,fig44_a_growth_equality_nodes_r154,growth $D/D_0$,sparse_nodes_unconnected,analytic/dense/sparse model series as declared by R154 nonrotation QA,LaTex/data/cosmology_r113/R113_EARLY_RESPONSE_GROWTH_COLLAPSE_ENVELOPE_v3.csv,5 source points; 0 rendered line points; 5 rendered markers,none; this is deterministic model/benchmark output,unconnected markers,USE_R154 UNCONNECTED-NODE SUCCESSOR; NO INTERMEDIATE CURVE,Level A algebra inside supplied early-response envelope,LaTex/work/preprint/R154_SMOOTH_CURVE_SEMANTICS_CANDIDATE_v1/nonrotation/R154_NONROTATION_SERIES_QA_v1.json:fig:r114_early_response_growth_collapse_envelope:growth $D/D_0$,DIRECT_R154_NUMERIC_QA,PASS_SUPPORTED_NO_UNKNOWN
fig:r114_early_response_growth_collapse_envelope__continuation_rare_tail,r149_rare_tail_nodes_r154,"fixed barrier, $\nu_0=5$",sparse_nodes_unconnected,analytic/dense/sparse model series as declared by R154 nonrotation QA,LaTex/data/cosmology_r113/R113_EARLY_RESPONSE_GROWTH_COLLAPSE_ENVELOPE_v3.csv,5 source points; 0 rendered line points; 5 rendered markers,none; this is deterministic model/benchmark output,unconnected markers,USE_R154 UNCONNECTED-NODE SUCCESSOR; NO INTERMEDIATE CURVE,Level C sensitivity; not a posterior or JWST prediction,"LaTex/work/preprint/R154_SMOOTH_CURVE_SEMANTICS_CANDIDATE_v1/nonrotation/R154_NONROTATION_SERIES_QA_v1.json:fig:r114_early_response_growth_collapse_envelope__continuation_rare_tail:fixed barrier, $\nu_0=5$",DIRECT_R154_NUMERIC_QA,PASS_SUPPORTED_NO_UNKNOWN
fig:r114_early_response_growth_collapse_envelope__continuation_rare_tail,r149_rare_tail_nodes_r154,"top-hat barrier, $\nu_0=5$",sparse_nodes_unconnected,analytic/dense/sparse model series as declared by R154 nonrotation QA,LaTex/data/cosmology_r113/R113_EARLY_RESPONSE_GROWTH_COLLAPSE_ENVELOPE_v3.csv,5 source points; 0 rendered line points; 5 rendered markers,none; this is deterministic model/benchmark output,unconnected markers,USE_R154 UNCONNECTED-NODE SUCCESSOR; NO INTERMEDIATE CURVE,Level C sensitivity; not a posterior or JWST prediction,"LaTex/work/preprint/R154_SMOOTH_CURVE_SEMANTICS_CANDIDATE_v1/nonrotation/R154_NONROTATION_SERIES_QA_v1.json:fig:r114_early_response_growth_collapse_envelope__continuation_rare_tail:top-hat barrier, $\nu_0=5$",DIRECT_R154_NUMERIC_QA,PASS_SUPPORTED_NO_UNKNOWN
fig:r114_finitebody_scalar_gates,fig45_a_fixed_metric_bvp_nodes_r154,far tail $A_{\rm far}/A_{\rm lin}$,sparse_nodes_unconnected,analytic/dense/sparse model series as declared by R154 nonrotation QA,LaTex/work/preprint/R114_VERIFIED_COSMOLOGY_PES_CASCADE_CANDIDATE_v1/ECT_preprint_R114_verified_cosmology_pes_cascade_candidate_v1.tex,4 source points; 0 rendered line points; 4 rendered markers,none; this is deterministic model/benchmark output,unconnected markers,USE_R154 UNCONNECTED-NODE SUCCESSOR; NO INTERMEDIATE CURVE,Fixed-metric scalar BVP only; not a physical body sensitivity or PPN prediction,LaTex/work/preprint/R154_SMOOTH_CURVE_SEMANTICS_CANDIDATE_v1/nonrotation/R154_NONROTATION_SERIES_QA_v1.json:fig:r114_finitebody_scalar_gates:far tail $A_{\rm far}/A_{\rm lin}$,DIRECT_R154_NUMERIC_QA,PASS_SUPPORTED_NO_UNKNOWN
fig:r114_finitebody_scalar_gates,fig45_a_fixed_metric_bvp_nodes_r154,surface flux / linear source,sparse_nodes_unconnected,analytic/dense/sparse model series as declared by R154 nonrotation QA,LaTex/work/preprint/R114_VERIFIED_COSMOLOGY_PES_CASCADE_CANDIDATE_v1/ECT_preprint_R114_verified_cosmology_pes_cascade_candidate_v1.tex,4 source points; 0 rendered line points; 4 rendered markers,none; this is deterministic model/benchmark output,unconnected markers,USE_R154 UNCONNECTED-NODE SUCCESSOR; NO INTERMEDIATE CURVE,Fixed-metric scalar BVP only; not a physical body sensitivity or PPN prediction,LaTex/work/preprint/R154_SMOOTH_CURVE_SEMANTICS_CANDIDATE_v1/nonrotation/R154_NONROTATION_SERIES_QA_v1.json:fig:r114_finitebody_scalar_gates:surface flux / linear source,DIRECT_R154_NUMERIC_QA,PASS_SUPPORTED_NO_UNKNOWN
fig:r114_finitebody_scalar_gates__continuation_dimensional_gate,all,dimensional_gate_regions,diagram/no scientific polyline,dimensional/status gate,declared fixed-metric dimensional checks,declared figure domain; no extrapolation beyond the named owner,none unless stated in caption/owner,"regions, bars and labels",RETAIN; NO SCIENTIFIC POLYLINE,Not a continuous density scan.,LaTex/FIGURE_REGISTRY.csv:fig:r114_finitebody_scalar_gates__continuation_dimensional_gate | LaTex/ECT_preprint.tex:50015 | LaTex/scripts/figures/patch_public_figure_labels_r148.py | LaTex/data/figures_r148/R148_PUBLIC_FIGURE_LABEL_SUCCESSORS_v1.json,REGISTRY_OWNER_CAPTION_AND_R153_SOURCE_AUDIT,PASS_SUPPORTED_NO_UNKNOWN
fig:r103_ect_restricted_perturbation_proxies,all,four_redshift_carriers,sparse_nodes_unconnected,restricted perturbation proxy rows,four evaluated redshift nodes,declared figure domain; no extrapolation beyond the named owner,none unless stated in caption/owner,unconnected markers,USE R153 UNCONNECTED-NODE SUCCESSOR,No Boltzmann transfer curve or interpolation is owned.,LaTex/FIGURE_REGISTRY.csv:fig:r103_ect_restricted_perturbation_proxies | LaTex/ECT_preprint.tex:50625 | LaTex/work/preprint/R149_READER_LAYOUT_CANDIDATE_v1/borderline_figure_typography/review_main_b/build_successors_b.py;LaTex/scripts/r153_line_semantics/build_r153_line_semantics_successors.py | LaTex/data/cosmology_r103/R103_RESTRICTED_ISW_LENSING_PROXY_v1.json;LaTex/data/cosmology_r103/R103_RESTRICTED_LARGE_FLOW_PROXY_v1.json;LaTex/data/cosmology_r103/R103_TWO_SLOPE_CONDITIONAL_OBSERVABLES_v1.json;LaTex/work/preprint/R123_VISUAL_READABILITY_AND_RESTORATION_CANDIDATE_v1/components/global_visual_remediation/p1_panel_work/scripts/build_r123_p1_panel_relayout.py,REGISTRY_OWNER_CAPTION_AND_R153_SOURCE_AUDIT,PASS_SUPPORTED_NO_UNKNOWN
fig:r114_pes_m1_same_channel_fdt_protocol,main,canonical_channel_reconstruction,dense_solver_owner,deterministic same-channel KMS/FDT protocol reconstruction,frozen canonical-channel replay,declared figure domain; no extrapolation beyond the named owner,none unless stated in caption/owner,dense reconstructed trace and directly labelled reference,RETAIN WITH PROTOCOL OWNER,Valid only for the declared same-channel filter/state protocol.,LaTex/FIGURE_REGISTRY.csv:fig:r114_pes_m1_same_channel_fdt_protocol | LaTex/ECT_preprint.tex:54838 | LaTex/scripts/figures/make_r114_pes_m1_fdt_figure_v2.py | LaTex/figures/r123/global/panels/fig47_a_single_kms_channel_r123.pdf;LaTex/scripts/figures/make_r114_pes_m1_fdt_figure_v2.py;LaTex/work/preprint/R149_READER_LAYOUT_CANDIDATE_v1/second_half_typography_successors/assets/fig47_b_counterexamples_r149.pdf;research/derivations/pes_usage/gpt/R120_PUBLIC_RELEASE_CLOSURE_CANDIDATE_v1/m1_final/M1_PUBLIC_PROTOCOL_PAYLOAD_v2.json,REGISTRY_OWNER_CAPTION_AND_R153_SOURCE_AUDIT,PASS_SUPPORTED_NO_UNKNOWN
fig:r114_pes_m1_same_channel_fdt_protocol__continuation_counterexamples,all,finite_window_counterexamples,sparse_nodes_unconnected,independent counterexample rows,"two-bath, nonthermal, and mismatched-filter evaluations",declared figure domain; no extrapolation beyond the named owner,none unless stated in caption/owner,unconnected markers,USE R153 UNCONNECTED-NODE SUCCESSOR,No continuous counterexample family is inferred.,LaTex/FIGURE_REGISTRY.csv:fig:r114_pes_m1_same_channel_fdt_protocol__continuation_counterexamples | LaTex/ECT_preprint.tex:54913 | LaTex/work/preprint/R149_READER_LAYOUT_CANDIDATE_v1/second_half_typography_successors/build_successors.py;LaTex/scripts/r153_line_semantics/build_r153_line_semantics_successors.py | research/derivations/pes_usage/gpt/R120_PUBLIC_RELEASE_CLOSURE_CANDIDATE_v1/m1_final/M1_PUBLIC_PROTOCOL_PAYLOAD_v2.json;LaTex/data/cosmology_r113/R113_ONE_POLE_CLUSTER_NO_GO_v2.json;LaTex/data/cosmology_r103/R103_TWO_SLOPE_HWG_FROZEN_v1.csv;LaTex/scripts/figures/make_r103_restored_visuals.py;LaTex/scripts/figures/make_r114_closure_figures.py;LaTex/scripts/figures/make_r114_pes_m1_fdt_figure_v2.py,REGISTRY_OWNER_CAPTION_AND_R153_SOURCE_AUDIT,PASS_SUPPORTED_NO_UNKNOWN
fig:r123_atlas_f10b,fig10_b_fixed_angle_proxy_nodes_r154,$\kappa_s=0.05$,sparse_nodes_unconnected,analytic/dense/sparse model series as declared by R154 nonrotation QA,LaTex/data/cosmology_r103/R103_TWO_SLOPE_CALIBRATED_SCAN_v1.json,3 source points; 0 rendered line points; 3 rendered markers,none; this is deterministic model/benchmark output,unconnected markers,USE_R154 UNCONNECTED-NODE SUCCESSOR; NO INTERMEDIATE CURVE,Level C diagnostic; not a CMB likelihood,LaTex/work/preprint/R154_SMOOTH_CURVE_SEMANTICS_CANDIDATE_v1/nonrotation/R154_NONROTATION_SERIES_QA_v1.json:fig:r123_atlas_f10b:$\kappa_s=0.05$,DIRECT_R154_NUMERIC_QA,PASS_SUPPORTED_NO_UNKNOWN
fig:r123_atlas_f10b,fig10_b_fixed_angle_proxy_nodes_r154,$\kappa_s=1$,sparse_nodes_unconnected,analytic/dense/sparse model series as declared by R154 nonrotation QA,LaTex/data/cosmology_r103/R103_TWO_SLOPE_CALIBRATED_SCAN_v1.json,3 source points; 0 rendered line points; 3 rendered markers,none; this is deterministic model/benchmark output,unconnected markers,USE_R154 UNCONNECTED-NODE SUCCESSOR; NO INTERMEDIATE CURVE,Level C diagnostic; not a CMB likelihood,LaTex/work/preprint/R154_SMOOTH_CURVE_SEMANTICS_CANDIDATE_v1/nonrotation/R154_NONROTATION_SERIES_QA_v1.json:fig:r123_atlas_f10b:$\kappa_s=1$,DIRECT_R154_NUMERIC_QA,PASS_SUPPORTED_NO_UNKNOWN
fig:r123_atlas_f10b,fig10_b_fixed_angle_proxy_nodes_r154,$\kappa_s=10$,sparse_nodes_unconnected,analytic/dense/sparse model series as declared by R154 nonrotation QA,LaTex/data/cosmology_r103/R103_TWO_SLOPE_CALIBRATED_SCAN_v1.json,3 source points; 0 rendered line points; 3 rendered markers,none; this is deterministic model/benchmark output,unconnected markers,USE_R154 UNCONNECTED-NODE SUCCESSOR; NO INTERMEDIATE CURVE,Level C diagnostic; not a CMB likelihood,LaTex/work/preprint/R154_SMOOTH_CURVE_SEMANTICS_CANDIDATE_v1/nonrotation/R154_NONROTATION_SERIES_QA_v1.json:fig:r123_atlas_f10b:$\kappa_s=10$,DIRECT_R154_NUMERIC_QA,PASS_SUPPORTED_NO_UNKNOWN
fig:r123_atlas_f11b,fig11_b_ballistic_distance_exact_r154,$d=v\tau_{a_M}$,exact_analytic_dense,analytic/dense/sparse model series as declared by R154 nonrotation QA,LaTex/data/cosmology_r113/R113_ONE_POLE_CLUSTER_NO_GO_v2.json,2 source points; 401 rendered line points; 2 rendered markers,none; this is deterministic model/benchmark output,continuous line,USE R154 EXACT DENSE TRACE; RETAIN SOURCE NODES SEPARATELY,Conditional Level-A no-go only inside one-real-pole plus ballistic assumptions,LaTex/work/preprint/R154_SMOOTH_CURVE_SEMANTICS_CANDIDATE_v1/nonrotation/R154_NONROTATION_SERIES_QA_v1.json:fig:r123_atlas_f11b:$d=v\tau_{a_M}$,DIRECT_R154_NUMERIC_QA,PASS_SUPPORTED_NO_UNKNOWN
fig:r123_atlas_f16a,all,HRC0_nuisance_diagnostic,statistical_fit/approximation,Level-C fitted nuisance diagnostic,frozen HRC-0 stellar-M/L estimates,declared figure domain; no extrapolation beyond the named owner,none unless stated in caption/owner,histogram/scatter/reference guides,RETAIN AS STATISTICAL DIAGNOSTIC,No physical line between galaxies.,LaTex/FIGURE_REGISTRY.csv:fig:r123_atlas_f16a | LaTex/ECT_preprint.tex:56727 | LaTex/work/preprint/R123_VISUAL_READABILITY_AND_RESTORATION_CANDIDATE_v3/components/curve_luminance_readable/build_curve_luminance_readable_v1.py | LaTex/data/cosmology_r103/R103_CONDITIONAL_ECT_AGE_MATCHING_RESULTS_v1.json;LaTex/data/cosmology_r103/R103_OFFICIAL_CCCOVARIANCE_SUBSET_RESULT_v1.json;LaTex/data/cosmology_r103/R103_RESTRICTED_ISW_LENSING_PROXY_v1.json;LaTex/data/cosmology_r103/R103_RESTRICTED_LARGE_FLOW_PROXY_v1.json;LaTex/data/cosmology_r103/R103_TWO_SLOPE_BACKGROUND_DENSE_METADATA_v1.json;LaTex/data/cosmology_r103/R103_TWO_SLOPE_BACKGROUND_DENSE_v1.csv;LaTex/data/cosmology_r103/R103_TWO_SLOPE_CALIBRATED_SCAN_v1.json;LaTex/data/cosmology_r103/R103_TWO_SLOPE_CONDITIONAL_OBSERVABLES_v1.csv;LaTex/data/cosmology_r103/R103_TWO_SLOPE_CONDITIONAL_OBSERVABLES_v1.json;LaTex/data/cosmology_r103/R103_TWO_SLOPE_HWG_FROZEN_v1.csv;LaTex/data/cosmology_r113/R113_EARLY_RESPONSE_GROWTH_COLLAPSE_ENVELOPE_v3.csv;LaTex/data/hrc_r97/R97_HRC_PER_GALAXY_FITS.csv;LaTex/data/hrc_r97/R97_HRC_SOURCE_POINTS.csv;LaTex/data/hrc_r97/R97_HRC_UDG_DIAGNOSTIC.csv,REGISTRY_OWNER_CAPTION_AND_R153_SOURCE_AUDIT,PASS_SUPPORTED_NO_UNKNOWN
fig:r123_atlas_f16b,all,HRC3_nuisance_diagnostic,statistical_fit/approximation,Level-C fitted nuisance diagnostic,frozen HRC-3 stellar-M/L estimates,declared figure domain; no extrapolation beyond the named owner,none unless stated in caption/owner,histogram/scatter/reference guides,RETAIN AS STATISTICAL DIAGNOSTIC,No physical line between galaxies.,LaTex/FIGURE_REGISTRY.csv:fig:r123_atlas_f16b | LaTex/ECT_preprint.tex:56728 | LaTex/work/preprint/R123_VISUAL_READABILITY_AND_RESTORATION_CANDIDATE_v3/components/curve_luminance_readable/build_curve_luminance_readable_v1.py | LaTex/data/cosmology_r103/R103_CONDITIONAL_ECT_AGE_MATCHING_RESULTS_v1.json;LaTex/data/cosmology_r103/R103_OFFICIAL_CCCOVARIANCE_SUBSET_RESULT_v1.json;LaTex/data/cosmology_r103/R103_RESTRICTED_ISW_LENSING_PROXY_v1.json;LaTex/data/cosmology_r103/R103_RESTRICTED_LARGE_FLOW_PROXY_v1.json;LaTex/data/cosmology_r103/R103_TWO_SLOPE_BACKGROUND_DENSE_METADATA_v1.json;LaTex/data/cosmology_r103/R103_TWO_SLOPE_BACKGROUND_DENSE_v1.csv;LaTex/data/cosmology_r103/R103_TWO_SLOPE_CALIBRATED_SCAN_v1.json;LaTex/data/cosmology_r103/R103_TWO_SLOPE_CONDITIONAL_OBSERVABLES_v1.csv;LaTex/data/cosmology_r103/R103_TWO_SLOPE_CONDITIONAL_OBSERVABLES_v1.json;LaTex/data/cosmology_r103/R103_TWO_SLOPE_HWG_FROZEN_v1.csv;LaTex/data/cosmology_r113/R113_EARLY_RESPONSE_GROWTH_COLLAPSE_ENVELOPE_v3.csv;LaTex/data/hrc_r97/R97_HRC_PER_GALAXY_FITS.csv;LaTex/data/hrc_r97/R97_HRC_SOURCE_POINTS.csv;LaTex/data/hrc_r97/R97_HRC_UDG_DIAGNOSTIC.csv,REGISTRY_OWNER_CAPTION_AND_R153_SOURCE_AUDIT,PASS_SUPPORTED_NO_UNKNOWN
fig:r123_atlas_f17b,all,SPARC_regime_census,diagram/no scientific polyline,frozen sample census,categorical regime counts,declared figure domain; no extrapolation beyond the named owner,none unless stated in caption/owner,histogram/bars,RETAIN; NO POINT-TO-POINT SCIENTIFIC LINE,Sample diagnostic only.,LaTex/FIGURE_REGISTRY.csv:fig:r123_atlas_f17b | LaTex/ECT_preprint.tex:56729 | LaTex/work/preprint/R123_VISUAL_READABILITY_AND_RESTORATION_CANDIDATE_v3/components/curve_luminance_readable/build_curve_luminance_readable_v1.py | LaTex/data/cosmology_r103/R103_CONDITIONAL_ECT_AGE_MATCHING_RESULTS_v1.json;LaTex/data/cosmology_r103/R103_OFFICIAL_CCCOVARIANCE_SUBSET_RESULT_v1.json;LaTex/data/cosmology_r103/R103_RESTRICTED_ISW_LENSING_PROXY_v1.json;LaTex/data/cosmology_r103/R103_RESTRICTED_LARGE_FLOW_PROXY_v1.json;LaTex/data/cosmology_r103/R103_TWO_SLOPE_BACKGROUND_DENSE_METADATA_v1.json;LaTex/data/cosmology_r103/R103_TWO_SLOPE_BACKGROUND_DENSE_v1.csv;LaTex/data/cosmology_r103/R103_TWO_SLOPE_CALIBRATED_SCAN_v1.json;LaTex/data/cosmology_r103/R103_TWO_SLOPE_CONDITIONAL_OBSERVABLES_v1.csv;LaTex/data/cosmology_r103/R103_TWO_SLOPE_CONDITIONAL_OBSERVABLES_v1.json;LaTex/data/cosmology_r103/R103_TWO_SLOPE_HWG_FROZEN_v1.csv;LaTex/data/cosmology_r113/R113_EARLY_RESPONSE_GROWTH_COLLAPSE_ENVELOPE_v3.csv;LaTex/data/hrc_r97/R97_HRC_PER_GALAXY_FITS.csv;LaTex/data/hrc_r97/R97_HRC_SOURCE_POINTS.csv;LaTex/data/hrc_r97/R97_HRC_UDG_DIAGNOSTIC.csv,REGISTRY_OWNER_CAPTION_AND_R153_SOURCE_AUDIT,PASS_SUPPORTED_NO_UNKNOWN
fig:r123_atlas_f18a,DDO154,HRC-0__display_curve,display_only_residual_gated_PCHIP,"display-only curve; never used in fit, likelihood, residual, or source ordering",R154 residual-gated curvature regularisation of display nodes followed by shape-preserving PCHIP,dense in-domain display grid; no extrapolation,no statistical uncertainty; deterministic display residual recorded in R154 QA,smooth line plus separate faint source nodes,USE R154 DISPLAY-ONLY SUCCESSOR,"PASS: normalised RMS=0.2, normalised max=0.504894790678, new extrema=0, exact source hits=0; no topology/order/crossing violation.",LaTex/work/preprint/R154_SMOOTH_CURVE_SEMANTICS_CANDIDATE_v1/rotation/qa/R154_SMOOTH_CURVE_SEMANTICS_QA_v1.json:fig18_a:DDO154:HRC-0,DIRECT_R154_ROTATION_QA,PASS_SUPPORTED_NO_UNKNOWN
fig:r123_atlas_f18a,DDO154,HRC-0__source_nodes,sparse_nodes_unconnected,frozen conditional model ordinates at source radii,frozen R102/R127 rotation source arrays; scientific fits and residuals remain on these ordinates,12 irregular source radii; no extrapolation,none on model ordinates; observational error belongs only to SPARC points,faint unconnected open nodes,RETAIN AS THE SCIENTIFIC NUMERIC OWNER,No physical continuous radial owner is inferred from these nodes.,LaTex/work/preprint/R154_SMOOTH_CURVE_SEMANTICS_CANDIDATE_v1/rotation/qa/R154_SMOOTH_CURVE_SEMANTICS_QA_v1.json:fig18_a:DDO154:HRC-0,DIRECT_R154_ROTATION_QA,PASS_SUPPORTED_NO_UNKNOWN
fig:r123_atlas_f18a,DDO154,HRC-3__display_curve,display_only_residual_gated_PCHIP,"display-only curve; never used in fit, likelihood, residual, or source ordering",R154 residual-gated curvature regularisation of display nodes followed by shape-preserving PCHIP,dense in-domain display grid; no extrapolation,no statistical uncertainty; deterministic display residual recorded in R154 QA,smooth line plus separate faint source nodes,USE R154 DISPLAY-ONLY SUCCESSOR,"PASS: normalised RMS=0.2, normalised max=0.503312802933, new extrema=0, exact source hits=0; no topology/order/crossing violation.",LaTex/work/preprint/R154_SMOOTH_CURVE_SEMANTICS_CANDIDATE_v1/rotation/qa/R154_SMOOTH_CURVE_SEMANTICS_QA_v1.json:fig18_a:DDO154:HRC-3,DIRECT_R154_ROTATION_QA,PASS_SUPPORTED_NO_UNKNOWN
fig:r123_atlas_f18a,DDO154,HRC-3__source_nodes,sparse_nodes_unconnected,frozen conditional model ordinates at source radii,frozen R102/R127 rotation source arrays; scientific fits and residuals remain on these ordinates,12 irregular source radii; no extrapolation,none on model ordinates; observational error belongs only to SPARC points,faint unconnected open nodes,RETAIN AS THE SCIENTIFIC NUMERIC OWNER,No physical continuous radial owner is inferred from these nodes.,LaTex/work/preprint/R154_SMOOTH_CURVE_SEMANTICS_CANDIDATE_v1/rotation/qa/R154_SMOOTH_CURVE_SEMANTICS_QA_v1.json:fig18_a:DDO154:HRC-3,DIRECT_R154_ROTATION_QA,PASS_SUPPORTED_NO_UNKNOWN
fig:r123_atlas_f18a,DDO154,MOND-standard__display_curve,display_only_residual_gated_PCHIP,"display-only curve; never used in fit, likelihood, residual, or source ordering",R154 residual-gated curvature regularisation of display nodes followed by shape-preserving PCHIP,dense in-domain display grid; no extrapolation,no statistical uncertainty; deterministic display residual recorded in R154 QA,smooth line plus separate faint source nodes,USE R154 DISPLAY-ONLY SUCCESSOR,"PASS: normalised RMS=0.2, normalised max=0.505088847392, new extrema=0, exact source hits=0; no topology/order/crossing violation.",LaTex/work/preprint/R154_SMOOTH_CURVE_SEMANTICS_CANDIDATE_v1/rotation/qa/R154_SMOOTH_CURVE_SEMANTICS_QA_v1.json:fig18_a:DDO154:MOND-standard,DIRECT_R154_ROTATION_QA,PASS_SUPPORTED_NO_UNKNOWN
fig:r123_atlas_f18a,DDO154,MOND-standard__source_nodes,sparse_nodes_unconnected,frozen conditional model ordinates at source radii,frozen R102/R127 rotation source arrays; scientific fits and residuals remain on these ordinates,12 irregular source radii; no extrapolation,none on model ordinates; observational error belongs only to SPARC points,faint unconnected open nodes,RETAIN AS THE SCIENTIFIC NUMERIC OWNER,No physical continuous radial owner is inferred from these nodes.,LaTex/work/preprint/R154_SMOOTH_CURVE_SEMANTICS_CANDIDATE_v1/rotation/qa/R154_SMOOTH_CURVE_SEMANTICS_QA_v1.json:fig18_a:DDO154:MOND-standard,DIRECT_R154_ROTATION_QA,PASS_SUPPORTED_NO_UNKNOWN
fig:r123_atlas_f18a,DDO154,NFW-fit__display_curve,display_only_residual_gated_PCHIP,"display-only curve; never used in fit, likelihood, residual, or source ordering",R154 residual-gated curvature regularisation of display nodes followed by shape-preserving PCHIP,dense in-domain display grid; no extrapolation,no statistical uncertainty; deterministic display residual recorded in R154 QA,smooth line plus separate faint source nodes,USE R154 DISPLAY-ONLY SUCCESSOR,"PASS: normalised RMS=0.2, normalised max=0.551767271435, new extrema=0, exact source hits=0; no topology/order/crossing violation.",LaTex/work/preprint/R154_SMOOTH_CURVE_SEMANTICS_CANDIDATE_v1/rotation/qa/R154_SMOOTH_CURVE_SEMANTICS_QA_v1.json:fig18_a:DDO154:NFW-fit,DIRECT_R154_ROTATION_QA,PASS_SUPPORTED_NO_UNKNOWN
fig:r123_atlas_f18a,DDO154,NFW-fit__source_nodes,statistical_fit/approximation,two-parameter NFW estimator evaluated at source radii,frozen R102/R127 rotation source arrays; scientific fits and residuals remain on these ordinates,12 irregular source radii; no extrapolation,none on model ordinates; observational error belongs only to SPARC points,faint unconnected open nodes,RETAIN AS THE SCIENTIFIC NUMERIC OWNER,No physical continuous radial owner is inferred from these nodes.,LaTex/work/preprint/R154_SMOOTH_CURVE_SEMANTICS_CANDIDATE_v1/rotation/qa/R154_SMOOTH_CURVE_SEMANTICS_QA_v1.json:fig18_a:DDO154:NFW-fit,DIRECT_R154_ROTATION_QA,PASS_SUPPORTED_NO_UNKNOWN
fig:r123_atlas_f18a,DDO154,SPARC_observed_velocity,observations_unconnected,external SPARC observations,"frozen SPARC radius, velocity and uncertainty columns used by the rotation owner",12 irregular observed radii for this panel,SPARC displayed velocity errors,black unconnected error-bar markers,USE R154 UNCONNECTED OBSERVATIONS,"No connector, interpolation, or smoothing is assigned to observations.",LaTex/work/preprint/R154_SMOOTH_CURVE_SEMANTICS_CANDIDATE_v1/rotation/qa/R154_SMOOTH_CURVE_SEMANTICS_QA_v1.json:fig18_a:DDO154,DIRECT_R154_ROTATION_QA,PASS_SUPPORTED_NO_UNKNOWN
fig:r123_atlas_f18a,DDO154,baryons__display_curve,display_only_residual_gated_PCHIP,"display-only curve; never used in fit, likelihood, residual, or source ordering",R154 residual-gated curvature regularisation of display nodes followed by shape-preserving PCHIP,dense in-domain display grid; no extrapolation,no statistical uncertainty; deterministic display residual recorded in R154 QA,smooth line plus separate faint source nodes,USE R154 DISPLAY-ONLY SUCCESSOR,"PASS: normalised RMS=0.2, normalised max=0.472220054887, new extrema=0, exact source hits=0; no topology/order/crossing violation.",LaTex/work/preprint/R154_SMOOTH_CURVE_SEMANTICS_CANDIDATE_v1/rotation/qa/R154_SMOOTH_CURVE_SEMANTICS_QA_v1.json:fig18_a:DDO154:baryons,DIRECT_R154_ROTATION_QA,PASS_SUPPORTED_NO_UNKNOWN
fig:r123_atlas_f18a,DDO154,baryons__source_nodes,sparse_nodes_unconnected,frozen conditional model ordinates at source radii,frozen R102/R127 rotation source arrays; scientific fits and residuals remain on these ordinates,12 irregular source radii; no extrapolation,none on model ordinates; observational error belongs only to SPARC points,faint unconnected open nodes,RETAIN AS THE SCIENTIFIC NUMERIC OWNER,No physical continuous radial owner is inferred from these nodes.,LaTex/work/preprint/R154_SMOOTH_CURVE_SEMANTICS_CANDIDATE_v1/rotation/qa/R154_SMOOTH_CURVE_SEMANTICS_QA_v1.json:fig18_a:DDO154:baryons,DIRECT_R154_ROTATION_QA,PASS_SUPPORTED_NO_UNKNOWN
fig:r123_atlas_f18b,NGC2403,HRC-0__display_curve,display_only_residual_gated_PCHIP,"display-only curve; never used in fit, likelihood, residual, or source ordering",R154 residual-gated curvature regularisation of display nodes followed by shape-preserving PCHIP,dense in-domain display grid; no extrapolation,no statistical uncertainty; deterministic display residual recorded in R154 QA,smooth line plus separate faint source nodes,USE R154 DISPLAY-ONLY SUCCESSOR,"PASS: normalised RMS=0.2, normalised max=0.711943900613, new extrema=0, exact source hits=0; no topology/order/crossing violation.",LaTex/work/preprint/R154_SMOOTH_CURVE_SEMANTICS_CANDIDATE_v1/rotation/qa/R154_SMOOTH_CURVE_SEMANTICS_QA_v1.json:fig18_b:NGC2403:HRC-0,DIRECT_R154_ROTATION_QA,PASS_SUPPORTED_NO_UNKNOWN
fig:r123_atlas_f18b,NGC2403,HRC-0__source_nodes,sparse_nodes_unconnected,frozen conditional model ordinates at source radii,frozen R102/R127 rotation source arrays; scientific fits and residuals remain on these ordinates,73 irregular source radii; no extrapolation,none on model ordinates; observational error belongs only to SPARC points,faint unconnected open nodes,RETAIN AS THE SCIENTIFIC NUMERIC OWNER,No physical continuous radial owner is inferred from these nodes.,LaTex/work/preprint/R154_SMOOTH_CURVE_SEMANTICS_CANDIDATE_v1/rotation/qa/R154_SMOOTH_CURVE_SEMANTICS_QA_v1.json:fig18_b:NGC2403:HRC-0,DIRECT_R154_ROTATION_QA,PASS_SUPPORTED_NO_UNKNOWN
fig:r123_atlas_f18b,NGC2403,HRC-3__display_curve,display_only_residual_gated_PCHIP,"display-only curve; never used in fit, likelihood, residual, or source ordering",R154 residual-gated curvature regularisation of display nodes followed by shape-preserving PCHIP,dense in-domain display grid; no extrapolation,no statistical uncertainty; deterministic display residual recorded in R154 QA,smooth line plus separate faint source nodes,USE R154 DISPLAY-ONLY SUCCESSOR,"PASS: normalised RMS=0.2, normalised max=0.637261815165, new extrema=0, exact source hits=0; no topology/order/crossing violation.",LaTex/work/preprint/R154_SMOOTH_CURVE_SEMANTICS_CANDIDATE_v1/rotation/qa/R154_SMOOTH_CURVE_SEMANTICS_QA_v1.json:fig18_b:NGC2403:HRC-3,DIRECT_R154_ROTATION_QA,PASS_SUPPORTED_NO_UNKNOWN
fig:r123_atlas_f18b,NGC2403,HRC-3__source_nodes,sparse_nodes_unconnected,frozen conditional model ordinates at source radii,frozen R102/R127 rotation source arrays; scientific fits and residuals remain on these ordinates,73 irregular source radii; no extrapolation,none on model ordinates; observational error belongs only to SPARC points,faint unconnected open nodes,RETAIN AS THE SCIENTIFIC NUMERIC OWNER,No physical continuous radial owner is inferred from these nodes.,LaTex/work/preprint/R154_SMOOTH_CURVE_SEMANTICS_CANDIDATE_v1/rotation/qa/R154_SMOOTH_CURVE_SEMANTICS_QA_v1.json:fig18_b:NGC2403:HRC-3,DIRECT_R154_ROTATION_QA,PASS_SUPPORTED_NO_UNKNOWN
fig:r123_atlas_f18b,NGC2403,MOND-standard__display_curve,display_only_residual_gated_PCHIP,"display-only curve; never used in fit, likelihood, residual, or source ordering",R154 residual-gated curvature regularisation of display nodes followed by shape-preserving PCHIP,dense in-domain display grid; no extrapolation,no statistical uncertainty; deterministic display residual recorded in R154 QA,smooth line plus separate faint source nodes,USE R154 DISPLAY-ONLY SUCCESSOR,"PASS: normalised RMS=0.2, normalised max=0.737071136755, new extrema=0, exact source hits=0; no topology/order/crossing violation.",LaTex/work/preprint/R154_SMOOTH_CURVE_SEMANTICS_CANDIDATE_v1/rotation/qa/R154_SMOOTH_CURVE_SEMANTICS_QA_v1.json:fig18_b:NGC2403:MOND-standard,DIRECT_R154_ROTATION_QA,PASS_SUPPORTED_NO_UNKNOWN
fig:r123_atlas_f18b,NGC2403,MOND-standard__source_nodes,sparse_nodes_unconnected,frozen conditional model ordinates at source radii,frozen R102/R127 rotation source arrays; scientific fits and residuals remain on these ordinates,73 irregular source radii; no extrapolation,none on model ordinates; observational error belongs only to SPARC points,faint unconnected open nodes,RETAIN AS THE SCIENTIFIC NUMERIC OWNER,No physical continuous radial owner is inferred from these nodes.,LaTex/work/preprint/R154_SMOOTH_CURVE_SEMANTICS_CANDIDATE_v1/rotation/qa/R154_SMOOTH_CURVE_SEMANTICS_QA_v1.json:fig18_b:NGC2403:MOND-standard,DIRECT_R154_ROTATION_QA,PASS_SUPPORTED_NO_UNKNOWN
fig:r123_atlas_f18b,NGC2403,NFW-fit__display_curve,display_only_residual_gated_PCHIP,"display-only curve; never used in fit, likelihood, residual, or source ordering",R154 residual-gated curvature regularisation of display nodes followed by shape-preserving PCHIP,dense in-domain display grid; no extrapolation,no statistical uncertainty; deterministic display residual recorded in R154 QA,smooth line plus separate faint source nodes,USE R154 DISPLAY-ONLY SUCCESSOR,"PASS: normalised RMS=0.2, normalised max=0.746046555877, new extrema=0, exact source hits=0; no topology/order/crossing violation.",LaTex/work/preprint/R154_SMOOTH_CURVE_SEMANTICS_CANDIDATE_v1/rotation/qa/R154_SMOOTH_CURVE_SEMANTICS_QA_v1.json:fig18_b:NGC2403:NFW-fit,DIRECT_R154_ROTATION_QA,PASS_SUPPORTED_NO_UNKNOWN
fig:r123_atlas_f18b,NGC2403,NFW-fit__source_nodes,statistical_fit/approximation,two-parameter NFW estimator evaluated at source radii,frozen R102/R127 rotation source arrays; scientific fits and residuals remain on these ordinates,73 irregular source radii; no extrapolation,none on model ordinates; observational error belongs only to SPARC points,faint unconnected open nodes,RETAIN AS THE SCIENTIFIC NUMERIC OWNER,No physical continuous radial owner is inferred from these nodes.,LaTex/work/preprint/R154_SMOOTH_CURVE_SEMANTICS_CANDIDATE_v1/rotation/qa/R154_SMOOTH_CURVE_SEMANTICS_QA_v1.json:fig18_b:NGC2403:NFW-fit,DIRECT_R154_ROTATION_QA,PASS_SUPPORTED_NO_UNKNOWN
fig:r123_atlas_f18b,NGC2403,SPARC_observed_velocity,observations_unconnected,external SPARC observations,"frozen SPARC radius, velocity and uncertainty columns used by the rotation owner",73 irregular observed radii for this panel,SPARC displayed velocity errors,black unconnected error-bar markers,USE R154 UNCONNECTED OBSERVATIONS,"No connector, interpolation, or smoothing is assigned to observations.",LaTex/work/preprint/R154_SMOOTH_CURVE_SEMANTICS_CANDIDATE_v1/rotation/qa/R154_SMOOTH_CURVE_SEMANTICS_QA_v1.json:fig18_b:NGC2403,DIRECT_R154_ROTATION_QA,PASS_SUPPORTED_NO_UNKNOWN
fig:r123_atlas_f18b,NGC2403,baryons__display_curve,display_only_residual_gated_PCHIP,"display-only curve; never used in fit, likelihood, residual, or source ordering",R154 residual-gated curvature regularisation of display nodes followed by shape-preserving PCHIP,dense in-domain display grid; no extrapolation,no statistical uncertainty; deterministic display residual recorded in R154 QA,smooth line plus separate faint source nodes,USE R154 DISPLAY-ONLY SUCCESSOR,"PASS: normalised RMS=0.2, normalised max=0.723870841121, new extrema=0, exact source hits=0; no topology/order/crossing violation.",LaTex/work/preprint/R154_SMOOTH_CURVE_SEMANTICS_CANDIDATE_v1/rotation/qa/R154_SMOOTH_CURVE_SEMANTICS_QA_v1.json:fig18_b:NGC2403:baryons,DIRECT_R154_ROTATION_QA,PASS_SUPPORTED_NO_UNKNOWN
fig:r123_atlas_f18b,NGC2403,baryons__source_nodes,sparse_nodes_unconnected,frozen conditional model ordinates at source radii,frozen R102/R127 rotation source arrays; scientific fits and residuals remain on these ordinates,73 irregular source radii; no extrapolation,none on model ordinates; observational error belongs only to SPARC points,faint unconnected open nodes,RETAIN AS THE SCIENTIFIC NUMERIC OWNER,No physical continuous radial owner is inferred from these nodes.,LaTex/work/preprint/R154_SMOOTH_CURVE_SEMANTICS_CANDIDATE_v1/rotation/qa/R154_SMOOTH_CURVE_SEMANTICS_QA_v1.json:fig18_b:NGC2403:baryons,DIRECT_R154_ROTATION_QA,PASS_SUPPORTED_NO_UNKNOWN
fig:r123_atlas_f18c,NGC3198,HRC-0__display_curve,display_only_residual_gated_PCHIP,"display-only curve; never used in fit, likelihood, residual, or source ordering",R154 residual-gated curvature regularisation of display nodes followed by shape-preserving PCHIP,dense in-domain display grid; no extrapolation,no statistical uncertainty; deterministic display residual recorded in R154 QA,smooth line plus separate faint source nodes,USE R154 DISPLAY-ONLY SUCCESSOR,"PASS: normalised RMS=0.2, normalised max=0.732960924425, new extrema=0, exact source hits=0; no topology/order/crossing violation.",LaTex/work/preprint/R154_SMOOTH_CURVE_SEMANTICS_CANDIDATE_v1/rotation/qa/R154_SMOOTH_CURVE_SEMANTICS_QA_v1.json:fig18_c:NGC3198:HRC-0,DIRECT_R154_ROTATION_QA,PASS_SUPPORTED_NO_UNKNOWN
fig:r123_atlas_f18c,NGC3198,HRC-0__source_nodes,sparse_nodes_unconnected,frozen conditional model ordinates at source radii,frozen R102/R127 rotation source arrays; scientific fits and residuals remain on these ordinates,43 irregular source radii; no extrapolation,none on model ordinates; observational error belongs only to SPARC points,faint unconnected open nodes,RETAIN AS THE SCIENTIFIC NUMERIC OWNER,No physical continuous radial owner is inferred from these nodes.,LaTex/work/preprint/R154_SMOOTH_CURVE_SEMANTICS_CANDIDATE_v1/rotation/qa/R154_SMOOTH_CURVE_SEMANTICS_QA_v1.json:fig18_c:NGC3198:HRC-0,DIRECT_R154_ROTATION_QA,PASS_SUPPORTED_NO_UNKNOWN
fig:r123_atlas_f18c,NGC3198,HRC-3__display_curve,display_only_residual_gated_PCHIP,"display-only curve; never used in fit, likelihood, residual, or source ordering",R154 residual-gated curvature regularisation of display nodes followed by shape-preserving PCHIP,dense in-domain display grid; no extrapolation,no statistical uncertainty; deterministic display residual recorded in R154 QA,smooth line plus separate faint source nodes,USE R154 DISPLAY-ONLY SUCCESSOR,"PASS: normalised RMS=0.2, normalised max=0.736510521466, new extrema=0, exact source hits=0; no topology/order/crossing violation.",LaTex/work/preprint/R154_SMOOTH_CURVE_SEMANTICS_CANDIDATE_v1/rotation/qa/R154_SMOOTH_CURVE_SEMANTICS_QA_v1.json:fig18_c:NGC3198:HRC-3,DIRECT_R154_ROTATION_QA,PASS_SUPPORTED_NO_UNKNOWN
fig:r123_atlas_f18c,NGC3198,HRC-3__source_nodes,sparse_nodes_unconnected,frozen conditional model ordinates at source radii,frozen R102/R127 rotation source arrays; scientific fits and residuals remain on these ordinates,43 irregular source radii; no extrapolation,none on model ordinates; observational error belongs only to SPARC points,faint unconnected open nodes,RETAIN AS THE SCIENTIFIC NUMERIC OWNER,No physical continuous radial owner is inferred from these nodes.,LaTex/work/preprint/R154_SMOOTH_CURVE_SEMANTICS_CANDIDATE_v1/rotation/qa/R154_SMOOTH_CURVE_SEMANTICS_QA_v1.json:fig18_c:NGC3198:HRC-3,DIRECT_R154_ROTATION_QA,PASS_SUPPORTED_NO_UNKNOWN
fig:r123_atlas_f18c,NGC3198,MOND-standard__display_curve,display_only_residual_gated_PCHIP,"display-only curve; never used in fit, likelihood, residual, or source ordering",R154 residual-gated curvature regularisation of display nodes followed by shape-preserving PCHIP,dense in-domain display grid; no extrapolation,no statistical uncertainty; deterministic display residual recorded in R154 QA,smooth line plus separate faint source nodes,USE R154 DISPLAY-ONLY SUCCESSOR,"PASS: normalised RMS=0.2, normalised max=0.746522088155, new extrema=0, exact source hits=0; no topology/order/crossing violation.",LaTex/work/preprint/R154_SMOOTH_CURVE_SEMANTICS_CANDIDATE_v1/rotation/qa/R154_SMOOTH_CURVE_SEMANTICS_QA_v1.json:fig18_c:NGC3198:MOND-standard,DIRECT_R154_ROTATION_QA,PASS_SUPPORTED_NO_UNKNOWN
fig:r123_atlas_f18c,NGC3198,MOND-standard__source_nodes,sparse_nodes_unconnected,frozen conditional model ordinates at source radii,frozen R102/R127 rotation source arrays; scientific fits and residuals remain on these ordinates,43 irregular source radii; no extrapolation,none on model ordinates; observational error belongs only to SPARC points,faint unconnected open nodes,RETAIN AS THE SCIENTIFIC NUMERIC OWNER,No physical continuous radial owner is inferred from these nodes.,LaTex/work/preprint/R154_SMOOTH_CURVE_SEMANTICS_CANDIDATE_v1/rotation/qa/R154_SMOOTH_CURVE_SEMANTICS_QA_v1.json:fig18_c:NGC3198:MOND-standard,DIRECT_R154_ROTATION_QA,PASS_SUPPORTED_NO_UNKNOWN
fig:r123_atlas_f18c,NGC3198,NFW-fit__display_curve,display_only_residual_gated_PCHIP,"display-only curve; never used in fit, likelihood, residual, or source ordering",R154 residual-gated curvature regularisation of display nodes followed by shape-preserving PCHIP,dense in-domain display grid; no extrapolation,no statistical uncertainty; deterministic display residual recorded in R154 QA,smooth line plus separate faint source nodes,USE R154 DISPLAY-ONLY SUCCESSOR,"PASS: normalised RMS=0.2, normalised max=0.685567325042, new extrema=0, exact source hits=0; no topology/order/crossing violation.",LaTex/work/preprint/R154_SMOOTH_CURVE_SEMANTICS_CANDIDATE_v1/rotation/qa/R154_SMOOTH_CURVE_SEMANTICS_QA_v1.json:fig18_c:NGC3198:NFW-fit,DIRECT_R154_ROTATION_QA,PASS_SUPPORTED_NO_UNKNOWN
fig:r123_atlas_f18c,NGC3198,NFW-fit__source_nodes,statistical_fit/approximation,two-parameter NFW estimator evaluated at source radii,frozen R102/R127 rotation source arrays; scientific fits and residuals remain on these ordinates,43 irregular source radii; no extrapolation,none on model ordinates; observational error belongs only to SPARC points,faint unconnected open nodes,RETAIN AS THE SCIENTIFIC NUMERIC OWNER,No physical continuous radial owner is inferred from these nodes.,LaTex/work/preprint/R154_SMOOTH_CURVE_SEMANTICS_CANDIDATE_v1/rotation/qa/R154_SMOOTH_CURVE_SEMANTICS_QA_v1.json:fig18_c:NGC3198:NFW-fit,DIRECT_R154_ROTATION_QA,PASS_SUPPORTED_NO_UNKNOWN
fig:r123_atlas_f18c,NGC3198,SPARC_observed_velocity,observations_unconnected,external SPARC observations,"frozen SPARC radius, velocity and uncertainty columns used by the rotation owner",43 irregular observed radii for this panel,SPARC displayed velocity errors,black unconnected error-bar markers,USE R154 UNCONNECTED OBSERVATIONS,"No connector, interpolation, or smoothing is assigned to observations.",LaTex/work/preprint/R154_SMOOTH_CURVE_SEMANTICS_CANDIDATE_v1/rotation/qa/R154_SMOOTH_CURVE_SEMANTICS_QA_v1.json:fig18_c:NGC3198,DIRECT_R154_ROTATION_QA,PASS_SUPPORTED_NO_UNKNOWN
fig:r123_atlas_f18c,NGC3198,baryons__display_curve,display_only_residual_gated_PCHIP,"display-only curve; never used in fit, likelihood, residual, or source ordering",R154 residual-gated curvature regularisation of display nodes followed by shape-preserving PCHIP,dense in-domain display grid; no extrapolation,no statistical uncertainty; deterministic display residual recorded in R154 QA,smooth line plus separate faint source nodes,USE R154 DISPLAY-ONLY SUCCESSOR,"PASS: normalised RMS=0.2, normalised max=0.787015534865, new extrema=0, exact source hits=0; no topology/order/crossing violation.",LaTex/work/preprint/R154_SMOOTH_CURVE_SEMANTICS_CANDIDATE_v1/rotation/qa/R154_SMOOTH_CURVE_SEMANTICS_QA_v1.json:fig18_c:NGC3198:baryons,DIRECT_R154_ROTATION_QA,PASS_SUPPORTED_NO_UNKNOWN
fig:r123_atlas_f18c,NGC3198,baryons__source_nodes,sparse_nodes_unconnected,frozen conditional model ordinates at source radii,frozen R102/R127 rotation source arrays; scientific fits and residuals remain on these ordinates,43 irregular source radii; no extrapolation,none on model ordinates; observational error belongs only to SPARC points,faint unconnected open nodes,RETAIN AS THE SCIENTIFIC NUMERIC OWNER,No physical continuous radial owner is inferred from these nodes.,LaTex/work/preprint/R154_SMOOTH_CURVE_SEMANTICS_CANDIDATE_v1/rotation/qa/R154_SMOOTH_CURVE_SEMANTICS_QA_v1.json:fig18_c:NGC3198:baryons,DIRECT_R154_ROTATION_QA,PASS_SUPPORTED_NO_UNKNOWN
fig:r123_atlas_f18d,NGC6503,HRC-0__display_curve,display_only_residual_gated_PCHIP,"display-only curve; never used in fit, likelihood, residual, or source ordering",R154 residual-gated curvature regularisation of display nodes followed by shape-preserving PCHIP,dense in-domain display grid; no extrapolation,no statistical uncertainty; deterministic display residual recorded in R154 QA,smooth line plus separate faint source nodes,USE R154 DISPLAY-ONLY SUCCESSOR,"PASS: normalised RMS=0.2, normalised max=0.788634580421, new extrema=0, exact source hits=0; no topology/order/crossing violation.",LaTex/work/preprint/R154_SMOOTH_CURVE_SEMANTICS_CANDIDATE_v1/rotation/qa/R154_SMOOTH_CURVE_SEMANTICS_QA_v1.json:fig18_d:NGC6503:HRC-0,DIRECT_R154_ROTATION_QA,PASS_SUPPORTED_NO_UNKNOWN
fig:r123_atlas_f18d,NGC6503,HRC-0__source_nodes,sparse_nodes_unconnected,frozen conditional model ordinates at source radii,frozen R102/R127 rotation source arrays; scientific fits and residuals remain on these ordinates,31 irregular source radii; no extrapolation,none on model ordinates; observational error belongs only to SPARC points,faint unconnected open nodes,RETAIN AS THE SCIENTIFIC NUMERIC OWNER,No physical continuous radial owner is inferred from these nodes.,LaTex/work/preprint/R154_SMOOTH_CURVE_SEMANTICS_CANDIDATE_v1/rotation/qa/R154_SMOOTH_CURVE_SEMANTICS_QA_v1.json:fig18_d:NGC6503:HRC-0,DIRECT_R154_ROTATION_QA,PASS_SUPPORTED_NO_UNKNOWN
fig:r123_atlas_f18d,NGC6503,HRC-3__display_curve,display_only_residual_gated_PCHIP,"display-only curve; never used in fit, likelihood, residual, or source ordering",R154 residual-gated curvature regularisation of display nodes followed by shape-preserving PCHIP,dense in-domain display grid; no extrapolation,no statistical uncertainty; deterministic display residual recorded in R154 QA,smooth line plus separate faint source nodes,USE R154 DISPLAY-ONLY SUCCESSOR,"PASS: normalised RMS=0.2, normalised max=0.799449617067, new extrema=0, exact source hits=0; no topology/order/crossing violation.",LaTex/work/preprint/R154_SMOOTH_CURVE_SEMANTICS_CANDIDATE_v1/rotation/qa/R154_SMOOTH_CURVE_SEMANTICS_QA_v1.json:fig18_d:NGC6503:HRC-3,DIRECT_R154_ROTATION_QA,PASS_SUPPORTED_NO_UNKNOWN
fig:r123_atlas_f18d,NGC6503,HRC-3__source_nodes,sparse_nodes_unconnected,frozen conditional model ordinates at source radii,frozen R102/R127 rotation source arrays; scientific fits and residuals remain on these ordinates,31 irregular source radii; no extrapolation,none on model ordinates; observational error belongs only to SPARC points,faint unconnected open nodes,RETAIN AS THE SCIENTIFIC NUMERIC OWNER,No physical continuous radial owner is inferred from these nodes.,LaTex/work/preprint/R154_SMOOTH_CURVE_SEMANTICS_CANDIDATE_v1/rotation/qa/R154_SMOOTH_CURVE_SEMANTICS_QA_v1.json:fig18_d:NGC6503:HRC-3,DIRECT_R154_ROTATION_QA,PASS_SUPPORTED_NO_UNKNOWN
fig:r123_atlas_f18d,NGC6503,MOND-standard__display_curve,display_only_residual_gated_PCHIP,"display-only curve; never used in fit, likelihood, residual, or source ordering",R154 residual-gated curvature regularisation of display nodes followed by shape-preserving PCHIP,dense in-domain display grid; no extrapolation,no statistical uncertainty; deterministic display residual recorded in R154 QA,smooth line plus separate faint source nodes,USE R154 DISPLAY-ONLY SUCCESSOR,"PASS: normalised RMS=0.2, normalised max=0.781863652152, new extrema=0, exact source hits=0; no topology/order/crossing violation.",LaTex/work/preprint/R154_SMOOTH_CURVE_SEMANTICS_CANDIDATE_v1/rotation/qa/R154_SMOOTH_CURVE_SEMANTICS_QA_v1.json:fig18_d:NGC6503:MOND-standard,DIRECT_R154_ROTATION_QA,PASS_SUPPORTED_NO_UNKNOWN
fig:r123_atlas_f18d,NGC6503,MOND-standard__source_nodes,sparse_nodes_unconnected,frozen conditional model ordinates at source radii,frozen R102/R127 rotation source arrays; scientific fits and residuals remain on these ordinates,31 irregular source radii; no extrapolation,none on model ordinates; observational error belongs only to SPARC points,faint unconnected open nodes,RETAIN AS THE SCIENTIFIC NUMERIC OWNER,No physical continuous radial owner is inferred from these nodes.,LaTex/work/preprint/R154_SMOOTH_CURVE_SEMANTICS_CANDIDATE_v1/rotation/qa/R154_SMOOTH_CURVE_SEMANTICS_QA_v1.json:fig18_d:NGC6503:MOND-standard,DIRECT_R154_ROTATION_QA,PASS_SUPPORTED_NO_UNKNOWN
fig:r123_atlas_f18d,NGC6503,NFW-fit__display_curve,display_only_residual_gated_PCHIP,"display-only curve; never used in fit, likelihood, residual, or source ordering",R154 residual-gated curvature regularisation of display nodes followed by shape-preserving PCHIP,dense in-domain display grid; no extrapolation,no statistical uncertainty; deterministic display residual recorded in R154 QA,smooth line plus separate faint source nodes,USE R154 DISPLAY-ONLY SUCCESSOR,"PASS: normalised RMS=0.2, normalised max=0.78194325487, new extrema=0, exact source hits=0; no topology/order/crossing violation.",LaTex/work/preprint/R154_SMOOTH_CURVE_SEMANTICS_CANDIDATE_v1/rotation/qa/R154_SMOOTH_CURVE_SEMANTICS_QA_v1.json:fig18_d:NGC6503:NFW-fit,DIRECT_R154_ROTATION_QA,PASS_SUPPORTED_NO_UNKNOWN
fig:r123_atlas_f18d,NGC6503,NFW-fit__source_nodes,statistical_fit/approximation,two-parameter NFW estimator evaluated at source radii,frozen R102/R127 rotation source arrays; scientific fits and residuals remain on these ordinates,31 irregular source radii; no extrapolation,none on model ordinates; observational error belongs only to SPARC points,faint unconnected open nodes,RETAIN AS THE SCIENTIFIC NUMERIC OWNER,No physical continuous radial owner is inferred from these nodes.,LaTex/work/preprint/R154_SMOOTH_CURVE_SEMANTICS_CANDIDATE_v1/rotation/qa/R154_SMOOTH_CURVE_SEMANTICS_QA_v1.json:fig18_d:NGC6503:NFW-fit,DIRECT_R154_ROTATION_QA,PASS_SUPPORTED_NO_UNKNOWN
fig:r123_atlas_f18d,NGC6503,SPARC_observed_velocity,observations_unconnected,external SPARC observations,"frozen SPARC radius, velocity and uncertainty columns used by the rotation owner",31 irregular observed radii for this panel,SPARC displayed velocity errors,black unconnected error-bar markers,USE R154 UNCONNECTED OBSERVATIONS,"No connector, interpolation, or smoothing is assigned to observations.",LaTex/work/preprint/R154_SMOOTH_CURVE_SEMANTICS_CANDIDATE_v1/rotation/qa/R154_SMOOTH_CURVE_SEMANTICS_QA_v1.json:fig18_d:NGC6503,DIRECT_R154_ROTATION_QA,PASS_SUPPORTED_NO_UNKNOWN
fig:r123_atlas_f18d,NGC6503,baryons__display_curve,display_only_residual_gated_PCHIP,"display-only curve; never used in fit, likelihood, residual, or source ordering",R154 residual-gated curvature regularisation of display nodes followed by shape-preserving PCHIP,dense in-domain display grid; no extrapolation,no statistical uncertainty; deterministic display residual recorded in R154 QA,smooth line plus separate faint source nodes,USE R154 DISPLAY-ONLY SUCCESSOR,"PASS: normalised RMS=0.2, normalised max=0.75987941713, new extrema=0, exact source hits=0; no topology/order/crossing violation.",LaTex/work/preprint/R154_SMOOTH_CURVE_SEMANTICS_CANDIDATE_v1/rotation/qa/R154_SMOOTH_CURVE_SEMANTICS_QA_v1.json:fig18_d:NGC6503:baryons,DIRECT_R154_ROTATION_QA,PASS_SUPPORTED_NO_UNKNOWN
fig:r123_atlas_f18d,NGC6503,baryons__source_nodes,sparse_nodes_unconnected,frozen conditional model ordinates at source radii,frozen R102/R127 rotation source arrays; scientific fits and residuals remain on these ordinates,31 irregular source radii; no extrapolation,none on model ordinates; observational error belongs only to SPARC points,faint unconnected open nodes,RETAIN AS THE SCIENTIFIC NUMERIC OWNER,No physical continuous radial owner is inferred from these nodes.,LaTex/work/preprint/R154_SMOOTH_CURVE_SEMANTICS_CANDIDATE_v1/rotation/qa/R154_SMOOTH_CURVE_SEMANTICS_QA_v1.json:fig18_d:NGC6503:baryons,DIRECT_R154_ROTATION_QA,PASS_SUPPORTED_NO_UNKNOWN
fig:r123_atlas_f19a,UGC00731,HRC-0__display_curve,display_only_residual_gated_PCHIP,"display-only curve; never used in fit, likelihood, residual, or source ordering",R154 residual-gated curvature regularisation of display nodes followed by shape-preserving PCHIP,dense in-domain display grid; no extrapolation,no statistical uncertainty; deterministic display residual recorded in R154 QA,smooth line plus separate faint source nodes,USE R154 DISPLAY-ONLY SUCCESSOR,"PASS: normalised RMS=0.2, normalised max=0.434570301384, new extrema=0, exact source hits=0; no topology/order/crossing violation.",LaTex/work/preprint/R154_SMOOTH_CURVE_SEMANTICS_CANDIDATE_v1/rotation/qa/R154_SMOOTH_CURVE_SEMANTICS_QA_v1.json:fig19_a:UGC00731:HRC-0,DIRECT_R154_ROTATION_QA,PASS_SUPPORTED_NO_UNKNOWN
fig:r123_atlas_f19a,UGC00731,HRC-0__source_nodes,sparse_nodes_unconnected,frozen conditional model ordinates at source radii,frozen R102/R127 rotation source arrays; scientific fits and residuals remain on these ordinates,12 irregular source radii; no extrapolation,none on model ordinates; observational error belongs only to SPARC points,faint unconnected open nodes,RETAIN AS THE SCIENTIFIC NUMERIC OWNER,No physical continuous radial owner is inferred from these nodes.,LaTex/work/preprint/R154_SMOOTH_CURVE_SEMANTICS_CANDIDATE_v1/rotation/qa/R154_SMOOTH_CURVE_SEMANTICS_QA_v1.json:fig19_a:UGC00731:HRC-0,DIRECT_R154_ROTATION_QA,PASS_SUPPORTED_NO_UNKNOWN
fig:r123_atlas_f19a,UGC00731,HRC-3__display_curve,display_only_residual_gated_PCHIP,"display-only curve; never used in fit, likelihood, residual, or source ordering",R154 residual-gated curvature regularisation of display nodes followed by shape-preserving PCHIP,dense in-domain display grid; no extrapolation,no statistical uncertainty; deterministic display residual recorded in R154 QA,smooth line plus separate faint source nodes,USE R154 DISPLAY-ONLY SUCCESSOR,"PASS: normalised RMS=0.2, normalised max=0.433483961537, new extrema=0, exact source hits=0; no topology/order/crossing violation.",LaTex/work/preprint/R154_SMOOTH_CURVE_SEMANTICS_CANDIDATE_v1/rotation/qa/R154_SMOOTH_CURVE_SEMANTICS_QA_v1.json:fig19_a:UGC00731:HRC-3,DIRECT_R154_ROTATION_QA,PASS_SUPPORTED_NO_UNKNOWN
fig:r123_atlas_f19a,UGC00731,HRC-3__source_nodes,sparse_nodes_unconnected,frozen conditional model ordinates at source radii,frozen R102/R127 rotation source arrays; scientific fits and residuals remain on these ordinates,12 irregular source radii; no extrapolation,none on model ordinates; observational error belongs only to SPARC points,faint unconnected open nodes,RETAIN AS THE SCIENTIFIC NUMERIC OWNER,No physical continuous radial owner is inferred from these nodes.,LaTex/work/preprint/R154_SMOOTH_CURVE_SEMANTICS_CANDIDATE_v1/rotation/qa/R154_SMOOTH_CURVE_SEMANTICS_QA_v1.json:fig19_a:UGC00731:HRC-3,DIRECT_R154_ROTATION_QA,PASS_SUPPORTED_NO_UNKNOWN
fig:r123_atlas_f19a,UGC00731,MOND-standard__display_curve,display_only_residual_gated_PCHIP,"display-only curve; never used in fit, likelihood, residual, or source ordering",R154 residual-gated curvature regularisation of display nodes followed by shape-preserving PCHIP,dense in-domain display grid; no extrapolation,no statistical uncertainty; deterministic display residual recorded in R154 QA,smooth line plus separate faint source nodes,USE R154 DISPLAY-ONLY SUCCESSOR,"PASS: normalised RMS=0.2, normalised max=0.434519271799, new extrema=0, exact source hits=0; no topology/order/crossing violation.",LaTex/work/preprint/R154_SMOOTH_CURVE_SEMANTICS_CANDIDATE_v1/rotation/qa/R154_SMOOTH_CURVE_SEMANTICS_QA_v1.json:fig19_a:UGC00731:MOND-standard,DIRECT_R154_ROTATION_QA,PASS_SUPPORTED_NO_UNKNOWN
fig:r123_atlas_f19a,UGC00731,MOND-standard__source_nodes,sparse_nodes_unconnected,frozen conditional model ordinates at source radii,frozen R102/R127 rotation source arrays; scientific fits and residuals remain on these ordinates,12 irregular source radii; no extrapolation,none on model ordinates; observational error belongs only to SPARC points,faint unconnected open nodes,RETAIN AS THE SCIENTIFIC NUMERIC OWNER,No physical continuous radial owner is inferred from these nodes.,LaTex/work/preprint/R154_SMOOTH_CURVE_SEMANTICS_CANDIDATE_v1/rotation/qa/R154_SMOOTH_CURVE_SEMANTICS_QA_v1.json:fig19_a:UGC00731:MOND-standard,DIRECT_R154_ROTATION_QA,PASS_SUPPORTED_NO_UNKNOWN
fig:r123_atlas_f19a,UGC00731,NFW-fit__display_curve,display_only_residual_gated_PCHIP,"display-only curve; never used in fit, likelihood, residual, or source ordering",R154 residual-gated curvature regularisation of display nodes followed by shape-preserving PCHIP,dense in-domain display grid; no extrapolation,no statistical uncertainty; deterministic display residual recorded in R154 QA,smooth line plus separate faint source nodes,USE R154 DISPLAY-ONLY SUCCESSOR,"PASS: normalised RMS=0.2, normalised max=0.494702621695, new extrema=0, exact source hits=0; no topology/order/crossing violation.",LaTex/work/preprint/R154_SMOOTH_CURVE_SEMANTICS_CANDIDATE_v1/rotation/qa/R154_SMOOTH_CURVE_SEMANTICS_QA_v1.json:fig19_a:UGC00731:NFW-fit,DIRECT_R154_ROTATION_QA,PASS_SUPPORTED_NO_UNKNOWN
fig:r123_atlas_f19a,UGC00731,NFW-fit__source_nodes,statistical_fit/approximation,two-parameter NFW estimator evaluated at source radii,frozen R102/R127 rotation source arrays; scientific fits and residuals remain on these ordinates,12 irregular source radii; no extrapolation,none on model ordinates; observational error belongs only to SPARC points,faint unconnected open nodes,RETAIN AS THE SCIENTIFIC NUMERIC OWNER,No physical continuous radial owner is inferred from these nodes.,LaTex/work/preprint/R154_SMOOTH_CURVE_SEMANTICS_CANDIDATE_v1/rotation/qa/R154_SMOOTH_CURVE_SEMANTICS_QA_v1.json:fig19_a:UGC00731:NFW-fit,DIRECT_R154_ROTATION_QA,PASS_SUPPORTED_NO_UNKNOWN
fig:r123_atlas_f19a,UGC00731,SPARC_observed_velocity,observations_unconnected,external SPARC observations,"frozen SPARC radius, velocity and uncertainty columns used by the rotation owner",12 irregular observed radii for this panel,SPARC displayed velocity errors,black unconnected error-bar markers,USE R154 UNCONNECTED OBSERVATIONS,"No connector, interpolation, or smoothing is assigned to observations.",LaTex/work/preprint/R154_SMOOTH_CURVE_SEMANTICS_CANDIDATE_v1/rotation/qa/R154_SMOOTH_CURVE_SEMANTICS_QA_v1.json:fig19_a:UGC00731,DIRECT_R154_ROTATION_QA,PASS_SUPPORTED_NO_UNKNOWN
fig:r123_atlas_f19a,UGC00731,baryons__display_curve,display_only_residual_gated_PCHIP,"display-only curve; never used in fit, likelihood, residual, or source ordering",R154 residual-gated curvature regularisation of display nodes followed by shape-preserving PCHIP,dense in-domain display grid; no extrapolation,no statistical uncertainty; deterministic display residual recorded in R154 QA,smooth line plus separate faint source nodes,USE R154 DISPLAY-ONLY SUCCESSOR,"PASS: normalised RMS=0.2, normalised max=0.431111052151, new extrema=0, exact source hits=0; no topology/order/crossing violation.",LaTex/work/preprint/R154_SMOOTH_CURVE_SEMANTICS_CANDIDATE_v1/rotation/qa/R154_SMOOTH_CURVE_SEMANTICS_QA_v1.json:fig19_a:UGC00731:baryons,DIRECT_R154_ROTATION_QA,PASS_SUPPORTED_NO_UNKNOWN
fig:r123_atlas_f19a,UGC00731,baryons__source_nodes,sparse_nodes_unconnected,frozen conditional model ordinates at source radii,frozen R102/R127 rotation source arrays; scientific fits and residuals remain on these ordinates,12 irregular source radii; no extrapolation,none on model ordinates; observational error belongs only to SPARC points,faint unconnected open nodes,RETAIN AS THE SCIENTIFIC NUMERIC OWNER,No physical continuous radial owner is inferred from these nodes.,LaTex/work/preprint/R154_SMOOTH_CURVE_SEMANTICS_CANDIDATE_v1/rotation/qa/R154_SMOOTH_CURVE_SEMANTICS_QA_v1.json:fig19_a:UGC00731:baryons,DIRECT_R154_ROTATION_QA,PASS_SUPPORTED_NO_UNKNOWN
fig:r123_atlas_f19a,UGC04483,HRC-0__display_curve,display_only_residual_gated_PCHIP,"display-only curve; never used in fit, likelihood, residual, or source ordering",R154 residual-gated curvature regularisation of display nodes followed by shape-preserving PCHIP,dense in-domain display grid; no extrapolation,no statistical uncertainty; deterministic display residual recorded in R154 QA,smooth line plus separate faint source nodes,USE R154 DISPLAY-ONLY SUCCESSOR,"PASS: normalised RMS=0.2, normalised max=0.461564993914, new extrema=0, exact source hits=0; no topology/order/crossing violation.",LaTex/work/preprint/R154_SMOOTH_CURVE_SEMANTICS_CANDIDATE_v1/rotation/qa/R154_SMOOTH_CURVE_SEMANTICS_QA_v1.json:fig19_a:UGC04483:HRC-0,DIRECT_R154_ROTATION_QA,PASS_SUPPORTED_NO_UNKNOWN
fig:r123_atlas_f19a,UGC04483,HRC-0__source_nodes,sparse_nodes_unconnected,frozen conditional model ordinates at source radii,frozen R102/R127 rotation source arrays; scientific fits and residuals remain on these ordinates,8 irregular source radii; no extrapolation,none on model ordinates; observational error belongs only to SPARC points,faint unconnected open nodes,RETAIN AS THE SCIENTIFIC NUMERIC OWNER,No physical continuous radial owner is inferred from these nodes.,LaTex/work/preprint/R154_SMOOTH_CURVE_SEMANTICS_CANDIDATE_v1/rotation/qa/R154_SMOOTH_CURVE_SEMANTICS_QA_v1.json:fig19_a:UGC04483:HRC-0,DIRECT_R154_ROTATION_QA,PASS_SUPPORTED_NO_UNKNOWN
fig:r123_atlas_f19a,UGC04483,HRC-3__display_curve,display_only_residual_gated_PCHIP,"display-only curve; never used in fit, likelihood, residual, or source ordering",R154 residual-gated curvature regularisation of display nodes followed by shape-preserving PCHIP,dense in-domain display grid; no extrapolation,no statistical uncertainty; deterministic display residual recorded in R154 QA,smooth line plus separate faint source nodes,USE R154 DISPLAY-ONLY SUCCESSOR,"PASS: normalised RMS=0.2, normalised max=0.460562261296, new extrema=0, exact source hits=0; no topology/order/crossing violation.",LaTex/work/preprint/R154_SMOOTH_CURVE_SEMANTICS_CANDIDATE_v1/rotation/qa/R154_SMOOTH_CURVE_SEMANTICS_QA_v1.json:fig19_a:UGC04483:HRC-3,DIRECT_R154_ROTATION_QA,PASS_SUPPORTED_NO_UNKNOWN
fig:r123_atlas_f19a,UGC04483,HRC-3__source_nodes,sparse_nodes_unconnected,frozen conditional model ordinates at source radii,frozen R102/R127 rotation source arrays; scientific fits and residuals remain on these ordinates,8 irregular source radii; no extrapolation,none on model ordinates; observational error belongs only to SPARC points,faint unconnected open nodes,RETAIN AS THE SCIENTIFIC NUMERIC OWNER,No physical continuous radial owner is inferred from these nodes.,LaTex/work/preprint/R154_SMOOTH_CURVE_SEMANTICS_CANDIDATE_v1/rotation/qa/R154_SMOOTH_CURVE_SEMANTICS_QA_v1.json:fig19_a:UGC04483:HRC-3,DIRECT_R154_ROTATION_QA,PASS_SUPPORTED_NO_UNKNOWN
fig:r123_atlas_f19a,UGC04483,MOND-standard__display_curve,display_only_residual_gated_PCHIP,"display-only curve; never used in fit, likelihood, residual, or source ordering",R154 residual-gated curvature regularisation of display nodes followed by shape-preserving PCHIP,dense in-domain display grid; no extrapolation,no statistical uncertainty; deterministic display residual recorded in R154 QA,smooth line plus separate faint source nodes,USE R154 DISPLAY-ONLY SUCCESSOR,"PASS: normalised RMS=0.2, normalised max=0.461878776005, new extrema=0, exact source hits=0; no topology/order/crossing violation.",LaTex/work/preprint/R154_SMOOTH_CURVE_SEMANTICS_CANDIDATE_v1/rotation/qa/R154_SMOOTH_CURVE_SEMANTICS_QA_v1.json:fig19_a:UGC04483:MOND-standard,DIRECT_R154_ROTATION_QA,PASS_SUPPORTED_NO_UNKNOWN
fig:r123_atlas_f19a,UGC04483,MOND-standard__source_nodes,sparse_nodes_unconnected,frozen conditional model ordinates at source radii,frozen R102/R127 rotation source arrays; scientific fits and residuals remain on these ordinates,8 irregular source radii; no extrapolation,none on model ordinates; observational error belongs only to SPARC points,faint unconnected open nodes,RETAIN AS THE SCIENTIFIC NUMERIC OWNER,No physical continuous radial owner is inferred from these nodes.,LaTex/work/preprint/R154_SMOOTH_CURVE_SEMANTICS_CANDIDATE_v1/rotation/qa/R154_SMOOTH_CURVE_SEMANTICS_QA_v1.json:fig19_a:UGC04483:MOND-standard,DIRECT_R154_ROTATION_QA,PASS_SUPPORTED_NO_UNKNOWN
fig:r123_atlas_f19a,UGC04483,NFW-fit__display_curve,display_only_residual_gated_PCHIP,"display-only curve; never used in fit, likelihood, residual, or source ordering",R154 residual-gated curvature regularisation of display nodes followed by shape-preserving PCHIP,dense in-domain display grid; no extrapolation,no statistical uncertainty; deterministic display residual recorded in R154 QA,smooth line plus separate faint source nodes,USE R154 DISPLAY-ONLY SUCCESSOR,"PASS: normalised RMS=0.2, normalised max=0.460932469542, new extrema=0, exact source hits=0; no topology/order/crossing violation.",LaTex/work/preprint/R154_SMOOTH_CURVE_SEMANTICS_CANDIDATE_v1/rotation/qa/R154_SMOOTH_CURVE_SEMANTICS_QA_v1.json:fig19_a:UGC04483:NFW-fit,DIRECT_R154_ROTATION_QA,PASS_SUPPORTED_NO_UNKNOWN
fig:r123_atlas_f19a,UGC04483,NFW-fit__source_nodes,statistical_fit/approximation,two-parameter NFW estimator evaluated at source radii,frozen R102/R127 rotation source arrays; scientific fits and residuals remain on these ordinates,8 irregular source radii; no extrapolation,none on model ordinates; observational error belongs only to SPARC points,faint unconnected open nodes,RETAIN AS THE SCIENTIFIC NUMERIC OWNER,No physical continuous radial owner is inferred from these nodes.,LaTex/work/preprint/R154_SMOOTH_CURVE_SEMANTICS_CANDIDATE_v1/rotation/qa/R154_SMOOTH_CURVE_SEMANTICS_QA_v1.json:fig19_a:UGC04483:NFW-fit,DIRECT_R154_ROTATION_QA,PASS_SUPPORTED_NO_UNKNOWN
fig:r123_atlas_f19a,UGC04483,SPARC_observed_velocity,observations_unconnected,external SPARC observations,"frozen SPARC radius, velocity and uncertainty columns used by the rotation owner",8 irregular observed radii for this panel,SPARC displayed velocity errors,black unconnected error-bar markers,USE R154 UNCONNECTED OBSERVATIONS,"No connector, interpolation, or smoothing is assigned to observations.",LaTex/work/preprint/R154_SMOOTH_CURVE_SEMANTICS_CANDIDATE_v1/rotation/qa/R154_SMOOTH_CURVE_SEMANTICS_QA_v1.json:fig19_a:UGC04483,DIRECT_R154_ROTATION_QA,PASS_SUPPORTED_NO_UNKNOWN
fig:r123_atlas_f19a,UGC04483,baryons__display_curve,display_only_residual_gated_PCHIP,"display-only curve; never used in fit, likelihood, residual, or source ordering",R154 residual-gated curvature regularisation of display nodes followed by shape-preserving PCHIP,dense in-domain display grid; no extrapolation,no statistical uncertainty; deterministic display residual recorded in R154 QA,smooth line plus separate faint source nodes,USE R154 DISPLAY-ONLY SUCCESSOR,"PASS: normalised RMS=0.2, normalised max=0.458559968699, new extrema=0, exact source hits=0; no topology/order/crossing violation.",LaTex/work/preprint/R154_SMOOTH_CURVE_SEMANTICS_CANDIDATE_v1/rotation/qa/R154_SMOOTH_CURVE_SEMANTICS_QA_v1.json:fig19_a:UGC04483:baryons,DIRECT_R154_ROTATION_QA,PASS_SUPPORTED_NO_UNKNOWN
fig:r123_atlas_f19a,UGC04483,baryons__source_nodes,sparse_nodes_unconnected,frozen conditional model ordinates at source radii,frozen R102/R127 rotation source arrays; scientific fits and residuals remain on these ordinates,8 irregular source radii; no extrapolation,none on model ordinates; observational error belongs only to SPARC points,faint unconnected open nodes,RETAIN AS THE SCIENTIFIC NUMERIC OWNER,No physical continuous radial owner is inferred from these nodes.,LaTex/work/preprint/R154_SMOOTH_CURVE_SEMANTICS_CANDIDATE_v1/rotation/qa/R154_SMOOTH_CURVE_SEMANTICS_QA_v1.json:fig19_a:UGC04483:baryons,DIRECT_R154_ROTATION_QA,PASS_SUPPORTED_NO_UNKNOWN
fig:r123_atlas_f19a,UGC05750,HRC-0__display_curve,display_only_residual_gated_PCHIP,"display-only curve; never used in fit, likelihood, residual, or source ordering",R154 residual-gated curvature regularisation of display nodes followed by shape-preserving PCHIP,dense in-domain display grid; no extrapolation,no statistical uncertainty; deterministic display residual recorded in R154 QA,smooth line plus separate faint source nodes,USE R154 DISPLAY-ONLY SUCCESSOR,"PASS: normalised RMS=0.2, normalised max=0.451965595998, new extrema=0, exact source hits=0; no topology/order/crossing violation.",LaTex/work/preprint/R154_SMOOTH_CURVE_SEMANTICS_CANDIDATE_v1/rotation/qa/R154_SMOOTH_CURVE_SEMANTICS_QA_v1.json:fig19_a:UGC05750:HRC-0,DIRECT_R154_ROTATION_QA,PASS_SUPPORTED_NO_UNKNOWN
fig:r123_atlas_f19a,UGC05750,HRC-0__source_nodes,sparse_nodes_unconnected,frozen conditional model ordinates at source radii,frozen R102/R127 rotation source arrays; scientific fits and residuals remain on these ordinates,11 irregular source radii; no extrapolation,none on model ordinates; observational error belongs only to SPARC points,faint unconnected open nodes,RETAIN AS THE SCIENTIFIC NUMERIC OWNER,No physical continuous radial owner is inferred from these nodes.,LaTex/work/preprint/R154_SMOOTH_CURVE_SEMANTICS_CANDIDATE_v1/rotation/qa/R154_SMOOTH_CURVE_SEMANTICS_QA_v1.json:fig19_a:UGC05750:HRC-0,DIRECT_R154_ROTATION_QA,PASS_SUPPORTED_NO_UNKNOWN
fig:r123_atlas_f19a,UGC05750,HRC-3__display_curve,display_only_residual_gated_PCHIP,"display-only curve; never used in fit, likelihood, residual, or source ordering",R154 residual-gated curvature regularisation of display nodes followed by shape-preserving PCHIP,dense in-domain display grid; no extrapolation,no statistical uncertainty; deterministic display residual recorded in R154 QA,smooth line plus separate faint source nodes,USE R154 DISPLAY-ONLY SUCCESSOR,"PASS: normalised RMS=0.2, normalised max=0.438400275296, new extrema=0, exact source hits=0; no topology/order/crossing violation.",LaTex/work/preprint/R154_SMOOTH_CURVE_SEMANTICS_CANDIDATE_v1/rotation/qa/R154_SMOOTH_CURVE_SEMANTICS_QA_v1.json:fig19_a:UGC05750:HRC-3,DIRECT_R154_ROTATION_QA,PASS_SUPPORTED_NO_UNKNOWN
fig:r123_atlas_f19a,UGC05750,HRC-3__source_nodes,sparse_nodes_unconnected,frozen conditional model ordinates at source radii,frozen R102/R127 rotation source arrays; scientific fits and residuals remain on these ordinates,11 irregular source radii; no extrapolation,none on model ordinates; observational error belongs only to SPARC points,faint unconnected open nodes,RETAIN AS THE SCIENTIFIC NUMERIC OWNER,No physical continuous radial owner is inferred from these nodes.,LaTex/work/preprint/R154_SMOOTH_CURVE_SEMANTICS_CANDIDATE_v1/rotation/qa/R154_SMOOTH_CURVE_SEMANTICS_QA_v1.json:fig19_a:UGC05750:HRC-3,DIRECT_R154_ROTATION_QA,PASS_SUPPORTED_NO_UNKNOWN
fig:r123_atlas_f19a,UGC05750,MOND-standard__display_curve,display_only_residual_gated_PCHIP,"display-only curve; never used in fit, likelihood, residual, or source ordering",R154 residual-gated curvature regularisation of display nodes followed by shape-preserving PCHIP,dense in-domain display grid; no extrapolation,no statistical uncertainty; deterministic display residual recorded in R154 QA,smooth line plus separate faint source nodes,USE R154 DISPLAY-ONLY SUCCESSOR,"PASS: normalised RMS=0.2, normalised max=0.451319271936, new extrema=0, exact source hits=0; no topology/order/crossing violation.",LaTex/work/preprint/R154_SMOOTH_CURVE_SEMANTICS_CANDIDATE_v1/rotation/qa/R154_SMOOTH_CURVE_SEMANTICS_QA_v1.json:fig19_a:UGC05750:MOND-standard,DIRECT_R154_ROTATION_QA,PASS_SUPPORTED_NO_UNKNOWN
fig:r123_atlas_f19a,UGC05750,MOND-standard__source_nodes,sparse_nodes_unconnected,frozen conditional model ordinates at source radii,frozen R102/R127 rotation source arrays; scientific fits and residuals remain on these ordinates,11 irregular source radii; no extrapolation,none on model ordinates; observational error belongs only to SPARC points,faint unconnected open nodes,RETAIN AS THE SCIENTIFIC NUMERIC OWNER,No physical continuous radial owner is inferred from these nodes.,LaTex/work/preprint/R154_SMOOTH_CURVE_SEMANTICS_CANDIDATE_v1/rotation/qa/R154_SMOOTH_CURVE_SEMANTICS_QA_v1.json:fig19_a:UGC05750:MOND-standard,DIRECT_R154_ROTATION_QA,PASS_SUPPORTED_NO_UNKNOWN
fig:r123_atlas_f19a,UGC05750,NFW-fit__display_curve,display_only_residual_gated_PCHIP,"display-only curve; never used in fit, likelihood, residual, or source ordering",R154 residual-gated curvature regularisation of display nodes followed by shape-preserving PCHIP,dense in-domain display grid; no extrapolation,no statistical uncertainty; deterministic display residual recorded in R154 QA,smooth line plus separate faint source nodes,USE R154 DISPLAY-ONLY SUCCESSOR,"PASS: normalised RMS=0.2, normalised max=0.514311011603, new extrema=0, exact source hits=0; no topology/order/crossing violation.",LaTex/work/preprint/R154_SMOOTH_CURVE_SEMANTICS_CANDIDATE_v1/rotation/qa/R154_SMOOTH_CURVE_SEMANTICS_QA_v1.json:fig19_a:UGC05750:NFW-fit,DIRECT_R154_ROTATION_QA,PASS_SUPPORTED_NO_UNKNOWN
fig:r123_atlas_f19a,UGC05750,NFW-fit__source_nodes,statistical_fit/approximation,two-parameter NFW estimator evaluated at source radii,frozen R102/R127 rotation source arrays; scientific fits and residuals remain on these ordinates,11 irregular source radii; no extrapolation,none on model ordinates; observational error belongs only to SPARC points,faint unconnected open nodes,RETAIN AS THE SCIENTIFIC NUMERIC OWNER,No physical continuous radial owner is inferred from these nodes.,LaTex/work/preprint/R154_SMOOTH_CURVE_SEMANTICS_CANDIDATE_v1/rotation/qa/R154_SMOOTH_CURVE_SEMANTICS_QA_v1.json:fig19_a:UGC05750:NFW-fit,DIRECT_R154_ROTATION_QA,PASS_SUPPORTED_NO_UNKNOWN
fig:r123_atlas_f19a,UGC05750,SPARC_observed_velocity,observations_unconnected,external SPARC observations,"frozen SPARC radius, velocity and uncertainty columns used by the rotation owner",11 irregular observed radii for this panel,SPARC displayed velocity errors,black unconnected error-bar markers,USE R154 UNCONNECTED OBSERVATIONS,"No connector, interpolation, or smoothing is assigned to observations.",LaTex/work/preprint/R154_SMOOTH_CURVE_SEMANTICS_CANDIDATE_v1/rotation/qa/R154_SMOOTH_CURVE_SEMANTICS_QA_v1.json:fig19_a:UGC05750,DIRECT_R154_ROTATION_QA,PASS_SUPPORTED_NO_UNKNOWN
fig:r123_atlas_f19a,UGC05750,baryons__display_curve,display_only_residual_gated_PCHIP,"display-only curve; never used in fit, likelihood, residual, or source ordering",R154 residual-gated curvature regularisation of display nodes followed by shape-preserving PCHIP,dense in-domain display grid; no extrapolation,no statistical uncertainty; deterministic display residual recorded in R154 QA,smooth line plus separate faint source nodes,USE R154 DISPLAY-ONLY SUCCESSOR,"PASS: normalised RMS=0.2, normalised max=0.378432563828, new extrema=0, exact source hits=0; no topology/order/crossing violation.",LaTex/work/preprint/R154_SMOOTH_CURVE_SEMANTICS_CANDIDATE_v1/rotation/qa/R154_SMOOTH_CURVE_SEMANTICS_QA_v1.json:fig19_a:UGC05750:baryons,DIRECT_R154_ROTATION_QA,PASS_SUPPORTED_NO_UNKNOWN
fig:r123_atlas_f19a,UGC05750,baryons__source_nodes,sparse_nodes_unconnected,frozen conditional model ordinates at source radii,frozen R102/R127 rotation source arrays; scientific fits and residuals remain on these ordinates,11 irregular source radii; no extrapolation,none on model ordinates; observational error belongs only to SPARC points,faint unconnected open nodes,RETAIN AS THE SCIENTIFIC NUMERIC OWNER,No physical continuous radial owner is inferred from these nodes.,LaTex/work/preprint/R154_SMOOTH_CURVE_SEMANTICS_CANDIDATE_v1/rotation/qa/R154_SMOOTH_CURVE_SEMANTICS_QA_v1.json:fig19_a:UGC05750:baryons,DIRECT_R154_ROTATION_QA,PASS_SUPPORTED_NO_UNKNOWN
fig:r123_atlas_f19a,UGC10310,HRC-0__display_curve,display_only_residual_gated_PCHIP,"display-only curve; never used in fit, likelihood, residual, or source ordering",R154 residual-gated curvature regularisation of display nodes followed by shape-preserving PCHIP,dense in-domain display grid; no extrapolation,no statistical uncertainty; deterministic display residual recorded in R154 QA,smooth line plus separate faint source nodes,USE R154 DISPLAY-ONLY SUCCESSOR,"PASS: normalised RMS=0.2, normalised max=0.346112621305, new extrema=0, exact source hits=0; no topology/order/crossing violation.",LaTex/work/preprint/R154_SMOOTH_CURVE_SEMANTICS_CANDIDATE_v1/rotation/qa/R154_SMOOTH_CURVE_SEMANTICS_QA_v1.json:fig19_a:UGC10310:HRC-0,DIRECT_R154_ROTATION_QA,PASS_SUPPORTED_NO_UNKNOWN
fig:r123_atlas_f19a,UGC10310,HRC-0__source_nodes,sparse_nodes_unconnected,frozen conditional model ordinates at source radii,frozen R102/R127 rotation source arrays; scientific fits and residuals remain on these ordinates,7 irregular source radii; no extrapolation,none on model ordinates; observational error belongs only to SPARC points,faint unconnected open nodes,RETAIN AS THE SCIENTIFIC NUMERIC OWNER,No physical continuous radial owner is inferred from these nodes.,LaTex/work/preprint/R154_SMOOTH_CURVE_SEMANTICS_CANDIDATE_v1/rotation/qa/R154_SMOOTH_CURVE_SEMANTICS_QA_v1.json:fig19_a:UGC10310:HRC-0,DIRECT_R154_ROTATION_QA,PASS_SUPPORTED_NO_UNKNOWN
fig:r123_atlas_f19a,UGC10310,HRC-3__display_curve,display_only_residual_gated_PCHIP,"display-only curve; never used in fit, likelihood, residual, or source ordering",R154 residual-gated curvature regularisation of display nodes followed by shape-preserving PCHIP,dense in-domain display grid; no extrapolation,no statistical uncertainty; deterministic display residual recorded in R154 QA,smooth line plus separate faint source nodes,USE R154 DISPLAY-ONLY SUCCESSOR,"PASS: normalised RMS=0.2, normalised max=0.342407387524, new extrema=0, exact source hits=0; no topology/order/crossing violation.",LaTex/work/preprint/R154_SMOOTH_CURVE_SEMANTICS_CANDIDATE_v1/rotation/qa/R154_SMOOTH_CURVE_SEMANTICS_QA_v1.json:fig19_a:UGC10310:HRC-3,DIRECT_R154_ROTATION_QA,PASS_SUPPORTED_NO_UNKNOWN
fig:r123_atlas_f19a,UGC10310,HRC-3__source_nodes,sparse_nodes_unconnected,frozen conditional model ordinates at source radii,frozen R102/R127 rotation source arrays; scientific fits and residuals remain on these ordinates,7 irregular source radii; no extrapolation,none on model ordinates; observational error belongs only to SPARC points,faint unconnected open nodes,RETAIN AS THE SCIENTIFIC NUMERIC OWNER,No physical continuous radial owner is inferred from these nodes.,LaTex/work/preprint/R154_SMOOTH_CURVE_SEMANTICS_CANDIDATE_v1/rotation/qa/R154_SMOOTH_CURVE_SEMANTICS_QA_v1.json:fig19_a:UGC10310:HRC-3,DIRECT_R154_ROTATION_QA,PASS_SUPPORTED_NO_UNKNOWN
fig:r123_atlas_f19a,UGC10310,MOND-standard__display_curve,display_only_residual_gated_PCHIP,"display-only curve; never used in fit, likelihood, residual, or source ordering",R154 residual-gated curvature regularisation of display nodes followed by shape-preserving PCHIP,dense in-domain display grid; no extrapolation,no statistical uncertainty; deterministic display residual recorded in R154 QA,smooth line plus separate faint source nodes,USE R154 DISPLAY-ONLY SUCCESSOR,"PASS: normalised RMS=0.2, normalised max=0.34624852262, new extrema=0, exact source hits=0; no topology/order/crossing violation.",LaTex/work/preprint/R154_SMOOTH_CURVE_SEMANTICS_CANDIDATE_v1/rotation/qa/R154_SMOOTH_CURVE_SEMANTICS_QA_v1.json:fig19_a:UGC10310:MOND-standard,DIRECT_R154_ROTATION_QA,PASS_SUPPORTED_NO_UNKNOWN
fig:r123_atlas_f19a,UGC10310,MOND-standard__source_nodes,sparse_nodes_unconnected,frozen conditional model ordinates at source radii,frozen R102/R127 rotation source arrays; scientific fits and residuals remain on these ordinates,7 irregular source radii; no extrapolation,none on model ordinates; observational error belongs only to SPARC points,faint unconnected open nodes,RETAIN AS THE SCIENTIFIC NUMERIC OWNER,No physical continuous radial owner is inferred from these nodes.,LaTex/work/preprint/R154_SMOOTH_CURVE_SEMANTICS_CANDIDATE_v1/rotation/qa/R154_SMOOTH_CURVE_SEMANTICS_QA_v1.json:fig19_a:UGC10310:MOND-standard,DIRECT_R154_ROTATION_QA,PASS_SUPPORTED_NO_UNKNOWN
fig:r123_atlas_f19a,UGC10310,NFW-fit__display_curve,display_only_residual_gated_PCHIP,"display-only curve; never used in fit, likelihood, residual, or source ordering",R154 residual-gated curvature regularisation of display nodes followed by shape-preserving PCHIP,dense in-domain display grid; no extrapolation,no statistical uncertainty; deterministic display residual recorded in R154 QA,smooth line plus separate faint source nodes,USE R154 DISPLAY-ONLY SUCCESSOR,"PASS: normalised RMS=0.2, normalised max=0.389981638677, new extrema=0, exact source hits=0; no topology/order/crossing violation.",LaTex/work/preprint/R154_SMOOTH_CURVE_SEMANTICS_CANDIDATE_v1/rotation/qa/R154_SMOOTH_CURVE_SEMANTICS_QA_v1.json:fig19_a:UGC10310:NFW-fit,DIRECT_R154_ROTATION_QA,PASS_SUPPORTED_NO_UNKNOWN
fig:r123_atlas_f19a,UGC10310,NFW-fit__source_nodes,statistical_fit/approximation,two-parameter NFW estimator evaluated at source radii,frozen R102/R127 rotation source arrays; scientific fits and residuals remain on these ordinates,7 irregular source radii; no extrapolation,none on model ordinates; observational error belongs only to SPARC points,faint unconnected open nodes,RETAIN AS THE SCIENTIFIC NUMERIC OWNER,No physical continuous radial owner is inferred from these nodes.,LaTex/work/preprint/R154_SMOOTH_CURVE_SEMANTICS_CANDIDATE_v1/rotation/qa/R154_SMOOTH_CURVE_SEMANTICS_QA_v1.json:fig19_a:UGC10310:NFW-fit,DIRECT_R154_ROTATION_QA,PASS_SUPPORTED_NO_UNKNOWN
fig:r123_atlas_f19a,UGC10310,SPARC_observed_velocity,observations_unconnected,external SPARC observations,"frozen SPARC radius, velocity and uncertainty columns used by the rotation owner",7 irregular observed radii for this panel,SPARC displayed velocity errors,black unconnected error-bar markers,USE R154 UNCONNECTED OBSERVATIONS,"No connector, interpolation, or smoothing is assigned to observations.",LaTex/work/preprint/R154_SMOOTH_CURVE_SEMANTICS_CANDIDATE_v1/rotation/qa/R154_SMOOTH_CURVE_SEMANTICS_QA_v1.json:fig19_a:UGC10310,DIRECT_R154_ROTATION_QA,PASS_SUPPORTED_NO_UNKNOWN
fig:r123_atlas_f19a,UGC10310,baryons__display_curve,display_only_residual_gated_PCHIP,"display-only curve; never used in fit, likelihood, residual, or source ordering",R154 residual-gated curvature regularisation of display nodes followed by shape-preserving PCHIP,dense in-domain display grid; no extrapolation,no statistical uncertainty; deterministic display residual recorded in R154 QA,smooth line plus separate faint source nodes,USE R154 DISPLAY-ONLY SUCCESSOR,"PASS: normalised RMS=0.2, normalised max=0.323384604346, new extrema=0, exact source hits=0; no topology/order/crossing violation.",LaTex/work/preprint/R154_SMOOTH_CURVE_SEMANTICS_CANDIDATE_v1/rotation/qa/R154_SMOOTH_CURVE_SEMANTICS_QA_v1.json:fig19_a:UGC10310:baryons,DIRECT_R154_ROTATION_QA,PASS_SUPPORTED_NO_UNKNOWN
fig:r123_atlas_f19a,UGC10310,baryons__source_nodes,sparse_nodes_unconnected,frozen conditional model ordinates at source radii,frozen R102/R127 rotation source arrays; scientific fits and residuals remain on these ordinates,7 irregular source radii; no extrapolation,none on model ordinates; observational error belongs only to SPARC points,faint unconnected open nodes,RETAIN AS THE SCIENTIFIC NUMERIC OWNER,No physical continuous radial owner is inferred from these nodes.,LaTex/work/preprint/R154_SMOOTH_CURVE_SEMANTICS_CANDIDATE_v1/rotation/qa/R154_SMOOTH_CURVE_SEMANTICS_QA_v1.json:fig19_a:UGC10310:baryons,DIRECT_R154_ROTATION_QA,PASS_SUPPORTED_NO_UNKNOWN
fig:r123_atlas_f19b,UGC02259,HRC-0__display_curve,display_only_residual_gated_PCHIP,"display-only curve; never used in fit, likelihood, residual, or source ordering",R154 residual-gated curvature regularisation of display nodes followed by shape-preserving PCHIP,dense in-domain display grid; no extrapolation,no statistical uncertainty; deterministic display residual recorded in R154 QA,smooth line plus separate faint source nodes,USE R154 DISPLAY-ONLY SUCCESSOR,"PASS: normalised RMS=0.2, normalised max=0.293538043916, new extrema=0, exact source hits=0; no topology/order/crossing violation.",LaTex/work/preprint/R154_SMOOTH_CURVE_SEMANTICS_CANDIDATE_v1/rotation/qa/R154_SMOOTH_CURVE_SEMANTICS_QA_v1.json:fig19_b:UGC02259:HRC-0,DIRECT_R154_ROTATION_QA,PASS_SUPPORTED_NO_UNKNOWN
fig:r123_atlas_f19b,UGC02259,HRC-0__source_nodes,sparse_nodes_unconnected,frozen conditional model ordinates at source radii,frozen R102/R127 rotation source arrays; scientific fits and residuals remain on these ordinates,8 irregular source radii; no extrapolation,none on model ordinates; observational error belongs only to SPARC points,faint unconnected open nodes,RETAIN AS THE SCIENTIFIC NUMERIC OWNER,No physical continuous radial owner is inferred from these nodes.,LaTex/work/preprint/R154_SMOOTH_CURVE_SEMANTICS_CANDIDATE_v1/rotation/qa/R154_SMOOTH_CURVE_SEMANTICS_QA_v1.json:fig19_b:UGC02259:HRC-0,DIRECT_R154_ROTATION_QA,PASS_SUPPORTED_NO_UNKNOWN
fig:r123_atlas_f19b,UGC02259,HRC-3__display_curve,display_only_residual_gated_PCHIP,"display-only curve; never used in fit, likelihood, residual, or source ordering",R154 residual-gated curvature regularisation of display nodes followed by shape-preserving PCHIP,dense in-domain display grid; no extrapolation,no statistical uncertainty; deterministic display residual recorded in R154 QA,smooth line plus separate faint source nodes,USE R154 DISPLAY-ONLY SUCCESSOR,"PASS: normalised RMS=0.2, normalised max=0.290951853215, new extrema=0, exact source hits=0; no topology/order/crossing violation.",LaTex/work/preprint/R154_SMOOTH_CURVE_SEMANTICS_CANDIDATE_v1/rotation/qa/R154_SMOOTH_CURVE_SEMANTICS_QA_v1.json:fig19_b:UGC02259:HRC-3,DIRECT_R154_ROTATION_QA,PASS_SUPPORTED_NO_UNKNOWN
fig:r123_atlas_f19b,UGC02259,HRC-3__source_nodes,sparse_nodes_unconnected,frozen conditional model ordinates at source radii,frozen R102/R127 rotation source arrays; scientific fits and residuals remain on these ordinates,8 irregular source radii; no extrapolation,none on model ordinates; observational error belongs only to SPARC points,faint unconnected open nodes,RETAIN AS THE SCIENTIFIC NUMERIC OWNER,No physical continuous radial owner is inferred from these nodes.,LaTex/work/preprint/R154_SMOOTH_CURVE_SEMANTICS_CANDIDATE_v1/rotation/qa/R154_SMOOTH_CURVE_SEMANTICS_QA_v1.json:fig19_b:UGC02259:HRC-3,DIRECT_R154_ROTATION_QA,PASS_SUPPORTED_NO_UNKNOWN
fig:r123_atlas_f19b,UGC02259,MOND-standard__display_curve,display_only_residual_gated_PCHIP,"display-only curve; never used in fit, likelihood, residual, or source ordering",R154 residual-gated curvature regularisation of display nodes followed by shape-preserving PCHIP,dense in-domain display grid; no extrapolation,no statistical uncertainty; deterministic display residual recorded in R154 QA,smooth line plus separate faint source nodes,USE R154 DISPLAY-ONLY SUCCESSOR,"PASS: normalised RMS=0.2, normalised max=0.292499169081, new extrema=0, exact source hits=0; no topology/order/crossing violation.",LaTex/work/preprint/R154_SMOOTH_CURVE_SEMANTICS_CANDIDATE_v1/rotation/qa/R154_SMOOTH_CURVE_SEMANTICS_QA_v1.json:fig19_b:UGC02259:MOND-standard,DIRECT_R154_ROTATION_QA,PASS_SUPPORTED_NO_UNKNOWN
fig:r123_atlas_f19b,UGC02259,MOND-standard__source_nodes,sparse_nodes_unconnected,frozen conditional model ordinates at source radii,frozen R102/R127 rotation source arrays; scientific fits and residuals remain on these ordinates,8 irregular source radii; no extrapolation,none on model ordinates; observational error belongs only to SPARC points,faint unconnected open nodes,RETAIN AS THE SCIENTIFIC NUMERIC OWNER,No physical continuous radial owner is inferred from these nodes.,LaTex/work/preprint/R154_SMOOTH_CURVE_SEMANTICS_CANDIDATE_v1/rotation/qa/R154_SMOOTH_CURVE_SEMANTICS_QA_v1.json:fig19_b:UGC02259:MOND-standard,DIRECT_R154_ROTATION_QA,PASS_SUPPORTED_NO_UNKNOWN
fig:r123_atlas_f19b,UGC02259,NFW-fit__display_curve,display_only_residual_gated_PCHIP,"display-only curve; never used in fit, likelihood, residual, or source ordering",R154 residual-gated curvature regularisation of display nodes followed by shape-preserving PCHIP,dense in-domain display grid; no extrapolation,no statistical uncertainty; deterministic display residual recorded in R154 QA,smooth line plus separate faint source nodes,USE R154 DISPLAY-ONLY SUCCESSOR,"PASS: normalised RMS=0.2, normalised max=0.440146804888, new extrema=0, exact source hits=0; no topology/order/crossing violation.",LaTex/work/preprint/R154_SMOOTH_CURVE_SEMANTICS_CANDIDATE_v1/rotation/qa/R154_SMOOTH_CURVE_SEMANTICS_QA_v1.json:fig19_b:UGC02259:NFW-fit,DIRECT_R154_ROTATION_QA,PASS_SUPPORTED_NO_UNKNOWN
fig:r123_atlas_f19b,UGC02259,NFW-fit__source_nodes,statistical_fit/approximation,two-parameter NFW estimator evaluated at source radii,frozen R102/R127 rotation source arrays; scientific fits and residuals remain on these ordinates,8 irregular source radii; no extrapolation,none on model ordinates; observational error belongs only to SPARC points,faint unconnected open nodes,RETAIN AS THE SCIENTIFIC NUMERIC OWNER,No physical continuous radial owner is inferred from these nodes.,LaTex/work/preprint/R154_SMOOTH_CURVE_SEMANTICS_CANDIDATE_v1/rotation/qa/R154_SMOOTH_CURVE_SEMANTICS_QA_v1.json:fig19_b:UGC02259:NFW-fit,DIRECT_R154_ROTATION_QA,PASS_SUPPORTED_NO_UNKNOWN
fig:r123_atlas_f19b,UGC02259,SPARC_observed_velocity,observations_unconnected,external SPARC observations,"frozen SPARC radius, velocity and uncertainty columns used by the rotation owner",8 irregular observed radii for this panel,SPARC displayed velocity errors,black unconnected error-bar markers,USE R154 UNCONNECTED OBSERVATIONS,"No connector, interpolation, or smoothing is assigned to observations.",LaTex/work/preprint/R154_SMOOTH_CURVE_SEMANTICS_CANDIDATE_v1/rotation/qa/R154_SMOOTH_CURVE_SEMANTICS_QA_v1.json:fig19_b:UGC02259,DIRECT_R154_ROTATION_QA,PASS_SUPPORTED_NO_UNKNOWN
fig:r123_atlas_f19b,UGC02259,baryons__display_curve,display_only_residual_gated_PCHIP,"display-only curve; never used in fit, likelihood, residual, or source ordering",R154 residual-gated curvature regularisation of display nodes followed by shape-preserving PCHIP,dense in-domain display grid; no extrapolation,no statistical uncertainty; deterministic display residual recorded in R154 QA,smooth line plus separate faint source nodes,USE R154 DISPLAY-ONLY SUCCESSOR,"PASS: normalised RMS=0.2, normalised max=0.277984318133, new extrema=0, exact source hits=0; no topology/order/crossing violation.",LaTex/work/preprint/R154_SMOOTH_CURVE_SEMANTICS_CANDIDATE_v1/rotation/qa/R154_SMOOTH_CURVE_SEMANTICS_QA_v1.json:fig19_b:UGC02259:baryons,DIRECT_R154_ROTATION_QA,PASS_SUPPORTED_NO_UNKNOWN
fig:r123_atlas_f19b,UGC02259,baryons__source_nodes,sparse_nodes_unconnected,frozen conditional model ordinates at source radii,frozen R102/R127 rotation source arrays; scientific fits and residuals remain on these ordinates,8 irregular source radii; no extrapolation,none on model ordinates; observational error belongs only to SPARC points,faint unconnected open nodes,RETAIN AS THE SCIENTIFIC NUMERIC OWNER,No physical continuous radial owner is inferred from these nodes.,LaTex/work/preprint/R154_SMOOTH_CURVE_SEMANTICS_CANDIDATE_v1/rotation/qa/R154_SMOOTH_CURVE_SEMANTICS_QA_v1.json:fig19_b:UGC02259:baryons,DIRECT_R154_ROTATION_QA,PASS_SUPPORTED_NO_UNKNOWN
fig:r123_atlas_f19b,UGC05005,HRC-0__display_curve,display_only_residual_gated_PCHIP,"display-only curve; never used in fit, likelihood, residual, or source ordering",R154 residual-gated curvature regularisation of display nodes followed by shape-preserving PCHIP,dense in-domain display grid; no extrapolation,no statistical uncertainty; deterministic display residual recorded in R154 QA,smooth line plus separate faint source nodes,USE R154 DISPLAY-ONLY SUCCESSOR,"PASS: normalised RMS=0.2, normalised max=0.388560903788, new extrema=0, exact source hits=0; no topology/order/crossing violation.",LaTex/work/preprint/R154_SMOOTH_CURVE_SEMANTICS_CANDIDATE_v1/rotation/qa/R154_SMOOTH_CURVE_SEMANTICS_QA_v1.json:fig19_b:UGC05005:HRC-0,DIRECT_R154_ROTATION_QA,PASS_SUPPORTED_NO_UNKNOWN
fig:r123_atlas_f19b,UGC05005,HRC-0__source_nodes,sparse_nodes_unconnected,frozen conditional model ordinates at source radii,frozen R102/R127 rotation source arrays; scientific fits and residuals remain on these ordinates,11 irregular source radii; no extrapolation,none on model ordinates; observational error belongs only to SPARC points,faint unconnected open nodes,RETAIN AS THE SCIENTIFIC NUMERIC OWNER,No physical continuous radial owner is inferred from these nodes.,LaTex/work/preprint/R154_SMOOTH_CURVE_SEMANTICS_CANDIDATE_v1/rotation/qa/R154_SMOOTH_CURVE_SEMANTICS_QA_v1.json:fig19_b:UGC05005:HRC-0,DIRECT_R154_ROTATION_QA,PASS_SUPPORTED_NO_UNKNOWN
fig:r123_atlas_f19b,UGC05005,HRC-3__display_curve,display_only_residual_gated_PCHIP,"display-only curve; never used in fit, likelihood, residual, or source ordering",R154 residual-gated curvature regularisation of display nodes followed by shape-preserving PCHIP,dense in-domain display grid; no extrapolation,no statistical uncertainty; deterministic display residual recorded in R154 QA,smooth line plus separate faint source nodes,USE R154 DISPLAY-ONLY SUCCESSOR,"PASS: normalised RMS=0.2, normalised max=0.370979890901, new extrema=0, exact source hits=0; no topology/order/crossing violation.",LaTex/work/preprint/R154_SMOOTH_CURVE_SEMANTICS_CANDIDATE_v1/rotation/qa/R154_SMOOTH_CURVE_SEMANTICS_QA_v1.json:fig19_b:UGC05005:HRC-3,DIRECT_R154_ROTATION_QA,PASS_SUPPORTED_NO_UNKNOWN
fig:r123_atlas_f19b,UGC05005,HRC-3__source_nodes,sparse_nodes_unconnected,frozen conditional model ordinates at source radii,frozen R102/R127 rotation source arrays; scientific fits and residuals remain on these ordinates,11 irregular source radii; no extrapolation,none on model ordinates; observational error belongs only to SPARC points,faint unconnected open nodes,RETAIN AS THE SCIENTIFIC NUMERIC OWNER,No physical continuous radial owner is inferred from these nodes.,LaTex/work/preprint/R154_SMOOTH_CURVE_SEMANTICS_CANDIDATE_v1/rotation/qa/R154_SMOOTH_CURVE_SEMANTICS_QA_v1.json:fig19_b:UGC05005:HRC-3,DIRECT_R154_ROTATION_QA,PASS_SUPPORTED_NO_UNKNOWN
fig:r123_atlas_f19b,UGC05005,MOND-standard__display_curve,display_only_residual_gated_PCHIP,"display-only curve; never used in fit, likelihood, residual, or source ordering",R154 residual-gated curvature regularisation of display nodes followed by shape-preserving PCHIP,dense in-domain display grid; no extrapolation,no statistical uncertainty; deterministic display residual recorded in R154 QA,smooth line plus separate faint source nodes,USE R154 DISPLAY-ONLY SUCCESSOR,"PASS: normalised RMS=0.2, normalised max=0.395894808959, new extrema=0, exact source hits=0; no topology/order/crossing violation.",LaTex/work/preprint/R154_SMOOTH_CURVE_SEMANTICS_CANDIDATE_v1/rotation/qa/R154_SMOOTH_CURVE_SEMANTICS_QA_v1.json:fig19_b:UGC05005:MOND-standard,DIRECT_R154_ROTATION_QA,PASS_SUPPORTED_NO_UNKNOWN
fig:r123_atlas_f19b,UGC05005,MOND-standard__source_nodes,sparse_nodes_unconnected,frozen conditional model ordinates at source radii,frozen R102/R127 rotation source arrays; scientific fits and residuals remain on these ordinates,11 irregular source radii; no extrapolation,none on model ordinates; observational error belongs only to SPARC points,faint unconnected open nodes,RETAIN AS THE SCIENTIFIC NUMERIC OWNER,No physical continuous radial owner is inferred from these nodes.,LaTex/work/preprint/R154_SMOOTH_CURVE_SEMANTICS_CANDIDATE_v1/rotation/qa/R154_SMOOTH_CURVE_SEMANTICS_QA_v1.json:fig19_b:UGC05005:MOND-standard,DIRECT_R154_ROTATION_QA,PASS_SUPPORTED_NO_UNKNOWN
fig:r123_atlas_f19b,UGC05005,NFW-fit__display_curve,display_only_residual_gated_PCHIP,"display-only curve; never used in fit, likelihood, residual, or source ordering",R154 residual-gated curvature regularisation of display nodes followed by shape-preserving PCHIP,dense in-domain display grid; no extrapolation,no statistical uncertainty; deterministic display residual recorded in R154 QA,smooth line plus separate faint source nodes,USE R154 DISPLAY-ONLY SUCCESSOR,"PASS: normalised RMS=0.2, normalised max=0.472248800912, new extrema=0, exact source hits=0; no topology/order/crossing violation.",LaTex/work/preprint/R154_SMOOTH_CURVE_SEMANTICS_CANDIDATE_v1/rotation/qa/R154_SMOOTH_CURVE_SEMANTICS_QA_v1.json:fig19_b:UGC05005:NFW-fit,DIRECT_R154_ROTATION_QA,PASS_SUPPORTED_NO_UNKNOWN
fig:r123_atlas_f19b,UGC05005,NFW-fit__source_nodes,statistical_fit/approximation,two-parameter NFW estimator evaluated at source radii,frozen R102/R127 rotation source arrays; scientific fits and residuals remain on these ordinates,11 irregular source radii; no extrapolation,none on model ordinates; observational error belongs only to SPARC points,faint unconnected open nodes,RETAIN AS THE SCIENTIFIC NUMERIC OWNER,No physical continuous radial owner is inferred from these nodes.,LaTex/work/preprint/R154_SMOOTH_CURVE_SEMANTICS_CANDIDATE_v1/rotation/qa/R154_SMOOTH_CURVE_SEMANTICS_QA_v1.json:fig19_b:UGC05005:NFW-fit,DIRECT_R154_ROTATION_QA,PASS_SUPPORTED_NO_UNKNOWN
fig:r123_atlas_f19b,UGC05005,SPARC_observed_velocity,observations_unconnected,external SPARC observations,"frozen SPARC radius, velocity and uncertainty columns used by the rotation owner",11 irregular observed radii for this panel,SPARC displayed velocity errors,black unconnected error-bar markers,USE R154 UNCONNECTED OBSERVATIONS,"No connector, interpolation, or smoothing is assigned to observations.",LaTex/work/preprint/R154_SMOOTH_CURVE_SEMANTICS_CANDIDATE_v1/rotation/qa/R154_SMOOTH_CURVE_SEMANTICS_QA_v1.json:fig19_b:UGC05005,DIRECT_R154_ROTATION_QA,PASS_SUPPORTED_NO_UNKNOWN
fig:r123_atlas_f19b,UGC05005,baryons__display_curve,display_only_residual_gated_PCHIP,"display-only curve; never used in fit, likelihood, residual, or source ordering",R154 residual-gated curvature regularisation of display nodes followed by shape-preserving PCHIP,dense in-domain display grid; no extrapolation,no statistical uncertainty; deterministic display residual recorded in R154 QA,smooth line plus separate faint source nodes,USE R154 DISPLAY-ONLY SUCCESSOR,"PASS: normalised RMS=0.2, normalised max=0.433571813669, new extrema=0, exact source hits=0; no topology/order/crossing violation.",LaTex/work/preprint/R154_SMOOTH_CURVE_SEMANTICS_CANDIDATE_v1/rotation/qa/R154_SMOOTH_CURVE_SEMANTICS_QA_v1.json:fig19_b:UGC05005:baryons,DIRECT_R154_ROTATION_QA,PASS_SUPPORTED_NO_UNKNOWN
fig:r123_atlas_f19b,UGC05005,baryons__source_nodes,sparse_nodes_unconnected,frozen conditional model ordinates at source radii,frozen R102/R127 rotation source arrays; scientific fits and residuals remain on these ordinates,11 irregular source radii; no extrapolation,none on model ordinates; observational error belongs only to SPARC points,faint unconnected open nodes,RETAIN AS THE SCIENTIFIC NUMERIC OWNER,No physical continuous radial owner is inferred from these nodes.,LaTex/work/preprint/R154_SMOOTH_CURVE_SEMANTICS_CANDIDATE_v1/rotation/qa/R154_SMOOTH_CURVE_SEMANTICS_QA_v1.json:fig19_b:UGC05005:baryons,DIRECT_R154_ROTATION_QA,PASS_SUPPORTED_NO_UNKNOWN
fig:r123_atlas_f19b,UGC05829,HRC-0__display_curve,display_only_residual_gated_PCHIP,"display-only curve; never used in fit, likelihood, residual, or source ordering",R154 residual-gated curvature regularisation of display nodes followed by shape-preserving PCHIP,dense in-domain display grid; no extrapolation,no statistical uncertainty; deterministic display residual recorded in R154 QA,smooth line plus separate faint source nodes,USE R154 DISPLAY-ONLY SUCCESSOR,"PASS: normalised RMS=0.2, normalised max=0.448259756168, new extrema=0, exact source hits=0; no topology/order/crossing violation.",LaTex/work/preprint/R154_SMOOTH_CURVE_SEMANTICS_CANDIDATE_v1/rotation/qa/R154_SMOOTH_CURVE_SEMANTICS_QA_v1.json:fig19_b:UGC05829:HRC-0,DIRECT_R154_ROTATION_QA,PASS_SUPPORTED_NO_UNKNOWN
fig:r123_atlas_f19b,UGC05829,HRC-0__source_nodes,sparse_nodes_unconnected,frozen conditional model ordinates at source radii,frozen R102/R127 rotation source arrays; scientific fits and residuals remain on these ordinates,11 irregular source radii; no extrapolation,none on model ordinates; observational error belongs only to SPARC points,faint unconnected open nodes,RETAIN AS THE SCIENTIFIC NUMERIC OWNER,No physical continuous radial owner is inferred from these nodes.,LaTex/work/preprint/R154_SMOOTH_CURVE_SEMANTICS_CANDIDATE_v1/rotation/qa/R154_SMOOTH_CURVE_SEMANTICS_QA_v1.json:fig19_b:UGC05829:HRC-0,DIRECT_R154_ROTATION_QA,PASS_SUPPORTED_NO_UNKNOWN
fig:r123_atlas_f19b,UGC05829,HRC-3__display_curve,display_only_residual_gated_PCHIP,"display-only curve; never used in fit, likelihood, residual, or source ordering",R154 residual-gated curvature regularisation of display nodes followed by shape-preserving PCHIP,dense in-domain display grid; no extrapolation,no statistical uncertainty; deterministic display residual recorded in R154 QA,smooth line plus separate faint source nodes,USE R154 DISPLAY-ONLY SUCCESSOR,"PASS: normalised RMS=0.2, normalised max=0.442968090241, new extrema=0, exact source hits=0; no topology/order/crossing violation.",LaTex/work/preprint/R154_SMOOTH_CURVE_SEMANTICS_CANDIDATE_v1/rotation/qa/R154_SMOOTH_CURVE_SEMANTICS_QA_v1.json:fig19_b:UGC05829:HRC-3,DIRECT_R154_ROTATION_QA,PASS_SUPPORTED_NO_UNKNOWN
fig:r123_atlas_f19b,UGC05829,HRC-3__source_nodes,sparse_nodes_unconnected,frozen conditional model ordinates at source radii,frozen R102/R127 rotation source arrays; scientific fits and residuals remain on these ordinates,11 irregular source radii; no extrapolation,none on model ordinates; observational error belongs only to SPARC points,faint unconnected open nodes,RETAIN AS THE SCIENTIFIC NUMERIC OWNER,No physical continuous radial owner is inferred from these nodes.,LaTex/work/preprint/R154_SMOOTH_CURVE_SEMANTICS_CANDIDATE_v1/rotation/qa/R154_SMOOTH_CURVE_SEMANTICS_QA_v1.json:fig19_b:UGC05829:HRC-3,DIRECT_R154_ROTATION_QA,PASS_SUPPORTED_NO_UNKNOWN
fig:r123_atlas_f19b,UGC05829,MOND-standard__display_curve,display_only_residual_gated_PCHIP,"display-only curve; never used in fit, likelihood, residual, or source ordering",R154 residual-gated curvature regularisation of display nodes followed by shape-preserving PCHIP,dense in-domain display grid; no extrapolation,no statistical uncertainty; deterministic display residual recorded in R154 QA,smooth line plus separate faint source nodes,USE R154 DISPLAY-ONLY SUCCESSOR,"PASS: normalised RMS=0.2, normalised max=0.44865816558, new extrema=0, exact source hits=0; no topology/order/crossing violation.",LaTex/work/preprint/R154_SMOOTH_CURVE_SEMANTICS_CANDIDATE_v1/rotation/qa/R154_SMOOTH_CURVE_SEMANTICS_QA_v1.json:fig19_b:UGC05829:MOND-standard,DIRECT_R154_ROTATION_QA,PASS_SUPPORTED_NO_UNKNOWN
fig:r123_atlas_f19b,UGC05829,MOND-standard__source_nodes,sparse_nodes_unconnected,frozen conditional model ordinates at source radii,frozen R102/R127 rotation source arrays; scientific fits and residuals remain on these ordinates,11 irregular source radii; no extrapolation,none on model ordinates; observational error belongs only to SPARC points,faint unconnected open nodes,RETAIN AS THE SCIENTIFIC NUMERIC OWNER,No physical continuous radial owner is inferred from these nodes.,LaTex/work/preprint/R154_SMOOTH_CURVE_SEMANTICS_CANDIDATE_v1/rotation/qa/R154_SMOOTH_CURVE_SEMANTICS_QA_v1.json:fig19_b:UGC05829:MOND-standard,DIRECT_R154_ROTATION_QA,PASS_SUPPORTED_NO_UNKNOWN
fig:r123_atlas_f19b,UGC05829,NFW-fit__display_curve,display_only_residual_gated_PCHIP,"display-only curve; never used in fit, likelihood, residual, or source ordering",R154 residual-gated curvature regularisation of display nodes followed by shape-preserving PCHIP,dense in-domain display grid; no extrapolation,no statistical uncertainty; deterministic display residual recorded in R154 QA,smooth line plus separate faint source nodes,USE R154 DISPLAY-ONLY SUCCESSOR,"PASS: normalised RMS=0.2, normalised max=0.404117960569, new extrema=0, exact source hits=0; no topology/order/crossing violation.",LaTex/work/preprint/R154_SMOOTH_CURVE_SEMANTICS_CANDIDATE_v1/rotation/qa/R154_SMOOTH_CURVE_SEMANTICS_QA_v1.json:fig19_b:UGC05829:NFW-fit,DIRECT_R154_ROTATION_QA,PASS_SUPPORTED_NO_UNKNOWN
fig:r123_atlas_f19b,UGC05829,NFW-fit__source_nodes,statistical_fit/approximation,two-parameter NFW estimator evaluated at source radii,frozen R102/R127 rotation source arrays; scientific fits and residuals remain on these ordinates,11 irregular source radii; no extrapolation,none on model ordinates; observational error belongs only to SPARC points,faint unconnected open nodes,RETAIN AS THE SCIENTIFIC NUMERIC OWNER,No physical continuous radial owner is inferred from these nodes.,LaTex/work/preprint/R154_SMOOTH_CURVE_SEMANTICS_CANDIDATE_v1/rotation/qa/R154_SMOOTH_CURVE_SEMANTICS_QA_v1.json:fig19_b:UGC05829:NFW-fit,DIRECT_R154_ROTATION_QA,PASS_SUPPORTED_NO_UNKNOWN
fig:r123_atlas_f19b,UGC05829,SPARC_observed_velocity,observations_unconnected,external SPARC observations,"frozen SPARC radius, velocity and uncertainty columns used by the rotation owner",11 irregular observed radii for this panel,SPARC displayed velocity errors,black unconnected error-bar markers,USE R154 UNCONNECTED OBSERVATIONS,"No connector, interpolation, or smoothing is assigned to observations.",LaTex/work/preprint/R154_SMOOTH_CURVE_SEMANTICS_CANDIDATE_v1/rotation/qa/R154_SMOOTH_CURVE_SEMANTICS_QA_v1.json:fig19_b:UGC05829,DIRECT_R154_ROTATION_QA,PASS_SUPPORTED_NO_UNKNOWN
fig:r123_atlas_f19b,UGC05829,baryons__display_curve,display_only_residual_gated_PCHIP,"display-only curve; never used in fit, likelihood, residual, or source ordering",R154 residual-gated curvature regularisation of display nodes followed by shape-preserving PCHIP,dense in-domain display grid; no extrapolation,no statistical uncertainty; deterministic display residual recorded in R154 QA,smooth line plus separate faint source nodes,USE R154 DISPLAY-ONLY SUCCESSOR,"PASS: normalised RMS=0.2, normalised max=0.428716891579, new extrema=0, exact source hits=0; no topology/order/crossing violation.",LaTex/work/preprint/R154_SMOOTH_CURVE_SEMANTICS_CANDIDATE_v1/rotation/qa/R154_SMOOTH_CURVE_SEMANTICS_QA_v1.json:fig19_b:UGC05829:baryons,DIRECT_R154_ROTATION_QA,PASS_SUPPORTED_NO_UNKNOWN
fig:r123_atlas_f19b,UGC05829,baryons__source_nodes,sparse_nodes_unconnected,frozen conditional model ordinates at source radii,frozen R102/R127 rotation source arrays; scientific fits and residuals remain on these ordinates,11 irregular source radii; no extrapolation,none on model ordinates; observational error belongs only to SPARC points,faint unconnected open nodes,RETAIN AS THE SCIENTIFIC NUMERIC OWNER,No physical continuous radial owner is inferred from these nodes.,LaTex/work/preprint/R154_SMOOTH_CURVE_SEMANTICS_CANDIDATE_v1/rotation/qa/R154_SMOOTH_CURVE_SEMANTICS_QA_v1.json:fig19_b:UGC05829:baryons,DIRECT_R154_ROTATION_QA,PASS_SUPPORTED_NO_UNKNOWN
fig:r123_atlas_f19b,UGC07603,HRC-0__display_curve,display_only_residual_gated_PCHIP,"display-only curve; never used in fit, likelihood, residual, or source ordering",R154 residual-gated curvature regularisation of display nodes followed by shape-preserving PCHIP,dense in-domain display grid; no extrapolation,no statistical uncertainty; deterministic display residual recorded in R154 QA,smooth line plus separate faint source nodes,USE R154 DISPLAY-ONLY SUCCESSOR,"PASS: normalised RMS=0.2, normalised max=0.448062871725, new extrema=0, exact source hits=0; no topology/order/crossing violation.",LaTex/work/preprint/R154_SMOOTH_CURVE_SEMANTICS_CANDIDATE_v1/rotation/qa/R154_SMOOTH_CURVE_SEMANTICS_QA_v1.json:fig19_b:UGC07603:HRC-0,DIRECT_R154_ROTATION_QA,PASS_SUPPORTED_NO_UNKNOWN
fig:r123_atlas_f19b,UGC07603,HRC-0__source_nodes,sparse_nodes_unconnected,frozen conditional model ordinates at source radii,frozen R102/R127 rotation source arrays; scientific fits and residuals remain on these ordinates,12 irregular source radii; no extrapolation,none on model ordinates; observational error belongs only to SPARC points,faint unconnected open nodes,RETAIN AS THE SCIENTIFIC NUMERIC OWNER,No physical continuous radial owner is inferred from these nodes.,LaTex/work/preprint/R154_SMOOTH_CURVE_SEMANTICS_CANDIDATE_v1/rotation/qa/R154_SMOOTH_CURVE_SEMANTICS_QA_v1.json:fig19_b:UGC07603:HRC-0,DIRECT_R154_ROTATION_QA,PASS_SUPPORTED_NO_UNKNOWN
fig:r123_atlas_f19b,UGC07603,HRC-3__display_curve,display_only_residual_gated_PCHIP,"display-only curve; never used in fit, likelihood, residual, or source ordering",R154 residual-gated curvature regularisation of display nodes followed by shape-preserving PCHIP,dense in-domain display grid; no extrapolation,no statistical uncertainty; deterministic display residual recorded in R154 QA,smooth line plus separate faint source nodes,USE R154 DISPLAY-ONLY SUCCESSOR,"PASS: normalised RMS=0.2, normalised max=0.44824656739, new extrema=0, exact source hits=0; no topology/order/crossing violation.",LaTex/work/preprint/R154_SMOOTH_CURVE_SEMANTICS_CANDIDATE_v1/rotation/qa/R154_SMOOTH_CURVE_SEMANTICS_QA_v1.json:fig19_b:UGC07603:HRC-3,DIRECT_R154_ROTATION_QA,PASS_SUPPORTED_NO_UNKNOWN
fig:r123_atlas_f19b,UGC07603,HRC-3__source_nodes,sparse_nodes_unconnected,frozen conditional model ordinates at source radii,frozen R102/R127 rotation source arrays; scientific fits and residuals remain on these ordinates,12 irregular source radii; no extrapolation,none on model ordinates; observational error belongs only to SPARC points,faint unconnected open nodes,RETAIN AS THE SCIENTIFIC NUMERIC OWNER,No physical continuous radial owner is inferred from these nodes.,LaTex/work/preprint/R154_SMOOTH_CURVE_SEMANTICS_CANDIDATE_v1/rotation/qa/R154_SMOOTH_CURVE_SEMANTICS_QA_v1.json:fig19_b:UGC07603:HRC-3,DIRECT_R154_ROTATION_QA,PASS_SUPPORTED_NO_UNKNOWN
fig:r123_atlas_f19b,UGC07603,MOND-standard__display_curve,display_only_residual_gated_PCHIP,"display-only curve; never used in fit, likelihood, residual, or source ordering",R154 residual-gated curvature regularisation of display nodes followed by shape-preserving PCHIP,dense in-domain display grid; no extrapolation,no statistical uncertainty; deterministic display residual recorded in R154 QA,smooth line plus separate faint source nodes,USE R154 DISPLAY-ONLY SUCCESSOR,"PASS: normalised RMS=0.2, normalised max=0.448197722048, new extrema=0, exact source hits=0; no topology/order/crossing violation.",LaTex/work/preprint/R154_SMOOTH_CURVE_SEMANTICS_CANDIDATE_v1/rotation/qa/R154_SMOOTH_CURVE_SEMANTICS_QA_v1.json:fig19_b:UGC07603:MOND-standard,DIRECT_R154_ROTATION_QA,PASS_SUPPORTED_NO_UNKNOWN
fig:r123_atlas_f19b,UGC07603,MOND-standard__source_nodes,sparse_nodes_unconnected,frozen conditional model ordinates at source radii,frozen R102/R127 rotation source arrays; scientific fits and residuals remain on these ordinates,12 irregular source radii; no extrapolation,none on model ordinates; observational error belongs only to SPARC points,faint unconnected open nodes,RETAIN AS THE SCIENTIFIC NUMERIC OWNER,No physical continuous radial owner is inferred from these nodes.,LaTex/work/preprint/R154_SMOOTH_CURVE_SEMANTICS_CANDIDATE_v1/rotation/qa/R154_SMOOTH_CURVE_SEMANTICS_QA_v1.json:fig19_b:UGC07603:MOND-standard,DIRECT_R154_ROTATION_QA,PASS_SUPPORTED_NO_UNKNOWN
fig:r123_atlas_f19b,UGC07603,NFW-fit__display_curve,display_only_residual_gated_PCHIP,"display-only curve; never used in fit, likelihood, residual, or source ordering",R154 residual-gated curvature regularisation of display nodes followed by shape-preserving PCHIP,dense in-domain display grid; no extrapolation,no statistical uncertainty; deterministic display residual recorded in R154 QA,smooth line plus separate faint source nodes,USE R154 DISPLAY-ONLY SUCCESSOR,"PASS: normalised RMS=0.2, normalised max=0.516987612272, new extrema=0, exact source hits=0; no topology/order/crossing violation.",LaTex/work/preprint/R154_SMOOTH_CURVE_SEMANTICS_CANDIDATE_v1/rotation/qa/R154_SMOOTH_CURVE_SEMANTICS_QA_v1.json:fig19_b:UGC07603:NFW-fit,DIRECT_R154_ROTATION_QA,PASS_SUPPORTED_NO_UNKNOWN
fig:r123_atlas_f19b,UGC07603,NFW-fit__source_nodes,statistical_fit/approximation,two-parameter NFW estimator evaluated at source radii,frozen R102/R127 rotation source arrays; scientific fits and residuals remain on these ordinates,12 irregular source radii; no extrapolation,none on model ordinates; observational error belongs only to SPARC points,faint unconnected open nodes,RETAIN AS THE SCIENTIFIC NUMERIC OWNER,No physical continuous radial owner is inferred from these nodes.,LaTex/work/preprint/R154_SMOOTH_CURVE_SEMANTICS_CANDIDATE_v1/rotation/qa/R154_SMOOTH_CURVE_SEMANTICS_QA_v1.json:fig19_b:UGC07603:NFW-fit,DIRECT_R154_ROTATION_QA,PASS_SUPPORTED_NO_UNKNOWN
fig:r123_atlas_f19b,UGC07603,SPARC_observed_velocity,observations_unconnected,external SPARC observations,"frozen SPARC radius, velocity and uncertainty columns used by the rotation owner",12 irregular observed radii for this panel,SPARC displayed velocity errors,black unconnected error-bar markers,USE R154 UNCONNECTED OBSERVATIONS,"No connector, interpolation, or smoothing is assigned to observations.",LaTex/work/preprint/R154_SMOOTH_CURVE_SEMANTICS_CANDIDATE_v1/rotation/qa/R154_SMOOTH_CURVE_SEMANTICS_QA_v1.json:fig19_b:UGC07603,DIRECT_R154_ROTATION_QA,PASS_SUPPORTED_NO_UNKNOWN
fig:r123_atlas_f19b,UGC07603,baryons__display_curve,display_only_residual_gated_PCHIP,"display-only curve; never used in fit, likelihood, residual, or source ordering",R154 residual-gated curvature regularisation of display nodes followed by shape-preserving PCHIP,dense in-domain display grid; no extrapolation,no statistical uncertainty; deterministic display residual recorded in R154 QA,smooth line plus separate faint source nodes,USE R154 DISPLAY-ONLY SUCCESSOR,"PASS: normalised RMS=0.2, normalised max=0.418272113659, new extrema=0, exact source hits=0; no topology/order/crossing violation.",LaTex/work/preprint/R154_SMOOTH_CURVE_SEMANTICS_CANDIDATE_v1/rotation/qa/R154_SMOOTH_CURVE_SEMANTICS_QA_v1.json:fig19_b:UGC07603:baryons,DIRECT_R154_ROTATION_QA,PASS_SUPPORTED_NO_UNKNOWN
fig:r123_atlas_f19b,UGC07603,baryons__source_nodes,sparse_nodes_unconnected,frozen conditional model ordinates at source radii,frozen R102/R127 rotation source arrays; scientific fits and residuals remain on these ordinates,12 irregular source radii; no extrapolation,none on model ordinates; observational error belongs only to SPARC points,faint unconnected open nodes,RETAIN AS THE SCIENTIFIC NUMERIC OWNER,No physical continuous radial owner is inferred from these nodes.,LaTex/work/preprint/R154_SMOOTH_CURVE_SEMANTICS_CANDIDATE_v1/rotation/qa/R154_SMOOTH_CURVE_SEMANTICS_QA_v1.json:fig19_b:UGC07603:baryons,DIRECT_R154_ROTATION_QA,PASS_SUPPORTED_NO_UNKNOWN
fig:r123_atlas_f19c,NGC0801,HRC-0__display_curve,display_only_residual_gated_PCHIP,"display-only curve; never used in fit, likelihood, residual, or source ordering",R154 residual-gated curvature regularisation of display nodes followed by shape-preserving PCHIP,dense in-domain display grid; no extrapolation,no statistical uncertainty; deterministic display residual recorded in R154 QA,smooth line plus separate faint source nodes,USE R154 DISPLAY-ONLY SUCCESSOR,"PASS: normalised RMS=0.2, normalised max=0.498810422135, new extrema=0, exact source hits=0; no topology/order/crossing violation.",LaTex/work/preprint/R154_SMOOTH_CURVE_SEMANTICS_CANDIDATE_v1/rotation/qa/R154_SMOOTH_CURVE_SEMANTICS_QA_v1.json:fig19_c:NGC0801:HRC-0,DIRECT_R154_ROTATION_QA,PASS_SUPPORTED_NO_UNKNOWN
fig:r123_atlas_f19c,NGC0801,HRC-0__source_nodes,sparse_nodes_unconnected,frozen conditional model ordinates at source radii,frozen R102/R127 rotation source arrays; scientific fits and residuals remain on these ordinates,13 irregular source radii; no extrapolation,none on model ordinates; observational error belongs only to SPARC points,faint unconnected open nodes,RETAIN AS THE SCIENTIFIC NUMERIC OWNER,No physical continuous radial owner is inferred from these nodes.,LaTex/work/preprint/R154_SMOOTH_CURVE_SEMANTICS_CANDIDATE_v1/rotation/qa/R154_SMOOTH_CURVE_SEMANTICS_QA_v1.json:fig19_c:NGC0801:HRC-0,DIRECT_R154_ROTATION_QA,PASS_SUPPORTED_NO_UNKNOWN
fig:r123_atlas_f19c,NGC0801,HRC-3__display_curve,display_only_residual_gated_PCHIP,"display-only curve; never used in fit, likelihood, residual, or source ordering",R154 residual-gated curvature regularisation of display nodes followed by shape-preserving PCHIP,dense in-domain display grid; no extrapolation,no statistical uncertainty; deterministic display residual recorded in R154 QA,smooth line plus separate faint source nodes,USE R154 DISPLAY-ONLY SUCCESSOR,"PASS: normalised RMS=0.2, normalised max=0.498859371037, new extrema=0, exact source hits=0; no topology/order/crossing violation.",LaTex/work/preprint/R154_SMOOTH_CURVE_SEMANTICS_CANDIDATE_v1/rotation/qa/R154_SMOOTH_CURVE_SEMANTICS_QA_v1.json:fig19_c:NGC0801:HRC-3,DIRECT_R154_ROTATION_QA,PASS_SUPPORTED_NO_UNKNOWN
fig:r123_atlas_f19c,NGC0801,HRC-3__source_nodes,sparse_nodes_unconnected,frozen conditional model ordinates at source radii,frozen R102/R127 rotation source arrays; scientific fits and residuals remain on these ordinates,13 irregular source radii; no extrapolation,none on model ordinates; observational error belongs only to SPARC points,faint unconnected open nodes,RETAIN AS THE SCIENTIFIC NUMERIC OWNER,No physical continuous radial owner is inferred from these nodes.,LaTex/work/preprint/R154_SMOOTH_CURVE_SEMANTICS_CANDIDATE_v1/rotation/qa/R154_SMOOTH_CURVE_SEMANTICS_QA_v1.json:fig19_c:NGC0801:HRC-3,DIRECT_R154_ROTATION_QA,PASS_SUPPORTED_NO_UNKNOWN
fig:r123_atlas_f19c,NGC0801,MOND-standard__display_curve,display_only_residual_gated_PCHIP,"display-only curve; never used in fit, likelihood, residual, or source ordering",R154 residual-gated curvature regularisation of display nodes followed by shape-preserving PCHIP,dense in-domain display grid; no extrapolation,no statistical uncertainty; deterministic display residual recorded in R154 QA,smooth line plus separate faint source nodes,USE R154 DISPLAY-ONLY SUCCESSOR,"PASS: normalised RMS=0.2, normalised max=0.499756773395, new extrema=0, exact source hits=0; no topology/order/crossing violation.",LaTex/work/preprint/R154_SMOOTH_CURVE_SEMANTICS_CANDIDATE_v1/rotation/qa/R154_SMOOTH_CURVE_SEMANTICS_QA_v1.json:fig19_c:NGC0801:MOND-standard,DIRECT_R154_ROTATION_QA,PASS_SUPPORTED_NO_UNKNOWN
fig:r123_atlas_f19c,NGC0801,MOND-standard__source_nodes,sparse_nodes_unconnected,frozen conditional model ordinates at source radii,frozen R102/R127 rotation source arrays; scientific fits and residuals remain on these ordinates,13 irregular source radii; no extrapolation,none on model ordinates; observational error belongs only to SPARC points,faint unconnected open nodes,RETAIN AS THE SCIENTIFIC NUMERIC OWNER,No physical continuous radial owner is inferred from these nodes.,LaTex/work/preprint/R154_SMOOTH_CURVE_SEMANTICS_CANDIDATE_v1/rotation/qa/R154_SMOOTH_CURVE_SEMANTICS_QA_v1.json:fig19_c:NGC0801:MOND-standard,DIRECT_R154_ROTATION_QA,PASS_SUPPORTED_NO_UNKNOWN
fig:r123_atlas_f19c,NGC0801,NFW-fit__display_curve,display_only_residual_gated_PCHIP,"display-only curve; never used in fit, likelihood, residual, or source ordering",R154 residual-gated curvature regularisation of display nodes followed by shape-preserving PCHIP,dense in-domain display grid; no extrapolation,no statistical uncertainty; deterministic display residual recorded in R154 QA,smooth line plus separate faint source nodes,USE R154 DISPLAY-ONLY SUCCESSOR,"PASS: normalised RMS=0.2, normalised max=0.500340356693, new extrema=0, exact source hits=0; no topology/order/crossing violation.",LaTex/work/preprint/R154_SMOOTH_CURVE_SEMANTICS_CANDIDATE_v1/rotation/qa/R154_SMOOTH_CURVE_SEMANTICS_QA_v1.json:fig19_c:NGC0801:NFW-fit,DIRECT_R154_ROTATION_QA,PASS_SUPPORTED_NO_UNKNOWN
fig:r123_atlas_f19c,NGC0801,NFW-fit__source_nodes,statistical_fit/approximation,two-parameter NFW estimator evaluated at source radii,frozen R102/R127 rotation source arrays; scientific fits and residuals remain on these ordinates,13 irregular source radii; no extrapolation,none on model ordinates; observational error belongs only to SPARC points,faint unconnected open nodes,RETAIN AS THE SCIENTIFIC NUMERIC OWNER,No physical continuous radial owner is inferred from these nodes.,LaTex/work/preprint/R154_SMOOTH_CURVE_SEMANTICS_CANDIDATE_v1/rotation/qa/R154_SMOOTH_CURVE_SEMANTICS_QA_v1.json:fig19_c:NGC0801:NFW-fit,DIRECT_R154_ROTATION_QA,PASS_SUPPORTED_NO_UNKNOWN
fig:r123_atlas_f19c,NGC0801,SPARC_observed_velocity,observations_unconnected,external SPARC observations,"frozen SPARC radius, velocity and uncertainty columns used by the rotation owner",13 irregular observed radii for this panel,SPARC displayed velocity errors,black unconnected error-bar markers,USE R154 UNCONNECTED OBSERVATIONS,"No connector, interpolation, or smoothing is assigned to observations.",LaTex/work/preprint/R154_SMOOTH_CURVE_SEMANTICS_CANDIDATE_v1/rotation/qa/R154_SMOOTH_CURVE_SEMANTICS_QA_v1.json:fig19_c:NGC0801,DIRECT_R154_ROTATION_QA,PASS_SUPPORTED_NO_UNKNOWN
fig:r123_atlas_f19c,NGC0801,baryons__display_curve,display_only_residual_gated_PCHIP,"display-only curve; never used in fit, likelihood, residual, or source ordering",R154 residual-gated curvature regularisation of display nodes followed by shape-preserving PCHIP,dense in-domain display grid; no extrapolation,no statistical uncertainty; deterministic display residual recorded in R154 QA,smooth line plus separate faint source nodes,USE R154 DISPLAY-ONLY SUCCESSOR,"PASS: normalised RMS=0.2, normalised max=0.498203876144, new extrema=0, exact source hits=0; no topology/order/crossing violation.",LaTex/work/preprint/R154_SMOOTH_CURVE_SEMANTICS_CANDIDATE_v1/rotation/qa/R154_SMOOTH_CURVE_SEMANTICS_QA_v1.json:fig19_c:NGC0801:baryons,DIRECT_R154_ROTATION_QA,PASS_SUPPORTED_NO_UNKNOWN
fig:r123_atlas_f19c,NGC0801,baryons__source_nodes,sparse_nodes_unconnected,frozen conditional model ordinates at source radii,frozen R102/R127 rotation source arrays; scientific fits and residuals remain on these ordinates,13 irregular source radii; no extrapolation,none on model ordinates; observational error belongs only to SPARC points,faint unconnected open nodes,RETAIN AS THE SCIENTIFIC NUMERIC OWNER,No physical continuous radial owner is inferred from these nodes.,LaTex/work/preprint/R154_SMOOTH_CURVE_SEMANTICS_CANDIDATE_v1/rotation/qa/R154_SMOOTH_CURVE_SEMANTICS_QA_v1.json:fig19_c:NGC0801:baryons,DIRECT_R154_ROTATION_QA,PASS_SUPPORTED_NO_UNKNOWN
fig:r123_atlas_f19c,NGC3769,HRC-0__display_curve,display_only_residual_gated_PCHIP,"display-only curve; never used in fit, likelihood, residual, or source ordering",R154 residual-gated curvature regularisation of display nodes followed by shape-preserving PCHIP,dense in-domain display grid; no extrapolation,no statistical uncertainty; deterministic display residual recorded in R154 QA,smooth line plus separate faint source nodes,USE R154 DISPLAY-ONLY SUCCESSOR,"PASS: normalised RMS=0.2, normalised max=0.573400421416, new extrema=0, exact source hits=0; no topology/order/crossing violation.",LaTex/work/preprint/R154_SMOOTH_CURVE_SEMANTICS_CANDIDATE_v1/rotation/qa/R154_SMOOTH_CURVE_SEMANTICS_QA_v1.json:fig19_c:NGC3769:HRC-0,DIRECT_R154_ROTATION_QA,PASS_SUPPORTED_NO_UNKNOWN
fig:r123_atlas_f19c,NGC3769,HRC-0__source_nodes,sparse_nodes_unconnected,frozen conditional model ordinates at source radii,frozen R102/R127 rotation source arrays; scientific fits and residuals remain on these ordinates,12 irregular source radii; no extrapolation,none on model ordinates; observational error belongs only to SPARC points,faint unconnected open nodes,RETAIN AS THE SCIENTIFIC NUMERIC OWNER,No physical continuous radial owner is inferred from these nodes.,LaTex/work/preprint/R154_SMOOTH_CURVE_SEMANTICS_CANDIDATE_v1/rotation/qa/R154_SMOOTH_CURVE_SEMANTICS_QA_v1.json:fig19_c:NGC3769:HRC-0,DIRECT_R154_ROTATION_QA,PASS_SUPPORTED_NO_UNKNOWN
fig:r123_atlas_f19c,NGC3769,HRC-3__display_curve,display_only_residual_gated_PCHIP,"display-only curve; never used in fit, likelihood, residual, or source ordering",R154 residual-gated curvature regularisation of display nodes followed by shape-preserving PCHIP,dense in-domain display grid; no extrapolation,no statistical uncertainty; deterministic display residual recorded in R154 QA,smooth line plus separate faint source nodes,USE R154 DISPLAY-ONLY SUCCESSOR,"PASS: normalised RMS=0.2, normalised max=0.572956968221, new extrema=0, exact source hits=0; no topology/order/crossing violation.",LaTex/work/preprint/R154_SMOOTH_CURVE_SEMANTICS_CANDIDATE_v1/rotation/qa/R154_SMOOTH_CURVE_SEMANTICS_QA_v1.json:fig19_c:NGC3769:HRC-3,DIRECT_R154_ROTATION_QA,PASS_SUPPORTED_NO_UNKNOWN
fig:r123_atlas_f19c,NGC3769,HRC-3__source_nodes,sparse_nodes_unconnected,frozen conditional model ordinates at source radii,frozen R102/R127 rotation source arrays; scientific fits and residuals remain on these ordinates,12 irregular source radii; no extrapolation,none on model ordinates; observational error belongs only to SPARC points,faint unconnected open nodes,RETAIN AS THE SCIENTIFIC NUMERIC OWNER,No physical continuous radial owner is inferred from these nodes.,LaTex/work/preprint/R154_SMOOTH_CURVE_SEMANTICS_CANDIDATE_v1/rotation/qa/R154_SMOOTH_CURVE_SEMANTICS_QA_v1.json:fig19_c:NGC3769:HRC-3,DIRECT_R154_ROTATION_QA,PASS_SUPPORTED_NO_UNKNOWN
fig:r123_atlas_f19c,NGC3769,MOND-standard__display_curve,display_only_residual_gated_PCHIP,"display-only curve; never used in fit, likelihood, residual, or source ordering",R154 residual-gated curvature regularisation of display nodes followed by shape-preserving PCHIP,dense in-domain display grid; no extrapolation,no statistical uncertainty; deterministic display residual recorded in R154 QA,smooth line plus separate faint source nodes,USE R154 DISPLAY-ONLY SUCCESSOR,"PASS: normalised RMS=0.2, normalised max=0.573686289273, new extrema=0, exact source hits=0; no topology/order/crossing violation.",LaTex/work/preprint/R154_SMOOTH_CURVE_SEMANTICS_CANDIDATE_v1/rotation/qa/R154_SMOOTH_CURVE_SEMANTICS_QA_v1.json:fig19_c:NGC3769:MOND-standard,DIRECT_R154_ROTATION_QA,PASS_SUPPORTED_NO_UNKNOWN
fig:r123_atlas_f19c,NGC3769,MOND-standard__source_nodes,sparse_nodes_unconnected,frozen conditional model ordinates at source radii,frozen R102/R127 rotation source arrays; scientific fits and residuals remain on these ordinates,12 irregular source radii; no extrapolation,none on model ordinates; observational error belongs only to SPARC points,faint unconnected open nodes,RETAIN AS THE SCIENTIFIC NUMERIC OWNER,No physical continuous radial owner is inferred from these nodes.,LaTex/work/preprint/R154_SMOOTH_CURVE_SEMANTICS_CANDIDATE_v1/rotation/qa/R154_SMOOTH_CURVE_SEMANTICS_QA_v1.json:fig19_c:NGC3769:MOND-standard,DIRECT_R154_ROTATION_QA,PASS_SUPPORTED_NO_UNKNOWN
fig:r123_atlas_f19c,NGC3769,NFW-fit__display_curve,display_only_residual_gated_PCHIP,"display-only curve; never used in fit, likelihood, residual, or source ordering",R154 residual-gated curvature regularisation of display nodes followed by shape-preserving PCHIP,dense in-domain display grid; no extrapolation,no statistical uncertainty; deterministic display residual recorded in R154 QA,smooth line plus separate faint source nodes,USE R154 DISPLAY-ONLY SUCCESSOR,"PASS: normalised RMS=0.2, normalised max=0.574288933949, new extrema=0, exact source hits=0; no topology/order/crossing violation.",LaTex/work/preprint/R154_SMOOTH_CURVE_SEMANTICS_CANDIDATE_v1/rotation/qa/R154_SMOOTH_CURVE_SEMANTICS_QA_v1.json:fig19_c:NGC3769:NFW-fit,DIRECT_R154_ROTATION_QA,PASS_SUPPORTED_NO_UNKNOWN
fig:r123_atlas_f19c,NGC3769,NFW-fit__source_nodes,statistical_fit/approximation,two-parameter NFW estimator evaluated at source radii,frozen R102/R127 rotation source arrays; scientific fits and residuals remain on these ordinates,12 irregular source radii; no extrapolation,none on model ordinates; observational error belongs only to SPARC points,faint unconnected open nodes,RETAIN AS THE SCIENTIFIC NUMERIC OWNER,No physical continuous radial owner is inferred from these nodes.,LaTex/work/preprint/R154_SMOOTH_CURVE_SEMANTICS_CANDIDATE_v1/rotation/qa/R154_SMOOTH_CURVE_SEMANTICS_QA_v1.json:fig19_c:NGC3769:NFW-fit,DIRECT_R154_ROTATION_QA,PASS_SUPPORTED_NO_UNKNOWN
fig:r123_atlas_f19c,NGC3769,SPARC_observed_velocity,observations_unconnected,external SPARC observations,"frozen SPARC radius, velocity and uncertainty columns used by the rotation owner",12 irregular observed radii for this panel,SPARC displayed velocity errors,black unconnected error-bar markers,USE R154 UNCONNECTED OBSERVATIONS,"No connector, interpolation, or smoothing is assigned to observations.",LaTex/work/preprint/R154_SMOOTH_CURVE_SEMANTICS_CANDIDATE_v1/rotation/qa/R154_SMOOTH_CURVE_SEMANTICS_QA_v1.json:fig19_c:NGC3769,DIRECT_R154_ROTATION_QA,PASS_SUPPORTED_NO_UNKNOWN
fig:r123_atlas_f19c,NGC3769,baryons__display_curve,display_only_residual_gated_PCHIP,"display-only curve; never used in fit, likelihood, residual, or source ordering",R154 residual-gated curvature regularisation of display nodes followed by shape-preserving PCHIP,dense in-domain display grid; no extrapolation,no statistical uncertainty; deterministic display residual recorded in R154 QA,smooth line plus separate faint source nodes,USE R154 DISPLAY-ONLY SUCCESSOR,"PASS: normalised RMS=0.2, normalised max=0.574662883034, new extrema=0, exact source hits=0; no topology/order/crossing violation.",LaTex/work/preprint/R154_SMOOTH_CURVE_SEMANTICS_CANDIDATE_v1/rotation/qa/R154_SMOOTH_CURVE_SEMANTICS_QA_v1.json:fig19_c:NGC3769:baryons,DIRECT_R154_ROTATION_QA,PASS_SUPPORTED_NO_UNKNOWN
fig:r123_atlas_f19c,NGC3769,baryons__source_nodes,sparse_nodes_unconnected,frozen conditional model ordinates at source radii,frozen R102/R127 rotation source arrays; scientific fits and residuals remain on these ordinates,12 irregular source radii; no extrapolation,none on model ordinates; observational error belongs only to SPARC points,faint unconnected open nodes,RETAIN AS THE SCIENTIFIC NUMERIC OWNER,No physical continuous radial owner is inferred from these nodes.,LaTex/work/preprint/R154_SMOOTH_CURVE_SEMANTICS_CANDIDATE_v1/rotation/qa/R154_SMOOTH_CURVE_SEMANTICS_QA_v1.json:fig19_c:NGC3769:baryons,DIRECT_R154_ROTATION_QA,PASS_SUPPORTED_NO_UNKNOWN
fig:r123_atlas_f19c,NGC4013,HRC-0__display_curve,display_only_residual_gated_PCHIP,"display-only curve; never used in fit, likelihood, residual, or source ordering",R154 residual-gated curvature regularisation of display nodes followed by shape-preserving PCHIP,dense in-domain display grid; no extrapolation,no statistical uncertainty; deterministic display residual recorded in R154 QA,smooth line plus separate faint source nodes,USE R154 DISPLAY-ONLY SUCCESSOR,"PASS: normalised RMS=0.2, normalised max=0.590926499171, new extrema=0, exact source hits=0; no topology/order/crossing violation.",LaTex/work/preprint/R154_SMOOTH_CURVE_SEMANTICS_CANDIDATE_v1/rotation/qa/R154_SMOOTH_CURVE_SEMANTICS_QA_v1.json:fig19_c:NGC4013:HRC-0,DIRECT_R154_ROTATION_QA,PASS_SUPPORTED_NO_UNKNOWN
fig:r123_atlas_f19c,NGC4013,HRC-0__source_nodes,sparse_nodes_unconnected,frozen conditional model ordinates at source radii,frozen R102/R127 rotation source arrays; scientific fits and residuals remain on these ordinates,36 irregular source radii; no extrapolation,none on model ordinates; observational error belongs only to SPARC points,faint unconnected open nodes,RETAIN AS THE SCIENTIFIC NUMERIC OWNER,No physical continuous radial owner is inferred from these nodes.,LaTex/work/preprint/R154_SMOOTH_CURVE_SEMANTICS_CANDIDATE_v1/rotation/qa/R154_SMOOTH_CURVE_SEMANTICS_QA_v1.json:fig19_c:NGC4013:HRC-0,DIRECT_R154_ROTATION_QA,PASS_SUPPORTED_NO_UNKNOWN
fig:r123_atlas_f19c,NGC4013,HRC-3__display_curve,display_only_residual_gated_PCHIP,"display-only curve; never used in fit, likelihood, residual, or source ordering",R154 residual-gated curvature regularisation of display nodes followed by shape-preserving PCHIP,dense in-domain display grid; no extrapolation,no statistical uncertainty; deterministic display residual recorded in R154 QA,smooth line plus separate faint source nodes,USE R154 DISPLAY-ONLY SUCCESSOR,"PASS: normalised RMS=0.2, normalised max=0.576071609026, new extrema=0, exact source hits=0; no topology/order/crossing violation.",LaTex/work/preprint/R154_SMOOTH_CURVE_SEMANTICS_CANDIDATE_v1/rotation/qa/R154_SMOOTH_CURVE_SEMANTICS_QA_v1.json:fig19_c:NGC4013:HRC-3,DIRECT_R154_ROTATION_QA,PASS_SUPPORTED_NO_UNKNOWN
fig:r123_atlas_f19c,NGC4013,HRC-3__source_nodes,sparse_nodes_unconnected,frozen conditional model ordinates at source radii,frozen R102/R127 rotation source arrays; scientific fits and residuals remain on these ordinates,36 irregular source radii; no extrapolation,none on model ordinates; observational error belongs only to SPARC points,faint unconnected open nodes,RETAIN AS THE SCIENTIFIC NUMERIC OWNER,No physical continuous radial owner is inferred from these nodes.,LaTex/work/preprint/R154_SMOOTH_CURVE_SEMANTICS_CANDIDATE_v1/rotation/qa/R154_SMOOTH_CURVE_SEMANTICS_QA_v1.json:fig19_c:NGC4013:HRC-3,DIRECT_R154_ROTATION_QA,PASS_SUPPORTED_NO_UNKNOWN
fig:r123_atlas_f19c,NGC4013,MOND-standard__display_curve,display_only_residual_gated_PCHIP,"display-only curve; never used in fit, likelihood, residual, or source ordering",R154 residual-gated curvature regularisation of display nodes followed by shape-preserving PCHIP,dense in-domain display grid; no extrapolation,no statistical uncertainty; deterministic display residual recorded in R154 QA,smooth line plus separate faint source nodes,USE R154 DISPLAY-ONLY SUCCESSOR,"PASS: normalised RMS=0.2, normalised max=0.593579257888, new extrema=0, exact source hits=0; no topology/order/crossing violation.",LaTex/work/preprint/R154_SMOOTH_CURVE_SEMANTICS_CANDIDATE_v1/rotation/qa/R154_SMOOTH_CURVE_SEMANTICS_QA_v1.json:fig19_c:NGC4013:MOND-standard,DIRECT_R154_ROTATION_QA,PASS_SUPPORTED_NO_UNKNOWN
fig:r123_atlas_f19c,NGC4013,MOND-standard__source_nodes,sparse_nodes_unconnected,frozen conditional model ordinates at source radii,frozen R102/R127 rotation source arrays; scientific fits and residuals remain on these ordinates,36 irregular source radii; no extrapolation,none on model ordinates; observational error belongs only to SPARC points,faint unconnected open nodes,RETAIN AS THE SCIENTIFIC NUMERIC OWNER,No physical continuous radial owner is inferred from these nodes.,LaTex/work/preprint/R154_SMOOTH_CURVE_SEMANTICS_CANDIDATE_v1/rotation/qa/R154_SMOOTH_CURVE_SEMANTICS_QA_v1.json:fig19_c:NGC4013:MOND-standard,DIRECT_R154_ROTATION_QA,PASS_SUPPORTED_NO_UNKNOWN
fig:r123_atlas_f19c,NGC4013,NFW-fit__display_curve,display_only_residual_gated_PCHIP,"display-only curve; never used in fit, likelihood, residual, or source ordering",R154 residual-gated curvature regularisation of display nodes followed by shape-preserving PCHIP,dense in-domain display grid; no extrapolation,no statistical uncertainty; deterministic display residual recorded in R154 QA,smooth line plus separate faint source nodes,USE R154 DISPLAY-ONLY SUCCESSOR,"PASS: normalised RMS=0.2, normalised max=0.621275592637, new extrema=0, exact source hits=0; no topology/order/crossing violation.",LaTex/work/preprint/R154_SMOOTH_CURVE_SEMANTICS_CANDIDATE_v1/rotation/qa/R154_SMOOTH_CURVE_SEMANTICS_QA_v1.json:fig19_c:NGC4013:NFW-fit,DIRECT_R154_ROTATION_QA,PASS_SUPPORTED_NO_UNKNOWN
fig:r123_atlas_f19c,NGC4013,NFW-fit__source_nodes,statistical_fit/approximation,two-parameter NFW estimator evaluated at source radii,frozen R102/R127 rotation source arrays; scientific fits and residuals remain on these ordinates,36 irregular source radii; no extrapolation,none on model ordinates; observational error belongs only to SPARC points,faint unconnected open nodes,RETAIN AS THE SCIENTIFIC NUMERIC OWNER,No physical continuous radial owner is inferred from these nodes.,LaTex/work/preprint/R154_SMOOTH_CURVE_SEMANTICS_CANDIDATE_v1/rotation/qa/R154_SMOOTH_CURVE_SEMANTICS_QA_v1.json:fig19_c:NGC4013:NFW-fit,DIRECT_R154_ROTATION_QA,PASS_SUPPORTED_NO_UNKNOWN
fig:r123_atlas_f19c,NGC4013,SPARC_observed_velocity,observations_unconnected,external SPARC observations,"frozen SPARC radius, velocity and uncertainty columns used by the rotation owner",36 irregular observed radii for this panel,SPARC displayed velocity errors,black unconnected error-bar markers,USE R154 UNCONNECTED OBSERVATIONS,"No connector, interpolation, or smoothing is assigned to observations.",LaTex/work/preprint/R154_SMOOTH_CURVE_SEMANTICS_CANDIDATE_v1/rotation/qa/R154_SMOOTH_CURVE_SEMANTICS_QA_v1.json:fig19_c:NGC4013,DIRECT_R154_ROTATION_QA,PASS_SUPPORTED_NO_UNKNOWN
fig:r123_atlas_f19c,NGC4013,baryons__display_curve,display_only_residual_gated_PCHIP,"display-only curve; never used in fit, likelihood, residual, or source ordering",R154 residual-gated curvature regularisation of display nodes followed by shape-preserving PCHIP,dense in-domain display grid; no extrapolation,no statistical uncertainty; deterministic display residual recorded in R154 QA,smooth line plus separate faint source nodes,USE R154 DISPLAY-ONLY SUCCESSOR,"PASS: normalised RMS=0.2, normalised max=0.573553484626, new extrema=0, exact source hits=0; no topology/order/crossing violation.",LaTex/work/preprint/R154_SMOOTH_CURVE_SEMANTICS_CANDIDATE_v1/rotation/qa/R154_SMOOTH_CURVE_SEMANTICS_QA_v1.json:fig19_c:NGC4013:baryons,DIRECT_R154_ROTATION_QA,PASS_SUPPORTED_NO_UNKNOWN
fig:r123_atlas_f19c,NGC4013,baryons__source_nodes,sparse_nodes_unconnected,frozen conditional model ordinates at source radii,frozen R102/R127 rotation source arrays; scientific fits and residuals remain on these ordinates,36 irregular source radii; no extrapolation,none on model ordinates; observational error belongs only to SPARC points,faint unconnected open nodes,RETAIN AS THE SCIENTIFIC NUMERIC OWNER,No physical continuous radial owner is inferred from these nodes.,LaTex/work/preprint/R154_SMOOTH_CURVE_SEMANTICS_CANDIDATE_v1/rotation/qa/R154_SMOOTH_CURVE_SEMANTICS_QA_v1.json:fig19_c:NGC4013:baryons,DIRECT_R154_ROTATION_QA,PASS_SUPPORTED_NO_UNKNOWN
fig:r123_atlas_f19c,NGC4088,HRC-0__display_curve,display_only_residual_gated_PCHIP,"display-only curve; never used in fit, likelihood, residual, or source ordering",R154 residual-gated curvature regularisation of display nodes followed by shape-preserving PCHIP,dense in-domain display grid; no extrapolation,no statistical uncertainty; deterministic display residual recorded in R154 QA,smooth line plus separate faint source nodes,USE R154 DISPLAY-ONLY SUCCESSOR,"PASS: normalised RMS=0.2, normalised max=0.411797516311, new extrema=0, exact source hits=0; no topology/order/crossing violation.",LaTex/work/preprint/R154_SMOOTH_CURVE_SEMANTICS_CANDIDATE_v1/rotation/qa/R154_SMOOTH_CURVE_SEMANTICS_QA_v1.json:fig19_c:NGC4088:HRC-0,DIRECT_R154_ROTATION_QA,PASS_SUPPORTED_NO_UNKNOWN
fig:r123_atlas_f19c,NGC4088,HRC-0__source_nodes,sparse_nodes_unconnected,frozen conditional model ordinates at source radii,frozen R102/R127 rotation source arrays; scientific fits and residuals remain on these ordinates,12 irregular source radii; no extrapolation,none on model ordinates; observational error belongs only to SPARC points,faint unconnected open nodes,RETAIN AS THE SCIENTIFIC NUMERIC OWNER,No physical continuous radial owner is inferred from these nodes.,LaTex/work/preprint/R154_SMOOTH_CURVE_SEMANTICS_CANDIDATE_v1/rotation/qa/R154_SMOOTH_CURVE_SEMANTICS_QA_v1.json:fig19_c:NGC4088:HRC-0,DIRECT_R154_ROTATION_QA,PASS_SUPPORTED_NO_UNKNOWN
fig:r123_atlas_f19c,NGC4088,HRC-3__display_curve,display_only_residual_gated_PCHIP,"display-only curve; never used in fit, likelihood, residual, or source ordering",R154 residual-gated curvature regularisation of display nodes followed by shape-preserving PCHIP,dense in-domain display grid; no extrapolation,no statistical uncertainty; deterministic display residual recorded in R154 QA,smooth line plus separate faint source nodes,USE R154 DISPLAY-ONLY SUCCESSOR,"PASS: normalised RMS=0.2, normalised max=0.412163166603, new extrema=0, exact source hits=0; no topology/order/crossing violation.",LaTex/work/preprint/R154_SMOOTH_CURVE_SEMANTICS_CANDIDATE_v1/rotation/qa/R154_SMOOTH_CURVE_SEMANTICS_QA_v1.json:fig19_c:NGC4088:HRC-3,DIRECT_R154_ROTATION_QA,PASS_SUPPORTED_NO_UNKNOWN
fig:r123_atlas_f19c,NGC4088,HRC-3__source_nodes,sparse_nodes_unconnected,frozen conditional model ordinates at source radii,frozen R102/R127 rotation source arrays; scientific fits and residuals remain on these ordinates,12 irregular source radii; no extrapolation,none on model ordinates; observational error belongs only to SPARC points,faint unconnected open nodes,RETAIN AS THE SCIENTIFIC NUMERIC OWNER,No physical continuous radial owner is inferred from these nodes.,LaTex/work/preprint/R154_SMOOTH_CURVE_SEMANTICS_CANDIDATE_v1/rotation/qa/R154_SMOOTH_CURVE_SEMANTICS_QA_v1.json:fig19_c:NGC4088:HRC-3,DIRECT_R154_ROTATION_QA,PASS_SUPPORTED_NO_UNKNOWN
fig:r123_atlas_f19c,NGC4088,MOND-standard__display_curve,display_only_residual_gated_PCHIP,"display-only curve; never used in fit, likelihood, residual, or source ordering",R154 residual-gated curvature regularisation of display nodes followed by shape-preserving PCHIP,dense in-domain display grid; no extrapolation,no statistical uncertainty; deterministic display residual recorded in R154 QA,smooth line plus separate faint source nodes,USE R154 DISPLAY-ONLY SUCCESSOR,"PASS: normalised RMS=0.2, normalised max=0.401573736656, new extrema=0, exact source hits=0; no topology/order/crossing violation.",LaTex/work/preprint/R154_SMOOTH_CURVE_SEMANTICS_CANDIDATE_v1/rotation/qa/R154_SMOOTH_CURVE_SEMANTICS_QA_v1.json:fig19_c:NGC4088:MOND-standard,DIRECT_R154_ROTATION_QA,PASS_SUPPORTED_NO_UNKNOWN
fig:r123_atlas_f19c,NGC4088,MOND-standard__source_nodes,sparse_nodes_unconnected,frozen conditional model ordinates at source radii,frozen R102/R127 rotation source arrays; scientific fits and residuals remain on these ordinates,12 irregular source radii; no extrapolation,none on model ordinates; observational error belongs only to SPARC points,faint unconnected open nodes,RETAIN AS THE SCIENTIFIC NUMERIC OWNER,No physical continuous radial owner is inferred from these nodes.,LaTex/work/preprint/R154_SMOOTH_CURVE_SEMANTICS_CANDIDATE_v1/rotation/qa/R154_SMOOTH_CURVE_SEMANTICS_QA_v1.json:fig19_c:NGC4088:MOND-standard,DIRECT_R154_ROTATION_QA,PASS_SUPPORTED_NO_UNKNOWN
fig:r123_atlas_f19c,NGC4088,NFW-fit__display_curve,display_only_residual_gated_PCHIP,"display-only curve; never used in fit, likelihood, residual, or source ordering",R154 residual-gated curvature regularisation of display nodes followed by shape-preserving PCHIP,dense in-domain display grid; no extrapolation,no statistical uncertainty; deterministic display residual recorded in R154 QA,smooth line plus separate faint source nodes,USE R154 DISPLAY-ONLY SUCCESSOR,"PASS: normalised RMS=0.2, normalised max=0.410817460748, new extrema=0, exact source hits=0; no topology/order/crossing violation.",LaTex/work/preprint/R154_SMOOTH_CURVE_SEMANTICS_CANDIDATE_v1/rotation/qa/R154_SMOOTH_CURVE_SEMANTICS_QA_v1.json:fig19_c:NGC4088:NFW-fit,DIRECT_R154_ROTATION_QA,PASS_SUPPORTED_NO_UNKNOWN
fig:r123_atlas_f19c,NGC4088,NFW-fit__source_nodes,statistical_fit/approximation,two-parameter NFW estimator evaluated at source radii,frozen R102/R127 rotation source arrays; scientific fits and residuals remain on these ordinates,12 irregular source radii; no extrapolation,none on model ordinates; observational error belongs only to SPARC points,faint unconnected open nodes,RETAIN AS THE SCIENTIFIC NUMERIC OWNER,No physical continuous radial owner is inferred from these nodes.,LaTex/work/preprint/R154_SMOOTH_CURVE_SEMANTICS_CANDIDATE_v1/rotation/qa/R154_SMOOTH_CURVE_SEMANTICS_QA_v1.json:fig19_c:NGC4088:NFW-fit,DIRECT_R154_ROTATION_QA,PASS_SUPPORTED_NO_UNKNOWN
fig:r123_atlas_f19c,NGC4088,SPARC_observed_velocity,observations_unconnected,external SPARC observations,"frozen SPARC radius, velocity and uncertainty columns used by the rotation owner",12 irregular observed radii for this panel,SPARC displayed velocity errors,black unconnected error-bar markers,USE R154 UNCONNECTED OBSERVATIONS,"No connector, interpolation, or smoothing is assigned to observations.",LaTex/work/preprint/R154_SMOOTH_CURVE_SEMANTICS_CANDIDATE_v1/rotation/qa/R154_SMOOTH_CURVE_SEMANTICS_QA_v1.json:fig19_c:NGC4088,DIRECT_R154_ROTATION_QA,PASS_SUPPORTED_NO_UNKNOWN
fig:r123_atlas_f19c,NGC4088,baryons__display_curve,display_only_residual_gated_PCHIP,"display-only curve; never used in fit, likelihood, residual, or source ordering",R154 residual-gated curvature regularisation of display nodes followed by shape-preserving PCHIP,dense in-domain display grid; no extrapolation,no statistical uncertainty; deterministic display residual recorded in R154 QA,smooth line plus separate faint source nodes,USE R154 DISPLAY-ONLY SUCCESSOR,"PASS: normalised RMS=0.2, normalised max=0.416084188766, new extrema=0, exact source hits=0; no topology/order/crossing violation.",LaTex/work/preprint/R154_SMOOTH_CURVE_SEMANTICS_CANDIDATE_v1/rotation/qa/R154_SMOOTH_CURVE_SEMANTICS_QA_v1.json:fig19_c:NGC4088:baryons,DIRECT_R154_ROTATION_QA,PASS_SUPPORTED_NO_UNKNOWN
fig:r123_atlas_f19c,NGC4088,baryons__source_nodes,sparse_nodes_unconnected,frozen conditional model ordinates at source radii,frozen R102/R127 rotation source arrays; scientific fits and residuals remain on these ordinates,12 irregular source radii; no extrapolation,none on model ordinates; observational error belongs only to SPARC points,faint unconnected open nodes,RETAIN AS THE SCIENTIFIC NUMERIC OWNER,No physical continuous radial owner is inferred from these nodes.,LaTex/work/preprint/R154_SMOOTH_CURVE_SEMANTICS_CANDIDATE_v1/rotation/qa/R154_SMOOTH_CURVE_SEMANTICS_QA_v1.json:fig19_c:NGC4088:baryons,DIRECT_R154_ROTATION_QA,PASS_SUPPORTED_NO_UNKNOWN
fig:r123_atlas_f19d,ESO079-G014,HRC-0__display_curve,display_only_residual_gated_PCHIP,"display-only curve; never used in fit, likelihood, residual, or source ordering",R154 residual-gated curvature regularisation of display nodes followed by shape-preserving PCHIP,dense in-domain display grid; no extrapolation,no statistical uncertainty; deterministic display residual recorded in R154 QA,smooth line plus separate faint source nodes,USE R154 DISPLAY-ONLY SUCCESSOR,"PASS: normalised RMS=0.2, normalised max=0.61373042019, new extrema=0, exact source hits=0; no topology/order/crossing violation.",LaTex/work/preprint/R154_SMOOTH_CURVE_SEMANTICS_CANDIDATE_v1/rotation/qa/R154_SMOOTH_CURVE_SEMANTICS_QA_v1.json:fig19_d:ESO079-G014:HRC-0,DIRECT_R154_ROTATION_QA,PASS_SUPPORTED_NO_UNKNOWN
fig:r123_atlas_f19d,ESO079-G014,HRC-0__source_nodes,sparse_nodes_unconnected,frozen conditional model ordinates at source radii,frozen R102/R127 rotation source arrays; scientific fits and residuals remain on these ordinates,15 irregular source radii; no extrapolation,none on model ordinates; observational error belongs only to SPARC points,faint unconnected open nodes,RETAIN AS THE SCIENTIFIC NUMERIC OWNER,No physical continuous radial owner is inferred from these nodes.,LaTex/work/preprint/R154_SMOOTH_CURVE_SEMANTICS_CANDIDATE_v1/rotation/qa/R154_SMOOTH_CURVE_SEMANTICS_QA_v1.json:fig19_d:ESO079-G014:HRC-0,DIRECT_R154_ROTATION_QA,PASS_SUPPORTED_NO_UNKNOWN
fig:r123_atlas_f19d,ESO079-G014,HRC-3__display_curve,display_only_residual_gated_PCHIP,"display-only curve; never used in fit, likelihood, residual, or source ordering",R154 residual-gated curvature regularisation of display nodes followed by shape-preserving PCHIP,dense in-domain display grid; no extrapolation,no statistical uncertainty; deterministic display residual recorded in R154 QA,smooth line plus separate faint source nodes,USE R154 DISPLAY-ONLY SUCCESSOR,"PASS: normalised RMS=0.2, normalised max=0.611622002257, new extrema=0, exact source hits=0; no topology/order/crossing violation.",LaTex/work/preprint/R154_SMOOTH_CURVE_SEMANTICS_CANDIDATE_v1/rotation/qa/R154_SMOOTH_CURVE_SEMANTICS_QA_v1.json:fig19_d:ESO079-G014:HRC-3,DIRECT_R154_ROTATION_QA,PASS_SUPPORTED_NO_UNKNOWN
fig:r123_atlas_f19d,ESO079-G014,HRC-3__source_nodes,sparse_nodes_unconnected,frozen conditional model ordinates at source radii,frozen R102/R127 rotation source arrays; scientific fits and residuals remain on these ordinates,15 irregular source radii; no extrapolation,none on model ordinates; observational error belongs only to SPARC points,faint unconnected open nodes,RETAIN AS THE SCIENTIFIC NUMERIC OWNER,No physical continuous radial owner is inferred from these nodes.,LaTex/work/preprint/R154_SMOOTH_CURVE_SEMANTICS_CANDIDATE_v1/rotation/qa/R154_SMOOTH_CURVE_SEMANTICS_QA_v1.json:fig19_d:ESO079-G014:HRC-3,DIRECT_R154_ROTATION_QA,PASS_SUPPORTED_NO_UNKNOWN
fig:r123_atlas_f19d,ESO079-G014,MOND-standard__display_curve,display_only_residual_gated_PCHIP,"display-only curve; never used in fit, likelihood, residual, or source ordering",R154 residual-gated curvature regularisation of display nodes followed by shape-preserving PCHIP,dense in-domain display grid; no extrapolation,no statistical uncertainty; deterministic display residual recorded in R154 QA,smooth line plus separate faint source nodes,USE R154 DISPLAY-ONLY SUCCESSOR,"PASS: normalised RMS=0.2, normalised max=0.61321307827, new extrema=0, exact source hits=0; no topology/order/crossing violation.",LaTex/work/preprint/R154_SMOOTH_CURVE_SEMANTICS_CANDIDATE_v1/rotation/qa/R154_SMOOTH_CURVE_SEMANTICS_QA_v1.json:fig19_d:ESO079-G014:MOND-standard,DIRECT_R154_ROTATION_QA,PASS_SUPPORTED_NO_UNKNOWN
fig:r123_atlas_f19d,ESO079-G014,MOND-standard__source_nodes,sparse_nodes_unconnected,frozen conditional model ordinates at source radii,frozen R102/R127 rotation source arrays; scientific fits and residuals remain on these ordinates,15 irregular source radii; no extrapolation,none on model ordinates; observational error belongs only to SPARC points,faint unconnected open nodes,RETAIN AS THE SCIENTIFIC NUMERIC OWNER,No physical continuous radial owner is inferred from these nodes.,LaTex/work/preprint/R154_SMOOTH_CURVE_SEMANTICS_CANDIDATE_v1/rotation/qa/R154_SMOOTH_CURVE_SEMANTICS_QA_v1.json:fig19_d:ESO079-G014:MOND-standard,DIRECT_R154_ROTATION_QA,PASS_SUPPORTED_NO_UNKNOWN
fig:r123_atlas_f19d,ESO079-G014,NFW-fit__display_curve,display_only_residual_gated_PCHIP,"display-only curve; never used in fit, likelihood, residual, or source ordering",R154 residual-gated curvature regularisation of display nodes followed by shape-preserving PCHIP,dense in-domain display grid; no extrapolation,no statistical uncertainty; deterministic display residual recorded in R154 QA,smooth line plus separate faint source nodes,USE R154 DISPLAY-ONLY SUCCESSOR,"PASS: normalised RMS=0.2, normalised max=0.616512127769, new extrema=0, exact source hits=0; no topology/order/crossing violation.",LaTex/work/preprint/R154_SMOOTH_CURVE_SEMANTICS_CANDIDATE_v1/rotation/qa/R154_SMOOTH_CURVE_SEMANTICS_QA_v1.json:fig19_d:ESO079-G014:NFW-fit,DIRECT_R154_ROTATION_QA,PASS_SUPPORTED_NO_UNKNOWN
fig:r123_atlas_f19d,ESO079-G014,NFW-fit__source_nodes,statistical_fit/approximation,two-parameter NFW estimator evaluated at source radii,frozen R102/R127 rotation source arrays; scientific fits and residuals remain on these ordinates,15 irregular source radii; no extrapolation,none on model ordinates; observational error belongs only to SPARC points,faint unconnected open nodes,RETAIN AS THE SCIENTIFIC NUMERIC OWNER,No physical continuous radial owner is inferred from these nodes.,LaTex/work/preprint/R154_SMOOTH_CURVE_SEMANTICS_CANDIDATE_v1/rotation/qa/R154_SMOOTH_CURVE_SEMANTICS_QA_v1.json:fig19_d:ESO079-G014:NFW-fit,DIRECT_R154_ROTATION_QA,PASS_SUPPORTED_NO_UNKNOWN
fig:r123_atlas_f19d,ESO079-G014,SPARC_observed_velocity,observations_unconnected,external SPARC observations,"frozen SPARC radius, velocity and uncertainty columns used by the rotation owner",15 irregular observed radii for this panel,SPARC displayed velocity errors,black unconnected error-bar markers,USE R154 UNCONNECTED OBSERVATIONS,"No connector, interpolation, or smoothing is assigned to observations.",LaTex/work/preprint/R154_SMOOTH_CURVE_SEMANTICS_CANDIDATE_v1/rotation/qa/R154_SMOOTH_CURVE_SEMANTICS_QA_v1.json:fig19_d:ESO079-G014,DIRECT_R154_ROTATION_QA,PASS_SUPPORTED_NO_UNKNOWN
fig:r123_atlas_f19d,ESO079-G014,baryons__display_curve,display_only_residual_gated_PCHIP,"display-only curve; never used in fit, likelihood, residual, or source ordering",R154 residual-gated curvature regularisation of display nodes followed by shape-preserving PCHIP,dense in-domain display grid; no extrapolation,no statistical uncertainty; deterministic display residual recorded in R154 QA,smooth line plus separate faint source nodes,USE R154 DISPLAY-ONLY SUCCESSOR,"PASS: normalised RMS=0.2, normalised max=0.605248269488, new extrema=0, exact source hits=0; no topology/order/crossing violation.",LaTex/work/preprint/R154_SMOOTH_CURVE_SEMANTICS_CANDIDATE_v1/rotation/qa/R154_SMOOTH_CURVE_SEMANTICS_QA_v1.json:fig19_d:ESO079-G014:baryons,DIRECT_R154_ROTATION_QA,PASS_SUPPORTED_NO_UNKNOWN
fig:r123_atlas_f19d,ESO079-G014,baryons__source_nodes,sparse_nodes_unconnected,frozen conditional model ordinates at source radii,frozen R102/R127 rotation source arrays; scientific fits and residuals remain on these ordinates,15 irregular source radii; no extrapolation,none on model ordinates; observational error belongs only to SPARC points,faint unconnected open nodes,RETAIN AS THE SCIENTIFIC NUMERIC OWNER,No physical continuous radial owner is inferred from these nodes.,LaTex/work/preprint/R154_SMOOTH_CURVE_SEMANTICS_CANDIDATE_v1/rotation/qa/R154_SMOOTH_CURVE_SEMANTICS_QA_v1.json:fig19_d:ESO079-G014:baryons,DIRECT_R154_ROTATION_QA,PASS_SUPPORTED_NO_UNKNOWN
fig:r123_atlas_f19d,NGC3726,HRC-0__display_curve,display_only_residual_gated_PCHIP,"display-only curve; never used in fit, likelihood, residual, or source ordering",R154 residual-gated curvature regularisation of display nodes followed by shape-preserving PCHIP,dense in-domain display grid; no extrapolation,no statistical uncertainty; deterministic display residual recorded in R154 QA,smooth line plus separate faint source nodes,USE R154 DISPLAY-ONLY SUCCESSOR,"PASS: normalised RMS=0.2, normalised max=0.400460964173, new extrema=0, exact source hits=0; no topology/order/crossing violation.",LaTex/work/preprint/R154_SMOOTH_CURVE_SEMANTICS_CANDIDATE_v1/rotation/qa/R154_SMOOTH_CURVE_SEMANTICS_QA_v1.json:fig19_d:NGC3726:HRC-0,DIRECT_R154_ROTATION_QA,PASS_SUPPORTED_NO_UNKNOWN
fig:r123_atlas_f19d,NGC3726,HRC-0__source_nodes,sparse_nodes_unconnected,frozen conditional model ordinates at source radii,frozen R102/R127 rotation source arrays; scientific fits and residuals remain on these ordinates,12 irregular source radii; no extrapolation,none on model ordinates; observational error belongs only to SPARC points,faint unconnected open nodes,RETAIN AS THE SCIENTIFIC NUMERIC OWNER,No physical continuous radial owner is inferred from these nodes.,LaTex/work/preprint/R154_SMOOTH_CURVE_SEMANTICS_CANDIDATE_v1/rotation/qa/R154_SMOOTH_CURVE_SEMANTICS_QA_v1.json:fig19_d:NGC3726:HRC-0,DIRECT_R154_ROTATION_QA,PASS_SUPPORTED_NO_UNKNOWN
fig:r123_atlas_f19d,NGC3726,HRC-3__display_curve,display_only_residual_gated_PCHIP,"display-only curve; never used in fit, likelihood, residual, or source ordering",R154 residual-gated curvature regularisation of display nodes followed by shape-preserving PCHIP,dense in-domain display grid; no extrapolation,no statistical uncertainty; deterministic display residual recorded in R154 QA,smooth line plus separate faint source nodes,USE R154 DISPLAY-ONLY SUCCESSOR,"PASS: normalised RMS=0.2, normalised max=0.398522767815, new extrema=0, exact source hits=0; no topology/order/crossing violation.",LaTex/work/preprint/R154_SMOOTH_CURVE_SEMANTICS_CANDIDATE_v1/rotation/qa/R154_SMOOTH_CURVE_SEMANTICS_QA_v1.json:fig19_d:NGC3726:HRC-3,DIRECT_R154_ROTATION_QA,PASS_SUPPORTED_NO_UNKNOWN
fig:r123_atlas_f19d,NGC3726,HRC-3__source_nodes,sparse_nodes_unconnected,frozen conditional model ordinates at source radii,frozen R102/R127 rotation source arrays; scientific fits and residuals remain on these ordinates,12 irregular source radii; no extrapolation,none on model ordinates; observational error belongs only to SPARC points,faint unconnected open nodes,RETAIN AS THE SCIENTIFIC NUMERIC OWNER,No physical continuous radial owner is inferred from these nodes.,LaTex/work/preprint/R154_SMOOTH_CURVE_SEMANTICS_CANDIDATE_v1/rotation/qa/R154_SMOOTH_CURVE_SEMANTICS_QA_v1.json:fig19_d:NGC3726:HRC-3,DIRECT_R154_ROTATION_QA,PASS_SUPPORTED_NO_UNKNOWN
fig:r123_atlas_f19d,NGC3726,MOND-standard__display_curve,display_only_residual_gated_PCHIP,"display-only curve; never used in fit, likelihood, residual, or source ordering",R154 residual-gated curvature regularisation of display nodes followed by shape-preserving PCHIP,dense in-domain display grid; no extrapolation,no statistical uncertainty; deterministic display residual recorded in R154 QA,smooth line plus separate faint source nodes,USE R154 DISPLAY-ONLY SUCCESSOR,"PASS: normalised RMS=0.2, normalised max=0.397992651511, new extrema=0, exact source hits=0; no topology/order/crossing violation.",LaTex/work/preprint/R154_SMOOTH_CURVE_SEMANTICS_CANDIDATE_v1/rotation/qa/R154_SMOOTH_CURVE_SEMANTICS_QA_v1.json:fig19_d:NGC3726:MOND-standard,DIRECT_R154_ROTATION_QA,PASS_SUPPORTED_NO_UNKNOWN
fig:r123_atlas_f19d,NGC3726,MOND-standard__source_nodes,sparse_nodes_unconnected,frozen conditional model ordinates at source radii,frozen R102/R127 rotation source arrays; scientific fits and residuals remain on these ordinates,12 irregular source radii; no extrapolation,none on model ordinates; observational error belongs only to SPARC points,faint unconnected open nodes,RETAIN AS THE SCIENTIFIC NUMERIC OWNER,No physical continuous radial owner is inferred from these nodes.,LaTex/work/preprint/R154_SMOOTH_CURVE_SEMANTICS_CANDIDATE_v1/rotation/qa/R154_SMOOTH_CURVE_SEMANTICS_QA_v1.json:fig19_d:NGC3726:MOND-standard,DIRECT_R154_ROTATION_QA,PASS_SUPPORTED_NO_UNKNOWN
fig:r123_atlas_f19d,NGC3726,NFW-fit__display_curve,display_only_residual_gated_PCHIP,"display-only curve; never used in fit, likelihood, residual, or source ordering",R154 residual-gated curvature regularisation of display nodes followed by shape-preserving PCHIP,dense in-domain display grid; no extrapolation,no statistical uncertainty; deterministic display residual recorded in R154 QA,smooth line plus separate faint source nodes,USE R154 DISPLAY-ONLY SUCCESSOR,"PASS: normalised RMS=0.2, normalised max=0.40104101434, new extrema=0, exact source hits=0; no topology/order/crossing violation.",LaTex/work/preprint/R154_SMOOTH_CURVE_SEMANTICS_CANDIDATE_v1/rotation/qa/R154_SMOOTH_CURVE_SEMANTICS_QA_v1.json:fig19_d:NGC3726:NFW-fit,DIRECT_R154_ROTATION_QA,PASS_SUPPORTED_NO_UNKNOWN
fig:r123_atlas_f19d,NGC3726,NFW-fit__source_nodes,statistical_fit/approximation,two-parameter NFW estimator evaluated at source radii,frozen R102/R127 rotation source arrays; scientific fits and residuals remain on these ordinates,12 irregular source radii; no extrapolation,none on model ordinates; observational error belongs only to SPARC points,faint unconnected open nodes,RETAIN AS THE SCIENTIFIC NUMERIC OWNER,No physical continuous radial owner is inferred from these nodes.,LaTex/work/preprint/R154_SMOOTH_CURVE_SEMANTICS_CANDIDATE_v1/rotation/qa/R154_SMOOTH_CURVE_SEMANTICS_QA_v1.json:fig19_d:NGC3726:NFW-fit,DIRECT_R154_ROTATION_QA,PASS_SUPPORTED_NO_UNKNOWN
fig:r123_atlas_f19d,NGC3726,SPARC_observed_velocity,observations_unconnected,external SPARC observations,"frozen SPARC radius, velocity and uncertainty columns used by the rotation owner",12 irregular observed radii for this panel,SPARC displayed velocity errors,black unconnected error-bar markers,USE R154 UNCONNECTED OBSERVATIONS,"No connector, interpolation, or smoothing is assigned to observations.",LaTex/work/preprint/R154_SMOOTH_CURVE_SEMANTICS_CANDIDATE_v1/rotation/qa/R154_SMOOTH_CURVE_SEMANTICS_QA_v1.json:fig19_d:NGC3726,DIRECT_R154_ROTATION_QA,PASS_SUPPORTED_NO_UNKNOWN
fig:r123_atlas_f19d,NGC3726,baryons__display_curve,display_only_residual_gated_PCHIP,"display-only curve; never used in fit, likelihood, residual, or source ordering",R154 residual-gated curvature regularisation of display nodes followed by shape-preserving PCHIP,dense in-domain display grid; no extrapolation,no statistical uncertainty; deterministic display residual recorded in R154 QA,smooth line plus separate faint source nodes,USE R154 DISPLAY-ONLY SUCCESSOR,"PASS: normalised RMS=0.2, normalised max=0.429263191266, new extrema=0, exact source hits=0; no topology/order/crossing violation.",LaTex/work/preprint/R154_SMOOTH_CURVE_SEMANTICS_CANDIDATE_v1/rotation/qa/R154_SMOOTH_CURVE_SEMANTICS_QA_v1.json:fig19_d:NGC3726:baryons,DIRECT_R154_ROTATION_QA,PASS_SUPPORTED_NO_UNKNOWN
fig:r123_atlas_f19d,NGC3726,baryons__source_nodes,sparse_nodes_unconnected,frozen conditional model ordinates at source radii,frozen R102/R127 rotation source arrays; scientific fits and residuals remain on these ordinates,12 irregular source radii; no extrapolation,none on model ordinates; observational error belongs only to SPARC points,faint unconnected open nodes,RETAIN AS THE SCIENTIFIC NUMERIC OWNER,No physical continuous radial owner is inferred from these nodes.,LaTex/work/preprint/R154_SMOOTH_CURVE_SEMANTICS_CANDIDATE_v1/rotation/qa/R154_SMOOTH_CURVE_SEMANTICS_QA_v1.json:fig19_d:NGC3726:baryons,DIRECT_R154_ROTATION_QA,PASS_SUPPORTED_NO_UNKNOWN
fig:r123_atlas_f19d,UGC03546,HRC-0__display_curve,display_only_residual_gated_PCHIP,"display-only curve; never used in fit, likelihood, residual, or source ordering",R154 residual-gated curvature regularisation of display nodes followed by shape-preserving PCHIP,dense in-domain display grid; no extrapolation,no statistical uncertainty; deterministic display residual recorded in R154 QA,smooth line plus separate faint source nodes,USE R154 DISPLAY-ONLY SUCCESSOR,"PASS: normalised RMS=0.2, normalised max=0.59652342661, new extrema=0, exact source hits=0; no topology/order/crossing violation.",LaTex/work/preprint/R154_SMOOTH_CURVE_SEMANTICS_CANDIDATE_v1/rotation/qa/R154_SMOOTH_CURVE_SEMANTICS_QA_v1.json:fig19_d:UGC03546:HRC-0,DIRECT_R154_ROTATION_QA,PASS_SUPPORTED_NO_UNKNOWN
fig:r123_atlas_f19d,UGC03546,HRC-0__source_nodes,sparse_nodes_unconnected,frozen conditional model ordinates at source radii,frozen R102/R127 rotation source arrays; scientific fits and residuals remain on these ordinates,30 irregular source radii; no extrapolation,none on model ordinates; observational error belongs only to SPARC points,faint unconnected open nodes,RETAIN AS THE SCIENTIFIC NUMERIC OWNER,No physical continuous radial owner is inferred from these nodes.,LaTex/work/preprint/R154_SMOOTH_CURVE_SEMANTICS_CANDIDATE_v1/rotation/qa/R154_SMOOTH_CURVE_SEMANTICS_QA_v1.json:fig19_d:UGC03546:HRC-0,DIRECT_R154_ROTATION_QA,PASS_SUPPORTED_NO_UNKNOWN
fig:r123_atlas_f19d,UGC03546,HRC-3__display_curve,display_only_residual_gated_PCHIP,"display-only curve; never used in fit, likelihood, residual, or source ordering",R154 residual-gated curvature regularisation of display nodes followed by shape-preserving PCHIP,dense in-domain display grid; no extrapolation,no statistical uncertainty; deterministic display residual recorded in R154 QA,smooth line plus separate faint source nodes,USE R154 DISPLAY-ONLY SUCCESSOR,"PASS: normalised RMS=0.2, normalised max=0.598074320842, new extrema=0, exact source hits=0; no topology/order/crossing violation.",LaTex/work/preprint/R154_SMOOTH_CURVE_SEMANTICS_CANDIDATE_v1/rotation/qa/R154_SMOOTH_CURVE_SEMANTICS_QA_v1.json:fig19_d:UGC03546:HRC-3,DIRECT_R154_ROTATION_QA,PASS_SUPPORTED_NO_UNKNOWN
fig:r123_atlas_f19d,UGC03546,HRC-3__source_nodes,sparse_nodes_unconnected,frozen conditional model ordinates at source radii,frozen R102/R127 rotation source arrays; scientific fits and residuals remain on these ordinates,30 irregular source radii; no extrapolation,none on model ordinates; observational error belongs only to SPARC points,faint unconnected open nodes,RETAIN AS THE SCIENTIFIC NUMERIC OWNER,No physical continuous radial owner is inferred from these nodes.,LaTex/work/preprint/R154_SMOOTH_CURVE_SEMANTICS_CANDIDATE_v1/rotation/qa/R154_SMOOTH_CURVE_SEMANTICS_QA_v1.json:fig19_d:UGC03546:HRC-3,DIRECT_R154_ROTATION_QA,PASS_SUPPORTED_NO_UNKNOWN
fig:r123_atlas_f19d,UGC03546,MOND-standard__display_curve,display_only_residual_gated_PCHIP,"display-only curve; never used in fit, likelihood, residual, or source ordering",R154 residual-gated curvature regularisation of display nodes followed by shape-preserving PCHIP,dense in-domain display grid; no extrapolation,no statistical uncertainty; deterministic display residual recorded in R154 QA,smooth line plus separate faint source nodes,USE R154 DISPLAY-ONLY SUCCESSOR,"PASS: normalised RMS=0.2, normalised max=0.591525654141, new extrema=0, exact source hits=0; no topology/order/crossing violation.",LaTex/work/preprint/R154_SMOOTH_CURVE_SEMANTICS_CANDIDATE_v1/rotation/qa/R154_SMOOTH_CURVE_SEMANTICS_QA_v1.json:fig19_d:UGC03546:MOND-standard,DIRECT_R154_ROTATION_QA,PASS_SUPPORTED_NO_UNKNOWN
fig:r123_atlas_f19d,UGC03546,MOND-standard__source_nodes,sparse_nodes_unconnected,frozen conditional model ordinates at source radii,frozen R102/R127 rotation source arrays; scientific fits and residuals remain on these ordinates,30 irregular source radii; no extrapolation,none on model ordinates; observational error belongs only to SPARC points,faint unconnected open nodes,RETAIN AS THE SCIENTIFIC NUMERIC OWNER,No physical continuous radial owner is inferred from these nodes.,LaTex/work/preprint/R154_SMOOTH_CURVE_SEMANTICS_CANDIDATE_v1/rotation/qa/R154_SMOOTH_CURVE_SEMANTICS_QA_v1.json:fig19_d:UGC03546:MOND-standard,DIRECT_R154_ROTATION_QA,PASS_SUPPORTED_NO_UNKNOWN
fig:r123_atlas_f19d,UGC03546,NFW-fit__display_curve,display_only_residual_gated_PCHIP,"display-only curve; never used in fit, likelihood, residual, or source ordering",R154 residual-gated curvature regularisation of display nodes followed by shape-preserving PCHIP,dense in-domain display grid; no extrapolation,no statistical uncertainty; deterministic display residual recorded in R154 QA,smooth line plus separate faint source nodes,USE R154 DISPLAY-ONLY SUCCESSOR,"PASS: normalised RMS=0.2, normalised max=0.60779407496, new extrema=0, exact source hits=0; no topology/order/crossing violation.",LaTex/work/preprint/R154_SMOOTH_CURVE_SEMANTICS_CANDIDATE_v1/rotation/qa/R154_SMOOTH_CURVE_SEMANTICS_QA_v1.json:fig19_d:UGC03546:NFW-fit,DIRECT_R154_ROTATION_QA,PASS_SUPPORTED_NO_UNKNOWN
fig:r123_atlas_f19d,UGC03546,NFW-fit__source_nodes,statistical_fit/approximation,two-parameter NFW estimator evaluated at source radii,frozen R102/R127 rotation source arrays; scientific fits and residuals remain on these ordinates,30 irregular source radii; no extrapolation,none on model ordinates; observational error belongs only to SPARC points,faint unconnected open nodes,RETAIN AS THE SCIENTIFIC NUMERIC OWNER,No physical continuous radial owner is inferred from these nodes.,LaTex/work/preprint/R154_SMOOTH_CURVE_SEMANTICS_CANDIDATE_v1/rotation/qa/R154_SMOOTH_CURVE_SEMANTICS_QA_v1.json:fig19_d:UGC03546:NFW-fit,DIRECT_R154_ROTATION_QA,PASS_SUPPORTED_NO_UNKNOWN
fig:r123_atlas_f19d,UGC03546,SPARC_observed_velocity,observations_unconnected,external SPARC observations,"frozen SPARC radius, velocity and uncertainty columns used by the rotation owner",30 irregular observed radii for this panel,SPARC displayed velocity errors,black unconnected error-bar markers,USE R154 UNCONNECTED OBSERVATIONS,"No connector, interpolation, or smoothing is assigned to observations.",LaTex/work/preprint/R154_SMOOTH_CURVE_SEMANTICS_CANDIDATE_v1/rotation/qa/R154_SMOOTH_CURVE_SEMANTICS_QA_v1.json:fig19_d:UGC03546,DIRECT_R154_ROTATION_QA,PASS_SUPPORTED_NO_UNKNOWN
fig:r123_atlas_f19d,UGC03546,baryons__display_curve,display_only_residual_gated_PCHIP,"display-only curve; never used in fit, likelihood, residual, or source ordering",R154 residual-gated curvature regularisation of display nodes followed by shape-preserving PCHIP,dense in-domain display grid; no extrapolation,no statistical uncertainty; deterministic display residual recorded in R154 QA,smooth line plus separate faint source nodes,USE R154 DISPLAY-ONLY SUCCESSOR,"PASS: normalised RMS=0.2, normalised max=0.580536700857, new extrema=0, exact source hits=0; no topology/order/crossing violation.",LaTex/work/preprint/R154_SMOOTH_CURVE_SEMANTICS_CANDIDATE_v1/rotation/qa/R154_SMOOTH_CURVE_SEMANTICS_QA_v1.json:fig19_d:UGC03546:baryons,DIRECT_R154_ROTATION_QA,PASS_SUPPORTED_NO_UNKNOWN
fig:r123_atlas_f19d,UGC03546,baryons__source_nodes,sparse_nodes_unconnected,frozen conditional model ordinates at source radii,frozen R102/R127 rotation source arrays; scientific fits and residuals remain on these ordinates,30 irregular source radii; no extrapolation,none on model ordinates; observational error belongs only to SPARC points,faint unconnected open nodes,RETAIN AS THE SCIENTIFIC NUMERIC OWNER,No physical continuous radial owner is inferred from these nodes.,LaTex/work/preprint/R154_SMOOTH_CURVE_SEMANTICS_CANDIDATE_v1/rotation/qa/R154_SMOOTH_CURVE_SEMANTICS_QA_v1.json:fig19_d:UGC03546:baryons,DIRECT_R154_ROTATION_QA,PASS_SUPPORTED_NO_UNKNOWN
fig:r123_atlas_f19d,UGC09133,HRC-0__display_curve,display_only_residual_gated_PCHIP,"display-only curve; never used in fit, likelihood, residual, or source ordering",R154 residual-gated curvature regularisation of display nodes followed by shape-preserving PCHIP,dense in-domain display grid; no extrapolation,no statistical uncertainty; deterministic display residual recorded in R154 QA,smooth line plus separate faint source nodes,USE R154 DISPLAY-ONLY SUCCESSOR,"PASS: normalised RMS=0.101032922623, normalised max=0.692858196925, new extrema=0, exact source hits=0; no topology/order/crossing violation.",LaTex/work/preprint/R154_SMOOTH_CURVE_SEMANTICS_CANDIDATE_v1/rotation/qa/R154_SMOOTH_CURVE_SEMANTICS_QA_v1.json:fig19_d:UGC09133:HRC-0,DIRECT_R154_ROTATION_QA,PASS_SUPPORTED_NO_UNKNOWN
fig:r123_atlas_f19d,UGC09133,HRC-0__source_nodes,sparse_nodes_unconnected,frozen conditional model ordinates at source radii,frozen R102/R127 rotation source arrays; scientific fits and residuals remain on these ordinates,68 irregular source radii; no extrapolation,none on model ordinates; observational error belongs only to SPARC points,faint unconnected open nodes,RETAIN AS THE SCIENTIFIC NUMERIC OWNER,No physical continuous radial owner is inferred from these nodes.,LaTex/work/preprint/R154_SMOOTH_CURVE_SEMANTICS_CANDIDATE_v1/rotation/qa/R154_SMOOTH_CURVE_SEMANTICS_QA_v1.json:fig19_d:UGC09133:HRC-0,DIRECT_R154_ROTATION_QA,PASS_SUPPORTED_NO_UNKNOWN
fig:r123_atlas_f19d,UGC09133,HRC-3__display_curve,display_only_residual_gated_PCHIP,"display-only curve; never used in fit, likelihood, residual, or source ordering",R154 residual-gated curvature regularisation of display nodes followed by shape-preserving PCHIP,dense in-domain display grid; no extrapolation,no statistical uncertainty; deterministic display residual recorded in R154 QA,smooth line plus separate faint source nodes,USE R154 DISPLAY-ONLY SUCCESSOR,"PASS: normalised RMS=0.101034189084, normalised max=0.692914911383, new extrema=0, exact source hits=0; no topology/order/crossing violation.",LaTex/work/preprint/R154_SMOOTH_CURVE_SEMANTICS_CANDIDATE_v1/rotation/qa/R154_SMOOTH_CURVE_SEMANTICS_QA_v1.json:fig19_d:UGC09133:HRC-3,DIRECT_R154_ROTATION_QA,PASS_SUPPORTED_NO_UNKNOWN
fig:r123_atlas_f19d,UGC09133,HRC-3__source_nodes,sparse_nodes_unconnected,frozen conditional model ordinates at source radii,frozen R102/R127 rotation source arrays; scientific fits and residuals remain on these ordinates,68 irregular source radii; no extrapolation,none on model ordinates; observational error belongs only to SPARC points,faint unconnected open nodes,RETAIN AS THE SCIENTIFIC NUMERIC OWNER,No physical continuous radial owner is inferred from these nodes.,LaTex/work/preprint/R154_SMOOTH_CURVE_SEMANTICS_CANDIDATE_v1/rotation/qa/R154_SMOOTH_CURVE_SEMANTICS_QA_v1.json:fig19_d:UGC09133:HRC-3,DIRECT_R154_ROTATION_QA,PASS_SUPPORTED_NO_UNKNOWN
fig:r123_atlas_f19d,UGC09133,MOND-standard__display_curve,display_only_residual_gated_PCHIP,"display-only curve; never used in fit, likelihood, residual, or source ordering",R154 residual-gated curvature regularisation of display nodes followed by shape-preserving PCHIP,dense in-domain display grid; no extrapolation,no statistical uncertainty; deterministic display residual recorded in R154 QA,smooth line plus separate faint source nodes,USE R154 DISPLAY-ONLY SUCCESSOR,"PASS: normalised RMS=0.101032965759, normalised max=0.692860267357, new extrema=0, exact source hits=0; no topology/order/crossing violation.",LaTex/work/preprint/R154_SMOOTH_CURVE_SEMANTICS_CANDIDATE_v1/rotation/qa/R154_SMOOTH_CURVE_SEMANTICS_QA_v1.json:fig19_d:UGC09133:MOND-standard,DIRECT_R154_ROTATION_QA,PASS_SUPPORTED_NO_UNKNOWN
fig:r123_atlas_f19d,UGC09133,MOND-standard__source_nodes,sparse_nodes_unconnected,frozen conditional model ordinates at source radii,frozen R102/R127 rotation source arrays; scientific fits and residuals remain on these ordinates,68 irregular source radii; no extrapolation,none on model ordinates; observational error belongs only to SPARC points,faint unconnected open nodes,RETAIN AS THE SCIENTIFIC NUMERIC OWNER,No physical continuous radial owner is inferred from these nodes.,LaTex/work/preprint/R154_SMOOTH_CURVE_SEMANTICS_CANDIDATE_v1/rotation/qa/R154_SMOOTH_CURVE_SEMANTICS_QA_v1.json:fig19_d:UGC09133:MOND-standard,DIRECT_R154_ROTATION_QA,PASS_SUPPORTED_NO_UNKNOWN
fig:r123_atlas_f19d,UGC09133,NFW-fit__display_curve,display_only_residual_gated_PCHIP,"display-only curve; never used in fit, likelihood, residual, or source ordering",R154 residual-gated curvature regularisation of display nodes followed by shape-preserving PCHIP,dense in-domain display grid; no extrapolation,no statistical uncertainty; deterministic display residual recorded in R154 QA,smooth line plus separate faint source nodes,USE R154 DISPLAY-ONLY SUCCESSOR,"PASS: normalised RMS=0.101041532601, normalised max=0.69291792926, new extrema=0, exact source hits=0; no topology/order/crossing violation.",LaTex/work/preprint/R154_SMOOTH_CURVE_SEMANTICS_CANDIDATE_v1/rotation/qa/R154_SMOOTH_CURVE_SEMANTICS_QA_v1.json:fig19_d:UGC09133:NFW-fit,DIRECT_R154_ROTATION_QA,PASS_SUPPORTED_NO_UNKNOWN
fig:r123_atlas_f19d,UGC09133,NFW-fit__source_nodes,statistical_fit/approximation,two-parameter NFW estimator evaluated at source radii,frozen R102/R127 rotation source arrays; scientific fits and residuals remain on these ordinates,68 irregular source radii; no extrapolation,none on model ordinates; observational error belongs only to SPARC points,faint unconnected open nodes,RETAIN AS THE SCIENTIFIC NUMERIC OWNER,No physical continuous radial owner is inferred from these nodes.,LaTex/work/preprint/R154_SMOOTH_CURVE_SEMANTICS_CANDIDATE_v1/rotation/qa/R154_SMOOTH_CURVE_SEMANTICS_QA_v1.json:fig19_d:UGC09133:NFW-fit,DIRECT_R154_ROTATION_QA,PASS_SUPPORTED_NO_UNKNOWN
fig:r123_atlas_f19d,UGC09133,SPARC_observed_velocity,observations_unconnected,external SPARC observations,"frozen SPARC radius, velocity and uncertainty columns used by the rotation owner",68 irregular observed radii for this panel,SPARC displayed velocity errors,black unconnected error-bar markers,USE R154 UNCONNECTED OBSERVATIONS,"No connector, interpolation, or smoothing is assigned to observations.",LaTex/work/preprint/R154_SMOOTH_CURVE_SEMANTICS_CANDIDATE_v1/rotation/qa/R154_SMOOTH_CURVE_SEMANTICS_QA_v1.json:fig19_d:UGC09133,DIRECT_R154_ROTATION_QA,PASS_SUPPORTED_NO_UNKNOWN
fig:r123_atlas_f19d,UGC09133,baryons__display_curve,display_only_residual_gated_PCHIP,"display-only curve; never used in fit, likelihood, residual, or source ordering",R154 residual-gated curvature regularisation of display nodes followed by shape-preserving PCHIP,dense in-domain display grid; no extrapolation,no statistical uncertainty; deterministic display residual recorded in R154 QA,smooth line plus separate faint source nodes,USE R154 DISPLAY-ONLY SUCCESSOR,"PASS: normalised RMS=0.101032088793, normalised max=0.692812219327, new extrema=0, exact source hits=0; no topology/order/crossing violation.",LaTex/work/preprint/R154_SMOOTH_CURVE_SEMANTICS_CANDIDATE_v1/rotation/qa/R154_SMOOTH_CURVE_SEMANTICS_QA_v1.json:fig19_d:UGC09133:baryons,DIRECT_R154_ROTATION_QA,PASS_SUPPORTED_NO_UNKNOWN
fig:r123_atlas_f19d,UGC09133,baryons__source_nodes,sparse_nodes_unconnected,frozen conditional model ordinates at source radii,frozen R102/R127 rotation source arrays; scientific fits and residuals remain on these ordinates,68 irregular source radii; no extrapolation,none on model ordinates; observational error belongs only to SPARC points,faint unconnected open nodes,RETAIN AS THE SCIENTIFIC NUMERIC OWNER,No physical continuous radial owner is inferred from these nodes.,LaTex/work/preprint/R154_SMOOTH_CURVE_SEMANTICS_CANDIDATE_v1/rotation/qa/R154_SMOOTH_CURVE_SEMANTICS_QA_v1.json:fig19_d:UGC09133:baryons,DIRECT_R154_ROTATION_QA,PASS_SUPPORTED_NO_UNKNOWN
fig:r123_atlas_f20a,UGC02953,HRC-0__display_curve,display_only_residual_gated_PCHIP,"display-only curve; never used in fit, likelihood, residual, or source ordering",R154 residual-gated curvature regularisation of display nodes followed by shape-preserving PCHIP,dense in-domain display grid; no extrapolation,no statistical uncertainty; deterministic display residual recorded in R154 QA,smooth line plus separate faint source nodes,USE R154 DISPLAY-ONLY SUCCESSOR,"PASS: normalised RMS=0.102513375819, normalised max=0.813074115255, new extrema=0, exact source hits=0; no topology/order/crossing violation.",LaTex/work/preprint/R154_SMOOTH_CURVE_SEMANTICS_CANDIDATE_v1/rotation/qa/R154_SMOOTH_CURVE_SEMANTICS_QA_v1.json:fig20_a:UGC02953:HRC-0,DIRECT_R154_ROTATION_QA,PASS_SUPPORTED_NO_UNKNOWN
fig:r123_atlas_f20a,UGC02953,HRC-0__source_nodes,sparse_nodes_unconnected,frozen conditional model ordinates at source radii,frozen R102/R127 rotation source arrays; scientific fits and residuals remain on these ordinates,115 irregular source radii; no extrapolation,none on model ordinates; observational error belongs only to SPARC points,faint unconnected open nodes,RETAIN AS THE SCIENTIFIC NUMERIC OWNER,No physical continuous radial owner is inferred from these nodes.,LaTex/work/preprint/R154_SMOOTH_CURVE_SEMANTICS_CANDIDATE_v1/rotation/qa/R154_SMOOTH_CURVE_SEMANTICS_QA_v1.json:fig20_a:UGC02953:HRC-0,DIRECT_R154_ROTATION_QA,PASS_SUPPORTED_NO_UNKNOWN
fig:r123_atlas_f20a,UGC02953,HRC-3__display_curve,display_only_residual_gated_PCHIP,"display-only curve; never used in fit, likelihood, residual, or source ordering",R154 residual-gated curvature regularisation of display nodes followed by shape-preserving PCHIP,dense in-domain display grid; no extrapolation,no statistical uncertainty; deterministic display residual recorded in R154 QA,smooth line plus separate faint source nodes,USE R154 DISPLAY-ONLY SUCCESSOR,"PASS: normalised RMS=0.102515836497, normalised max=0.812526553602, new extrema=0, exact source hits=0; no topology/order/crossing violation.",LaTex/work/preprint/R154_SMOOTH_CURVE_SEMANTICS_CANDIDATE_v1/rotation/qa/R154_SMOOTH_CURVE_SEMANTICS_QA_v1.json:fig20_a:UGC02953:HRC-3,DIRECT_R154_ROTATION_QA,PASS_SUPPORTED_NO_UNKNOWN
fig:r123_atlas_f20a,UGC02953,HRC-3__source_nodes,sparse_nodes_unconnected,frozen conditional model ordinates at source radii,frozen R102/R127 rotation source arrays; scientific fits and residuals remain on these ordinates,115 irregular source radii; no extrapolation,none on model ordinates; observational error belongs only to SPARC points,faint unconnected open nodes,RETAIN AS THE SCIENTIFIC NUMERIC OWNER,No physical continuous radial owner is inferred from these nodes.,LaTex/work/preprint/R154_SMOOTH_CURVE_SEMANTICS_CANDIDATE_v1/rotation/qa/R154_SMOOTH_CURVE_SEMANTICS_QA_v1.json:fig20_a:UGC02953:HRC-3,DIRECT_R154_ROTATION_QA,PASS_SUPPORTED_NO_UNKNOWN
fig:r123_atlas_f20a,UGC02953,MOND-standard__display_curve,display_only_residual_gated_PCHIP,"display-only curve; never used in fit, likelihood, residual, or source ordering",R154 residual-gated curvature regularisation of display nodes followed by shape-preserving PCHIP,dense in-domain display grid; no extrapolation,no statistical uncertainty; deterministic display residual recorded in R154 QA,smooth line plus separate faint source nodes,USE R154 DISPLAY-ONLY SUCCESSOR,"PASS: normalised RMS=0.102512146941, normalised max=0.813354689431, new extrema=0, exact source hits=0; no topology/order/crossing violation.",LaTex/work/preprint/R154_SMOOTH_CURVE_SEMANTICS_CANDIDATE_v1/rotation/qa/R154_SMOOTH_CURVE_SEMANTICS_QA_v1.json:fig20_a:UGC02953:MOND-standard,DIRECT_R154_ROTATION_QA,PASS_SUPPORTED_NO_UNKNOWN
fig:r123_atlas_f20a,UGC02953,MOND-standard__source_nodes,sparse_nodes_unconnected,frozen conditional model ordinates at source radii,frozen R102/R127 rotation source arrays; scientific fits and residuals remain on these ordinates,115 irregular source radii; no extrapolation,none on model ordinates; observational error belongs only to SPARC points,faint unconnected open nodes,RETAIN AS THE SCIENTIFIC NUMERIC OWNER,No physical continuous radial owner is inferred from these nodes.,LaTex/work/preprint/R154_SMOOTH_CURVE_SEMANTICS_CANDIDATE_v1/rotation/qa/R154_SMOOTH_CURVE_SEMANTICS_QA_v1.json:fig20_a:UGC02953:MOND-standard,DIRECT_R154_ROTATION_QA,PASS_SUPPORTED_NO_UNKNOWN
fig:r123_atlas_f20a,UGC02953,NFW-fit__display_curve,display_only_residual_gated_PCHIP,"display-only curve; never used in fit, likelihood, residual, or source ordering",R154 residual-gated curvature regularisation of display nodes followed by shape-preserving PCHIP,dense in-domain display grid; no extrapolation,no statistical uncertainty; deterministic display residual recorded in R154 QA,smooth line plus separate faint source nodes,USE R154 DISPLAY-ONLY SUCCESSOR,"PASS: normalised RMS=0.102559743853, normalised max=0.810839498707, new extrema=0, exact source hits=0; no topology/order/crossing violation.",LaTex/work/preprint/R154_SMOOTH_CURVE_SEMANTICS_CANDIDATE_v1/rotation/qa/R154_SMOOTH_CURVE_SEMANTICS_QA_v1.json:fig20_a:UGC02953:NFW-fit,DIRECT_R154_ROTATION_QA,PASS_SUPPORTED_NO_UNKNOWN
fig:r123_atlas_f20a,UGC02953,NFW-fit__source_nodes,statistical_fit/approximation,two-parameter NFW estimator evaluated at source radii,frozen R102/R127 rotation source arrays; scientific fits and residuals remain on these ordinates,115 irregular source radii; no extrapolation,none on model ordinates; observational error belongs only to SPARC points,faint unconnected open nodes,RETAIN AS THE SCIENTIFIC NUMERIC OWNER,No physical continuous radial owner is inferred from these nodes.,LaTex/work/preprint/R154_SMOOTH_CURVE_SEMANTICS_CANDIDATE_v1/rotation/qa/R154_SMOOTH_CURVE_SEMANTICS_QA_v1.json:fig20_a:UGC02953:NFW-fit,DIRECT_R154_ROTATION_QA,PASS_SUPPORTED_NO_UNKNOWN
fig:r123_atlas_f20a,UGC02953,SPARC_observed_velocity,observations_unconnected,external SPARC observations,"frozen SPARC radius, velocity and uncertainty columns used by the rotation owner",115 irregular observed radii for this panel,SPARC displayed velocity errors,black unconnected error-bar markers,USE R154 UNCONNECTED OBSERVATIONS,"No connector, interpolation, or smoothing is assigned to observations.",LaTex/work/preprint/R154_SMOOTH_CURVE_SEMANTICS_CANDIDATE_v1/rotation/qa/R154_SMOOTH_CURVE_SEMANTICS_QA_v1.json:fig20_a:UGC02953,DIRECT_R154_ROTATION_QA,PASS_SUPPORTED_NO_UNKNOWN
fig:r123_atlas_f20a,UGC02953,baryons__display_curve,display_only_residual_gated_PCHIP,"display-only curve; never used in fit, likelihood, residual, or source ordering",R154 residual-gated curvature regularisation of display nodes followed by shape-preserving PCHIP,dense in-domain display grid; no extrapolation,no statistical uncertainty; deterministic display residual recorded in R154 QA,smooth line plus separate faint source nodes,USE R154 DISPLAY-ONLY SUCCESSOR,"PASS: normalised RMS=0.102511029173, normalised max=0.813644944109, new extrema=0, exact source hits=0; no topology/order/crossing violation.",LaTex/work/preprint/R154_SMOOTH_CURVE_SEMANTICS_CANDIDATE_v1/rotation/qa/R154_SMOOTH_CURVE_SEMANTICS_QA_v1.json:fig20_a:UGC02953:baryons,DIRECT_R154_ROTATION_QA,PASS_SUPPORTED_NO_UNKNOWN
fig:r123_atlas_f20a,UGC02953,baryons__source_nodes,sparse_nodes_unconnected,frozen conditional model ordinates at source radii,frozen R102/R127 rotation source arrays; scientific fits and residuals remain on these ordinates,115 irregular source radii; no extrapolation,none on model ordinates; observational error belongs only to SPARC points,faint unconnected open nodes,RETAIN AS THE SCIENTIFIC NUMERIC OWNER,No physical continuous radial owner is inferred from these nodes.,LaTex/work/preprint/R154_SMOOTH_CURVE_SEMANTICS_CANDIDATE_v1/rotation/qa/R154_SMOOTH_CURVE_SEMANTICS_QA_v1.json:fig20_a:UGC02953:baryons,DIRECT_R154_ROTATION_QA,PASS_SUPPORTED_NO_UNKNOWN
fig:r123_atlas_f20b,UGC09133,HRC-0__display_curve,display_only_residual_gated_PCHIP,"display-only curve; never used in fit, likelihood, residual, or source ordering",R154 residual-gated curvature regularisation of display nodes followed by shape-preserving PCHIP,dense in-domain display grid; no extrapolation,no statistical uncertainty; deterministic display residual recorded in R154 QA,smooth line plus separate faint source nodes,USE R154 DISPLAY-ONLY SUCCESSOR,"PASS: normalised RMS=0.101034050411, normalised max=0.692908680482, new extrema=0, exact source hits=0; no topology/order/crossing violation.",LaTex/work/preprint/R154_SMOOTH_CURVE_SEMANTICS_CANDIDATE_v1/rotation/qa/R154_SMOOTH_CURVE_SEMANTICS_QA_v1.json:fig20_b:UGC09133:HRC-0,DIRECT_R154_ROTATION_QA,PASS_SUPPORTED_NO_UNKNOWN
fig:r123_atlas_f20b,UGC09133,HRC-0__source_nodes,sparse_nodes_unconnected,frozen conditional model ordinates at source radii,frozen R102/R127 rotation source arrays; scientific fits and residuals remain on these ordinates,68 irregular source radii; no extrapolation,none on model ordinates; observational error belongs only to SPARC points,faint unconnected open nodes,RETAIN AS THE SCIENTIFIC NUMERIC OWNER,No physical continuous radial owner is inferred from these nodes.,LaTex/work/preprint/R154_SMOOTH_CURVE_SEMANTICS_CANDIDATE_v1/rotation/qa/R154_SMOOTH_CURVE_SEMANTICS_QA_v1.json:fig20_b:UGC09133:HRC-0,DIRECT_R154_ROTATION_QA,PASS_SUPPORTED_NO_UNKNOWN
fig:r123_atlas_f20b,UGC09133,HRC-3__display_curve,display_only_residual_gated_PCHIP,"display-only curve; never used in fit, likelihood, residual, or source ordering",R154 residual-gated curvature regularisation of display nodes followed by shape-preserving PCHIP,dense in-domain display grid; no extrapolation,no statistical uncertainty; deterministic display residual recorded in R154 QA,smooth line plus separate faint source nodes,USE R154 DISPLAY-ONLY SUCCESSOR,"PASS: normalised RMS=0.101035707258, normalised max=0.692973934556, new extrema=0, exact source hits=0; no topology/order/crossing violation.",LaTex/work/preprint/R154_SMOOTH_CURVE_SEMANTICS_CANDIDATE_v1/rotation/qa/R154_SMOOTH_CURVE_SEMANTICS_QA_v1.json:fig20_b:UGC09133:HRC-3,DIRECT_R154_ROTATION_QA,PASS_SUPPORTED_NO_UNKNOWN
fig:r123_atlas_f20b,UGC09133,HRC-3__source_nodes,sparse_nodes_unconnected,frozen conditional model ordinates at source radii,frozen R102/R127 rotation source arrays; scientific fits and residuals remain on these ordinates,68 irregular source radii; no extrapolation,none on model ordinates; observational error belongs only to SPARC points,faint unconnected open nodes,RETAIN AS THE SCIENTIFIC NUMERIC OWNER,No physical continuous radial owner is inferred from these nodes.,LaTex/work/preprint/R154_SMOOTH_CURVE_SEMANTICS_CANDIDATE_v1/rotation/qa/R154_SMOOTH_CURVE_SEMANTICS_QA_v1.json:fig20_b:UGC09133:HRC-3,DIRECT_R154_ROTATION_QA,PASS_SUPPORTED_NO_UNKNOWN
fig:r123_atlas_f20b,UGC09133,MOND-standard__display_curve,display_only_residual_gated_PCHIP,"display-only curve; never used in fit, likelihood, residual, or source ordering",R154 residual-gated curvature regularisation of display nodes followed by shape-preserving PCHIP,dense in-domain display grid; no extrapolation,no statistical uncertainty; deterministic display residual recorded in R154 QA,smooth line plus separate faint source nodes,USE R154 DISPLAY-ONLY SUCCESSOR,"PASS: normalised RMS=0.101032965759, normalised max=0.692860267357, new extrema=0, exact source hits=0; no topology/order/crossing violation.",LaTex/work/preprint/R154_SMOOTH_CURVE_SEMANTICS_CANDIDATE_v1/rotation/qa/R154_SMOOTH_CURVE_SEMANTICS_QA_v1.json:fig20_b:UGC09133:MOND-standard,DIRECT_R154_ROTATION_QA,PASS_SUPPORTED_NO_UNKNOWN
fig:r123_atlas_f20b,UGC09133,MOND-standard__source_nodes,sparse_nodes_unconnected,frozen conditional model ordinates at source radii,frozen R102/R127 rotation source arrays; scientific fits and residuals remain on these ordinates,68 irregular source radii; no extrapolation,none on model ordinates; observational error belongs only to SPARC points,faint unconnected open nodes,RETAIN AS THE SCIENTIFIC NUMERIC OWNER,No physical continuous radial owner is inferred from these nodes.,LaTex/work/preprint/R154_SMOOTH_CURVE_SEMANTICS_CANDIDATE_v1/rotation/qa/R154_SMOOTH_CURVE_SEMANTICS_QA_v1.json:fig20_b:UGC09133:MOND-standard,DIRECT_R154_ROTATION_QA,PASS_SUPPORTED_NO_UNKNOWN
fig:r123_atlas_f20b,UGC09133,NFW-fit__display_curve,display_only_residual_gated_PCHIP,"display-only curve; never used in fit, likelihood, residual, or source ordering",R154 residual-gated curvature regularisation of display nodes followed by shape-preserving PCHIP,dense in-domain display grid; no extrapolation,no statistical uncertainty; deterministic display residual recorded in R154 QA,smooth line plus separate faint source nodes,USE R154 DISPLAY-ONLY SUCCESSOR,"PASS: normalised RMS=0.101041532601, normalised max=0.69291792926, new extrema=0, exact source hits=0; no topology/order/crossing violation.",LaTex/work/preprint/R154_SMOOTH_CURVE_SEMANTICS_CANDIDATE_v1/rotation/qa/R154_SMOOTH_CURVE_SEMANTICS_QA_v1.json:fig20_b:UGC09133:NFW-fit,DIRECT_R154_ROTATION_QA,PASS_SUPPORTED_NO_UNKNOWN
fig:r123_atlas_f20b,UGC09133,NFW-fit__source_nodes,statistical_fit/approximation,two-parameter NFW estimator evaluated at source radii,frozen R102/R127 rotation source arrays; scientific fits and residuals remain on these ordinates,68 irregular source radii; no extrapolation,none on model ordinates; observational error belongs only to SPARC points,faint unconnected open nodes,RETAIN AS THE SCIENTIFIC NUMERIC OWNER,No physical continuous radial owner is inferred from these nodes.,LaTex/work/preprint/R154_SMOOTH_CURVE_SEMANTICS_CANDIDATE_v1/rotation/qa/R154_SMOOTH_CURVE_SEMANTICS_QA_v1.json:fig20_b:UGC09133:NFW-fit,DIRECT_R154_ROTATION_QA,PASS_SUPPORTED_NO_UNKNOWN
fig:r123_atlas_f20b,UGC09133,SPARC_observed_velocity,observations_unconnected,external SPARC observations,"frozen SPARC radius, velocity and uncertainty columns used by the rotation owner",68 irregular observed radii for this panel,SPARC displayed velocity errors,black unconnected error-bar markers,USE R154 UNCONNECTED OBSERVATIONS,"No connector, interpolation, or smoothing is assigned to observations.",LaTex/work/preprint/R154_SMOOTH_CURVE_SEMANTICS_CANDIDATE_v1/rotation/qa/R154_SMOOTH_CURVE_SEMANTICS_QA_v1.json:fig20_b:UGC09133,DIRECT_R154_ROTATION_QA,PASS_SUPPORTED_NO_UNKNOWN
fig:r123_atlas_f20b,UGC09133,baryons__display_curve,display_only_residual_gated_PCHIP,"display-only curve; never used in fit, likelihood, residual, or source ordering",R154 residual-gated curvature regularisation of display nodes followed by shape-preserving PCHIP,dense in-domain display grid; no extrapolation,no statistical uncertainty; deterministic display residual recorded in R154 QA,smooth line plus separate faint source nodes,USE R154 DISPLAY-ONLY SUCCESSOR,"PASS: normalised RMS=0.101032088793, normalised max=0.692812219327, new extrema=0, exact source hits=0; no topology/order/crossing violation.",LaTex/work/preprint/R154_SMOOTH_CURVE_SEMANTICS_CANDIDATE_v1/rotation/qa/R154_SMOOTH_CURVE_SEMANTICS_QA_v1.json:fig20_b:UGC09133:baryons,DIRECT_R154_ROTATION_QA,PASS_SUPPORTED_NO_UNKNOWN
fig:r123_atlas_f20b,UGC09133,baryons__source_nodes,sparse_nodes_unconnected,frozen conditional model ordinates at source radii,frozen R102/R127 rotation source arrays; scientific fits and residuals remain on these ordinates,68 irregular source radii; no extrapolation,none on model ordinates; observational error belongs only to SPARC points,faint unconnected open nodes,RETAIN AS THE SCIENTIFIC NUMERIC OWNER,No physical continuous radial owner is inferred from these nodes.,LaTex/work/preprint/R154_SMOOTH_CURVE_SEMANTICS_CANDIDATE_v1/rotation/qa/R154_SMOOTH_CURVE_SEMANTICS_QA_v1.json:fig20_b:UGC09133:baryons,DIRECT_R154_ROTATION_QA,PASS_SUPPORTED_NO_UNKNOWN
fig:r123_atlas_f20c,NGC6946,HRC-0__display_curve,display_only_residual_gated_PCHIP,"display-only curve; never used in fit, likelihood, residual, or source ordering",R154 residual-gated curvature regularisation of display nodes followed by shape-preserving PCHIP,dense in-domain display grid; no extrapolation,no statistical uncertainty; deterministic display residual recorded in R154 QA,smooth line plus separate faint source nodes,USE R154 DISPLAY-ONLY SUCCESSOR,"PASS: normalised RMS=0.102164571935, normalised max=0.596823630536, new extrema=0, exact source hits=0; no topology/order/crossing violation.",LaTex/work/preprint/R154_SMOOTH_CURVE_SEMANTICS_CANDIDATE_v1/rotation/qa/R154_SMOOTH_CURVE_SEMANTICS_QA_v1.json:fig20_c:NGC6946:HRC-0,DIRECT_R154_ROTATION_QA,PASS_SUPPORTED_NO_UNKNOWN
fig:r123_atlas_f20c,NGC6946,HRC-0__source_nodes,sparse_nodes_unconnected,frozen conditional model ordinates at source radii,frozen R102/R127 rotation source arrays; scientific fits and residuals remain on these ordinates,58 irregular source radii; no extrapolation,none on model ordinates; observational error belongs only to SPARC points,faint unconnected open nodes,RETAIN AS THE SCIENTIFIC NUMERIC OWNER,No physical continuous radial owner is inferred from these nodes.,LaTex/work/preprint/R154_SMOOTH_CURVE_SEMANTICS_CANDIDATE_v1/rotation/qa/R154_SMOOTH_CURVE_SEMANTICS_QA_v1.json:fig20_c:NGC6946:HRC-0,DIRECT_R154_ROTATION_QA,PASS_SUPPORTED_NO_UNKNOWN
fig:r123_atlas_f20c,NGC6946,HRC-3__display_curve,display_only_residual_gated_PCHIP,"display-only curve; never used in fit, likelihood, residual, or source ordering",R154 residual-gated curvature regularisation of display nodes followed by shape-preserving PCHIP,dense in-domain display grid; no extrapolation,no statistical uncertainty; deterministic display residual recorded in R154 QA,smooth line plus separate faint source nodes,USE R154 DISPLAY-ONLY SUCCESSOR,"PASS: normalised RMS=0.102103006519, normalised max=0.592652868802, new extrema=0, exact source hits=0; no topology/order/crossing violation.",LaTex/work/preprint/R154_SMOOTH_CURVE_SEMANTICS_CANDIDATE_v1/rotation/qa/R154_SMOOTH_CURVE_SEMANTICS_QA_v1.json:fig20_c:NGC6946:HRC-3,DIRECT_R154_ROTATION_QA,PASS_SUPPORTED_NO_UNKNOWN
fig:r123_atlas_f20c,NGC6946,HRC-3__source_nodes,sparse_nodes_unconnected,frozen conditional model ordinates at source radii,frozen R102/R127 rotation source arrays; scientific fits and residuals remain on these ordinates,58 irregular source radii; no extrapolation,none on model ordinates; observational error belongs only to SPARC points,faint unconnected open nodes,RETAIN AS THE SCIENTIFIC NUMERIC OWNER,No physical continuous radial owner is inferred from these nodes.,LaTex/work/preprint/R154_SMOOTH_CURVE_SEMANTICS_CANDIDATE_v1/rotation/qa/R154_SMOOTH_CURVE_SEMANTICS_QA_v1.json:fig20_c:NGC6946:HRC-3,DIRECT_R154_ROTATION_QA,PASS_SUPPORTED_NO_UNKNOWN
fig:r123_atlas_f20c,NGC6946,MOND-standard__display_curve,display_only_residual_gated_PCHIP,"display-only curve; never used in fit, likelihood, residual, or source ordering",R154 residual-gated curvature regularisation of display nodes followed by shape-preserving PCHIP,dense in-domain display grid; no extrapolation,no statistical uncertainty; deterministic display residual recorded in R154 QA,smooth line plus separate faint source nodes,USE R154 DISPLAY-ONLY SUCCESSOR,"PASS: normalised RMS=0.102213570209, normalised max=0.59387182056, new extrema=0, exact source hits=0; no topology/order/crossing violation.",LaTex/work/preprint/R154_SMOOTH_CURVE_SEMANTICS_CANDIDATE_v1/rotation/qa/R154_SMOOTH_CURVE_SEMANTICS_QA_v1.json:fig20_c:NGC6946:MOND-standard,DIRECT_R154_ROTATION_QA,PASS_SUPPORTED_NO_UNKNOWN
fig:r123_atlas_f20c,NGC6946,MOND-standard__source_nodes,sparse_nodes_unconnected,frozen conditional model ordinates at source radii,frozen R102/R127 rotation source arrays; scientific fits and residuals remain on these ordinates,58 irregular source radii; no extrapolation,none on model ordinates; observational error belongs only to SPARC points,faint unconnected open nodes,RETAIN AS THE SCIENTIFIC NUMERIC OWNER,No physical continuous radial owner is inferred from these nodes.,LaTex/work/preprint/R154_SMOOTH_CURVE_SEMANTICS_CANDIDATE_v1/rotation/qa/R154_SMOOTH_CURVE_SEMANTICS_QA_v1.json:fig20_c:NGC6946:MOND-standard,DIRECT_R154_ROTATION_QA,PASS_SUPPORTED_NO_UNKNOWN
fig:r123_atlas_f20c,NGC6946,NFW-fit__display_curve,display_only_residual_gated_PCHIP,"display-only curve; never used in fit, likelihood, residual, or source ordering",R154 residual-gated curvature regularisation of display nodes followed by shape-preserving PCHIP,dense in-domain display grid; no extrapolation,no statistical uncertainty; deterministic display residual recorded in R154 QA,smooth line plus separate faint source nodes,USE R154 DISPLAY-ONLY SUCCESSOR,"PASS: normalised RMS=0.102226478131, normalised max=0.597017648135, new extrema=0, exact source hits=0; no topology/order/crossing violation.",LaTex/work/preprint/R154_SMOOTH_CURVE_SEMANTICS_CANDIDATE_v1/rotation/qa/R154_SMOOTH_CURVE_SEMANTICS_QA_v1.json:fig20_c:NGC6946:NFW-fit,DIRECT_R154_ROTATION_QA,PASS_SUPPORTED_NO_UNKNOWN
fig:r123_atlas_f20c,NGC6946,NFW-fit__source_nodes,statistical_fit/approximation,two-parameter NFW estimator evaluated at source radii,frozen R102/R127 rotation source arrays; scientific fits and residuals remain on these ordinates,58 irregular source radii; no extrapolation,none on model ordinates; observational error belongs only to SPARC points,faint unconnected open nodes,RETAIN AS THE SCIENTIFIC NUMERIC OWNER,No physical continuous radial owner is inferred from these nodes.,LaTex/work/preprint/R154_SMOOTH_CURVE_SEMANTICS_CANDIDATE_v1/rotation/qa/R154_SMOOTH_CURVE_SEMANTICS_QA_v1.json:fig20_c:NGC6946:NFW-fit,DIRECT_R154_ROTATION_QA,PASS_SUPPORTED_NO_UNKNOWN
fig:r123_atlas_f20c,NGC6946,SPARC_observed_velocity,observations_unconnected,external SPARC observations,"frozen SPARC radius, velocity and uncertainty columns used by the rotation owner",58 irregular observed radii for this panel,SPARC displayed velocity errors,black unconnected error-bar markers,USE R154 UNCONNECTED OBSERVATIONS,"No connector, interpolation, or smoothing is assigned to observations.",LaTex/work/preprint/R154_SMOOTH_CURVE_SEMANTICS_CANDIDATE_v1/rotation/qa/R154_SMOOTH_CURVE_SEMANTICS_QA_v1.json:fig20_c:NGC6946,DIRECT_R154_ROTATION_QA,PASS_SUPPORTED_NO_UNKNOWN
fig:r123_atlas_f20c,NGC6946,baryons__display_curve,display_only_residual_gated_PCHIP,"display-only curve; never used in fit, likelihood, residual, or source ordering",R154 residual-gated curvature regularisation of display nodes followed by shape-preserving PCHIP,dense in-domain display grid; no extrapolation,no statistical uncertainty; deterministic display residual recorded in R154 QA,smooth line plus separate faint source nodes,USE R154 DISPLAY-ONLY SUCCESSOR,"PASS: normalised RMS=0.102268581855, normalised max=0.576301346257, new extrema=0, exact source hits=0; no topology/order/crossing violation.",LaTex/work/preprint/R154_SMOOTH_CURVE_SEMANTICS_CANDIDATE_v1/rotation/qa/R154_SMOOTH_CURVE_SEMANTICS_QA_v1.json:fig20_c:NGC6946:baryons,DIRECT_R154_ROTATION_QA,PASS_SUPPORTED_NO_UNKNOWN
fig:r123_atlas_f20c,NGC6946,baryons__source_nodes,sparse_nodes_unconnected,frozen conditional model ordinates at source radii,frozen R102/R127 rotation source arrays; scientific fits and residuals remain on these ordinates,58 irregular source radii; no extrapolation,none on model ordinates; observational error belongs only to SPARC points,faint unconnected open nodes,RETAIN AS THE SCIENTIFIC NUMERIC OWNER,No physical continuous radial owner is inferred from these nodes.,LaTex/work/preprint/R154_SMOOTH_CURVE_SEMANTICS_CANDIDATE_v1/rotation/qa/R154_SMOOTH_CURVE_SEMANTICS_QA_v1.json:fig20_c:NGC6946:baryons,DIRECT_R154_ROTATION_QA,PASS_SUPPORTED_NO_UNKNOWN
fig:r123_atlas_f20d,NGC7331,HRC-0__display_curve,display_only_residual_gated_PCHIP,"display-only curve; never used in fit, likelihood, residual, or source ordering",R154 residual-gated curvature regularisation of display nodes followed by shape-preserving PCHIP,dense in-domain display grid; no extrapolation,no statistical uncertainty; deterministic display residual recorded in R154 QA,smooth line plus separate faint source nodes,USE R154 DISPLAY-ONLY SUCCESSOR,"PASS: normalised RMS=0.2, normalised max=0.715867004709, new extrema=0, exact source hits=0; no topology/order/crossing violation.",LaTex/work/preprint/R154_SMOOTH_CURVE_SEMANTICS_CANDIDATE_v1/rotation/qa/R154_SMOOTH_CURVE_SEMANTICS_QA_v1.json:fig20_d:NGC7331:HRC-0,DIRECT_R154_ROTATION_QA,PASS_SUPPORTED_NO_UNKNOWN
fig:r123_atlas_f20d,NGC7331,HRC-0__source_nodes,sparse_nodes_unconnected,frozen conditional model ordinates at source radii,frozen R102/R127 rotation source arrays; scientific fits and residuals remain on these ordinates,36 irregular source radii; no extrapolation,none on model ordinates; observational error belongs only to SPARC points,faint unconnected open nodes,RETAIN AS THE SCIENTIFIC NUMERIC OWNER,No physical continuous radial owner is inferred from these nodes.,LaTex/work/preprint/R154_SMOOTH_CURVE_SEMANTICS_CANDIDATE_v1/rotation/qa/R154_SMOOTH_CURVE_SEMANTICS_QA_v1.json:fig20_d:NGC7331:HRC-0,DIRECT_R154_ROTATION_QA,PASS_SUPPORTED_NO_UNKNOWN
fig:r123_atlas_f20d,NGC7331,HRC-3__display_curve,display_only_residual_gated_PCHIP,"display-only curve; never used in fit, likelihood, residual, or source ordering",R154 residual-gated curvature regularisation of display nodes followed by shape-preserving PCHIP,dense in-domain display grid; no extrapolation,no statistical uncertainty; deterministic display residual recorded in R154 QA,smooth line plus separate faint source nodes,USE R154 DISPLAY-ONLY SUCCESSOR,"PASS: normalised RMS=0.2, normalised max=0.722752402073, new extrema=0, exact source hits=0; no topology/order/crossing violation.",LaTex/work/preprint/R154_SMOOTH_CURVE_SEMANTICS_CANDIDATE_v1/rotation/qa/R154_SMOOTH_CURVE_SEMANTICS_QA_v1.json:fig20_d:NGC7331:HRC-3,DIRECT_R154_ROTATION_QA,PASS_SUPPORTED_NO_UNKNOWN
fig:r123_atlas_f20d,NGC7331,HRC-3__source_nodes,sparse_nodes_unconnected,frozen conditional model ordinates at source radii,frozen R102/R127 rotation source arrays; scientific fits and residuals remain on these ordinates,36 irregular source radii; no extrapolation,none on model ordinates; observational error belongs only to SPARC points,faint unconnected open nodes,RETAIN AS THE SCIENTIFIC NUMERIC OWNER,No physical continuous radial owner is inferred from these nodes.,LaTex/work/preprint/R154_SMOOTH_CURVE_SEMANTICS_CANDIDATE_v1/rotation/qa/R154_SMOOTH_CURVE_SEMANTICS_QA_v1.json:fig20_d:NGC7331:HRC-3,DIRECT_R154_ROTATION_QA,PASS_SUPPORTED_NO_UNKNOWN
fig:r123_atlas_f20d,NGC7331,MOND-standard__display_curve,display_only_residual_gated_PCHIP,"display-only curve; never used in fit, likelihood, residual, or source ordering",R154 residual-gated curvature regularisation of display nodes followed by shape-preserving PCHIP,dense in-domain display grid; no extrapolation,no statistical uncertainty; deterministic display residual recorded in R154 QA,smooth line plus separate faint source nodes,USE R154 DISPLAY-ONLY SUCCESSOR,"PASS: normalised RMS=0.2, normalised max=0.709133666323, new extrema=0, exact source hits=0; no topology/order/crossing violation.",LaTex/work/preprint/R154_SMOOTH_CURVE_SEMANTICS_CANDIDATE_v1/rotation/qa/R154_SMOOTH_CURVE_SEMANTICS_QA_v1.json:fig20_d:NGC7331:MOND-standard,DIRECT_R154_ROTATION_QA,PASS_SUPPORTED_NO_UNKNOWN
fig:r123_atlas_f20d,NGC7331,MOND-standard__source_nodes,sparse_nodes_unconnected,frozen conditional model ordinates at source radii,frozen R102/R127 rotation source arrays; scientific fits and residuals remain on these ordinates,36 irregular source radii; no extrapolation,none on model ordinates; observational error belongs only to SPARC points,faint unconnected open nodes,RETAIN AS THE SCIENTIFIC NUMERIC OWNER,No physical continuous radial owner is inferred from these nodes.,LaTex/work/preprint/R154_SMOOTH_CURVE_SEMANTICS_CANDIDATE_v1/rotation/qa/R154_SMOOTH_CURVE_SEMANTICS_QA_v1.json:fig20_d:NGC7331:MOND-standard,DIRECT_R154_ROTATION_QA,PASS_SUPPORTED_NO_UNKNOWN
fig:r123_atlas_f20d,NGC7331,NFW-fit__display_curve,display_only_residual_gated_PCHIP,"display-only curve; never used in fit, likelihood, residual, or source ordering",R154 residual-gated curvature regularisation of display nodes followed by shape-preserving PCHIP,dense in-domain display grid; no extrapolation,no statistical uncertainty; deterministic display residual recorded in R154 QA,smooth line plus separate faint source nodes,USE R154 DISPLAY-ONLY SUCCESSOR,"PASS: normalised RMS=0.2, normalised max=0.70501077829, new extrema=0, exact source hits=0; no topology/order/crossing violation.",LaTex/work/preprint/R154_SMOOTH_CURVE_SEMANTICS_CANDIDATE_v1/rotation/qa/R154_SMOOTH_CURVE_SEMANTICS_QA_v1.json:fig20_d:NGC7331:NFW-fit,DIRECT_R154_ROTATION_QA,PASS_SUPPORTED_NO_UNKNOWN
fig:r123_atlas_f20d,NGC7331,NFW-fit__source_nodes,statistical_fit/approximation,two-parameter NFW estimator evaluated at source radii,frozen R102/R127 rotation source arrays; scientific fits and residuals remain on these ordinates,36 irregular source radii; no extrapolation,none on model ordinates; observational error belongs only to SPARC points,faint unconnected open nodes,RETAIN AS THE SCIENTIFIC NUMERIC OWNER,No physical continuous radial owner is inferred from these nodes.,LaTex/work/preprint/R154_SMOOTH_CURVE_SEMANTICS_CANDIDATE_v1/rotation/qa/R154_SMOOTH_CURVE_SEMANTICS_QA_v1.json:fig20_d:NGC7331:NFW-fit,DIRECT_R154_ROTATION_QA,PASS_SUPPORTED_NO_UNKNOWN
fig:r123_atlas_f20d,NGC7331,SPARC_observed_velocity,observations_unconnected,external SPARC observations,"frozen SPARC radius, velocity and uncertainty columns used by the rotation owner",36 irregular observed radii for this panel,SPARC displayed velocity errors,black unconnected error-bar markers,USE R154 UNCONNECTED OBSERVATIONS,"No connector, interpolation, or smoothing is assigned to observations.",LaTex/work/preprint/R154_SMOOTH_CURVE_SEMANTICS_CANDIDATE_v1/rotation/qa/R154_SMOOTH_CURVE_SEMANTICS_QA_v1.json:fig20_d:NGC7331,DIRECT_R154_ROTATION_QA,PASS_SUPPORTED_NO_UNKNOWN
fig:r123_atlas_f20d,NGC7331,baryons__display_curve,display_only_residual_gated_PCHIP,"display-only curve; never used in fit, likelihood, residual, or source ordering",R154 residual-gated curvature regularisation of display nodes followed by shape-preserving PCHIP,dense in-domain display grid; no extrapolation,no statistical uncertainty; deterministic display residual recorded in R154 QA,smooth line plus separate faint source nodes,USE R154 DISPLAY-ONLY SUCCESSOR,"PASS: normalised RMS=0.2, normalised max=0.698389712887, new extrema=0, exact source hits=0; no topology/order/crossing violation.",LaTex/work/preprint/R154_SMOOTH_CURVE_SEMANTICS_CANDIDATE_v1/rotation/qa/R154_SMOOTH_CURVE_SEMANTICS_QA_v1.json:fig20_d:NGC7331:baryons,DIRECT_R154_ROTATION_QA,PASS_SUPPORTED_NO_UNKNOWN
fig:r123_atlas_f20d,NGC7331,baryons__source_nodes,sparse_nodes_unconnected,frozen conditional model ordinates at source radii,frozen R102/R127 rotation source arrays; scientific fits and residuals remain on these ordinates,36 irregular source radii; no extrapolation,none on model ordinates; observational error belongs only to SPARC points,faint unconnected open nodes,RETAIN AS THE SCIENTIFIC NUMERIC OWNER,No physical continuous radial owner is inferred from these nodes.,LaTex/work/preprint/R154_SMOOTH_CURVE_SEMANTICS_CANDIDATE_v1/rotation/qa/R154_SMOOTH_CURVE_SEMANTICS_QA_v1.json:fig20_d:NGC7331:baryons,DIRECT_R154_ROTATION_QA,PASS_SUPPORTED_NO_UNKNOWN
fig:mw_new,main,HRC_and_baryonic_models,dense_solver_owner,conditional disk/model evaluations,declared exponential-disk model densely evaluated on radius,declared figure domain; no extrapolation beyond the named owner,none unless stated in caption/owner,continuous model curves,RETAIN DENSE MODEL CURVES,"Conditional HRC sensitivity test, not a unique Milky-Way prediction.",LaTex/FIGURE_REGISTRY.csv:fig:mw_new | LaTex/ECT_preprint.tex:56790 | LaTex/work/preprint/R127_VISUAL_COSMOLOGY_PES_COMPLETION_CANDIDATE_v1/components/native_font_rerender_v1/build_r127_native_font_rerender.py;LaTex/scripts/hrc/make_r97_hrc_completion_figures.py | LaTex/work/preprint/R127_VISUAL_COSMOLOGY_PES_COMPLETION_CANDIDATE_v1/components/font_readability_remediation_v1/assets/r123__global__panels__fig_milky_way_hrc_only_r123__reader_scale_r127.pdf,REGISTRY_OWNER_CAPTION_AND_R153_SOURCE_AUDIT,PASS_SUPPORTED_NO_UNKNOWN
fig:mw_new,main,Milky_Way_observations,observations_unconnected,external rotation constraints,frozen representative Milky-Way observations,declared figure domain; no extrapolation beyond the named owner,none unless stated in caption/owner,unconnected error-bar markers,RETAIN UNCONNECTED,No interpolant is assigned to observations.,LaTex/FIGURE_REGISTRY.csv:fig:mw_new | LaTex/ECT_preprint.tex:56790 | LaTex/work/preprint/R127_VISUAL_COSMOLOGY_PES_COMPLETION_CANDIDATE_v1/components/native_font_rerender_v1/build_r127_native_font_rerender.py;LaTex/scripts/hrc/make_r97_hrc_completion_figures.py | LaTex/work/preprint/R127_VISUAL_COSMOLOGY_PES_COMPLETION_CANDIDATE_v1/components/font_readability_remediation_v1/assets/r123__global__panels__fig_milky_way_hrc_only_r123__reader_scale_r127.pdf,REGISTRY_OWNER_CAPTION_AND_R153_SOURCE_AUDIT,PASS_SUPPORTED_NO_UNKNOWN
fig:r123_atlas_f35a,fig35_a_tolman_kinematics_smooth_r154,$T_{\rm loc}/T_{\rm ref}=1/x$,exact_analytic_dense,analytic/dense/sparse model series as declared by R154 nonrotation QA,LaTex/scripts/fig_bh_information.py,1200 source points; 1200 rendered line points; 0 rendered markers,none; this is deterministic model/benchmark output,continuous line,USE_R154_CONTINUOUS_SUCCESSOR; DECORATIVE SAMPLE MARKERS REMOVED,Standard external benchmark; not ECT-specific,LaTex/work/preprint/R154_SMOOTH_CURVE_SEMANTICS_CANDIDATE_v1/nonrotation/R154_NONROTATION_SERIES_QA_v1.json:fig:r123_atlas_f35a:$T_{\rm loc}/T_{\rm ref}=1/x$,DIRECT_R154_NUMERIC_QA,PASS_SUPPORTED_NO_UNKNOWN
fig:r123_atlas_f35c,fig35_c_hawking_benchmark_smooth_r154,standard Hawking $T_H(M)$,exact_analytic_dense,analytic/dense/sparse model series as declared by R154 nonrotation QA,LaTex/scripts/fig_bh_information.py,500 source points; 500 rendered line points; 0 rendered markers,none; this is deterministic model/benchmark output,continuous line,USE_R154_CONTINUOUS_SUCCESSOR; DECORATIVE SAMPLE MARKERS REMOVED,Standard external benchmark; ECT shell depth Open,LaTex/work/preprint/R154_SMOOTH_CURVE_SEMANTICS_CANDIDATE_v1/nonrotation/R154_NONROTATION_SERIES_QA_v1.json:fig:r123_atlas_f35c:standard Hawking $T_H(M)$,DIRECT_R154_NUMERIC_QA,PASS_SUPPORTED_NO_UNKNOWN
fig:r123_atlas_f41a,main,orientation_stiffness_relation,exact_analytic_dense,conditional upstream relation,declared analytic stiffness response,declared figure domain; no extrapolation beyond the named owner,none unless stated in caption/owner,dense analytic curve,RETAIN CONTINUOUS ANALYTIC CURVE,Tensor bridge remains Open.,LaTex/FIGURE_REGISTRY.csv:fig:r123_atlas_f41a | LaTex/ECT_preprint.tex:56819 | LaTex/work/preprint/R149_READER_LAYOUT_CANDIDATE_v1/second_half_typography_successors/build_successors.py | research/derivations/pes_usage/gpt/R120_PUBLIC_RELEASE_CLOSURE_CANDIDATE_v1/m1_final/M1_PUBLIC_PROTOCOL_PAYLOAD_v2.json;LaTex/data/cosmology_r113/R113_ONE_POLE_CLUSTER_NO_GO_v2.json;LaTex/data/cosmology_r103/R103_TWO_SLOPE_HWG_FROZEN_v1.csv;LaTex/scripts/figures/make_r103_restored_visuals.py;LaTex/scripts/figures/make_r114_closure_figures.py;LaTex/scripts/figures/make_r114_pes_m1_fdt_figure_v2.py,REGISTRY_OWNER_CAPTION_AND_R153_SOURCE_AUDIT,PASS_SUPPORTED_NO_UNKNOWN
fig:r123_atlas_f42a,fig42_a_named_expansion_dense_r154,two-slope / matched control,dense_solver_owner,analytic/dense/sparse model series as declared by R154 nonrotation QA,LaTex/data/cosmology_r103/R103_TWO_SLOPE_BACKGROUND_DENSE_v1.csv,3001 source points; 161 rendered line points; 9 rendered markers,none; this is deterministic model/benchmark output,continuous line,USE_R154_DENSE_SOLVER_TRACE; RETAIN PUBLISHED NODES AS SEPARATE MARKERS,Level A background inside supplied action/state; Level C physical map,LaTex/work/preprint/R154_SMOOTH_CURVE_SEMANTICS_CANDIDATE_v1/nonrotation/R154_NONROTATION_SERIES_QA_v1.json:fig:r123_atlas_f42a:two-slope / matched control,DIRECT_R154_NUMERIC_QA,PASS_SUPPORTED_NO_UNKNOWN
fig:r123_atlas_f42c,fig42_c_comoving_distance_dense_r154,two-slope / matched control,dense_solver_owner,analytic/dense/sparse model series as declared by R154 nonrotation QA,LaTex/data/cosmology_r103/R103_TWO_SLOPE_BACKGROUND_DENSE_v1.csv,3001 source points; 160 rendered line points; 8 rendered markers,none; this is deterministic model/benchmark output,continuous line,USE_R154_DENSE_SOLVER_TRACE; RETAIN PUBLISHED NODES AS SEPARATE MARKERS,Level A background inside supplied action/state; Level C physical map,LaTex/work/preprint/R154_SMOOTH_CURVE_SEMANTICS_CANDIDATE_v1/nonrotation/R154_NONROTATION_SERIES_QA_v1.json:fig:r123_atlas_f42c:two-slope / matched control,DIRECT_R154_NUMERIC_QA,PASS_SUPPORTED_NO_UNKNOWN
fig:r123_atlas_f42d,fig42_d_background_w_dense_r154,matched control,dense_solver_owner,analytic/dense/sparse model series as declared by R154 nonrotation QA,LaTex/data/cosmology_r103/R103_TWO_SLOPE_BACKGROUND_DENSE_v1.csv,3001 source points; 161 rendered line points; 9 rendered markers,none; this is deterministic model/benchmark output,continuous line,USE_R154_DENSE_SOLVER_TRACE; RETAIN PUBLISHED NODES AS SEPARATE MARKERS,Level A background inside supplied action/state; Level C physical map,LaTex/work/preprint/R154_SMOOTH_CURVE_SEMANTICS_CANDIDATE_v1/nonrotation/R154_NONROTATION_SERIES_QA_v1.json:fig:r123_atlas_f42d:matched control,DIRECT_R154_NUMERIC_QA,PASS_SUPPORTED_NO_UNKNOWN
fig:r123_atlas_f42d,fig42_d_background_w_dense_r154,two-slope,dense_solver_owner,analytic/dense/sparse model series as declared by R154 nonrotation QA,LaTex/data/cosmology_r103/R103_TWO_SLOPE_BACKGROUND_DENSE_v1.csv,3001 source points; 161 rendered line points; 9 rendered markers,none; this is deterministic model/benchmark output,continuous line,USE_R154_DENSE_SOLVER_TRACE; RETAIN PUBLISHED NODES AS SEPARATE MARKERS,Level A background inside supplied action/state; Level C physical map,LaTex/work/preprint/R154_SMOOTH_CURVE_SEMANTICS_CANDIDATE_v1/nonrotation/R154_NONROTATION_SERIES_QA_v1.json:fig:r123_atlas_f42d:two-slope,DIRECT_R154_NUMERIC_QA,PASS_SUPPORTED_NO_UNKNOWN
fig:r123_atlas_f42e,all,calibrated_background_family,dense_solver_owner,Level-C conditional background family,frozen calibrated background evaluations,declared figure domain; no extrapolation beyond the named owner,none unless stated in caption/owner,dense owner curves,RETAIN WITH CONDITIONAL FAMILY LABEL,Not a universal P1-P6 prediction.,LaTex/FIGURE_REGISTRY.csv:fig:r123_atlas_f42e | LaTex/ECT_preprint.tex:56833 | LaTex/work/preprint/R123_VISUAL_READABILITY_AND_RESTORATION_CANDIDATE_v3/components/curve_luminance_readable/build_curve_luminance_readable_v1.py | LaTex/data/cosmology_r103/R103_CONDITIONAL_ECT_AGE_MATCHING_RESULTS_v1.json;LaTex/data/cosmology_r103/R103_OFFICIAL_CCCOVARIANCE_SUBSET_RESULT_v1.json;LaTex/data/cosmology_r103/R103_RESTRICTED_ISW_LENSING_PROXY_v1.json;LaTex/data/cosmology_r103/R103_RESTRICTED_LARGE_FLOW_PROXY_v1.json;LaTex/data/cosmology_r103/R103_TWO_SLOPE_BACKGROUND_DENSE_METADATA_v1.json;LaTex/data/cosmology_r103/R103_TWO_SLOPE_BACKGROUND_DENSE_v1.csv;LaTex/data/cosmology_r103/R103_TWO_SLOPE_CALIBRATED_SCAN_v1.json;LaTex/data/cosmology_r103/R103_TWO_SLOPE_CONDITIONAL_OBSERVABLES_v1.csv;LaTex/data/cosmology_r103/R103_TWO_SLOPE_CONDITIONAL_OBSERVABLES_v1.json;LaTex/data/cosmology_r103/R103_TWO_SLOPE_HWG_FROZEN_v1.csv;LaTex/data/cosmology_r113/R113_EARLY_RESPONSE_GROWTH_COLLAPSE_ENVELOPE_v3.csv;LaTex/data/hrc_r97/R97_HRC_PER_GALAXY_FITS.csv;LaTex/data/hrc_r97/R97_HRC_SOURCE_POINTS.csv;LaTex/data/hrc_r97/R97_HRC_UDG_DIAGNOSTIC.csv,REGISTRY_OWNER_CAPTION_AND_R153_SOURCE_AUDIT,PASS_SUPPORTED_NO_UNKNOWN
fig:r123_atlas_f42f,all,scope_and_ownership_statement,diagram/no scientific polyline,Open-owner scope panel,literal status/ownership statements,declared figure domain; no extrapolation beyond the named owner,none unless stated in caption/owner,text and boxes,RETAIN; NO SCIENTIFIC POLYLINE,No numerical curve is asserted.,LaTex/FIGURE_REGISTRY.csv:fig:r123_atlas_f42f | LaTex/ECT_preprint.tex:56834 | LaTex/work/preprint/R123_VISUAL_READABILITY_AND_RESTORATION_CANDIDATE_v3/components/curve_luminance_readable/build_curve_luminance_readable_v1.py | LaTex/data/cosmology_r103/R103_CONDITIONAL_ECT_AGE_MATCHING_RESULTS_v1.json;LaTex/data/cosmology_r103/R103_OFFICIAL_CCCOVARIANCE_SUBSET_RESULT_v1.json;LaTex/data/cosmology_r103/R103_RESTRICTED_ISW_LENSING_PROXY_v1.json;LaTex/data/cosmology_r103/R103_RESTRICTED_LARGE_FLOW_PROXY_v1.json;LaTex/data/cosmology_r103/R103_TWO_SLOPE_BACKGROUND_DENSE_METADATA_v1.json;LaTex/data/cosmology_r103/R103_TWO_SLOPE_BACKGROUND_DENSE_v1.csv;LaTex/data/cosmology_r103/R103_TWO_SLOPE_CALIBRATED_SCAN_v1.json;LaTex/data/cosmology_r103/R103_TWO_SLOPE_CONDITIONAL_OBSERVABLES_v1.csv;LaTex/data/cosmology_r103/R103_TWO_SLOPE_CONDITIONAL_OBSERVABLES_v1.json;LaTex/data/cosmology_r103/R103_TWO_SLOPE_HWG_FROZEN_v1.csv;LaTex/data/cosmology_r113/R113_EARLY_RESPONSE_GROWTH_COLLAPSE_ENVELOPE_v3.csv;LaTex/data/hrc_r97/R97_HRC_PER_GALAXY_FITS.csv;LaTex/data/hrc_r97/R97_HRC_SOURCE_POINTS.csv;LaTex/data/hrc_r97/R97_HRC_UDG_DIAGNOSTIC.csv,REGISTRY_OWNER_CAPTION_AND_R153_SOURCE_AUDIT,PASS_SUPPORTED_NO_UNKNOWN
fig:r123_atlas_f43b,fig43_b_two_slope_w_dense_r154,matched control,dense_solver_owner,analytic/dense/sparse model series as declared by R154 nonrotation QA,LaTex/data/cosmology_r103/R103_TWO_SLOPE_BACKGROUND_DENSE_v1.csv,3001 source points; 161 rendered line points; 9 rendered markers,none; this is deterministic model/benchmark output,continuous line,USE_R154_DENSE_SOLVER_TRACE; RETAIN PUBLISHED NODES AS SEPARATE MARKERS,Level A background inside supplied action/state; Level C physical map,LaTex/work/preprint/R154_SMOOTH_CURVE_SEMANTICS_CANDIDATE_v1/nonrotation/R154_NONROTATION_SERIES_QA_v1.json:fig:r123_atlas_f43b:matched control,DIRECT_R154_NUMERIC_QA,PASS_SUPPORTED_NO_UNKNOWN
fig:r123_atlas_f43b,fig43_b_two_slope_w_dense_r154,two-slope,dense_solver_owner,analytic/dense/sparse model series as declared by R154 nonrotation QA,LaTex/data/cosmology_r103/R103_TWO_SLOPE_BACKGROUND_DENSE_v1.csv,3001 source points; 161 rendered line points; 9 rendered markers,none; this is deterministic model/benchmark output,continuous line,USE_R154_DENSE_SOLVER_TRACE; RETAIN PUBLISHED NODES AS SEPARATE MARKERS,Level A background inside supplied action/state; Level C physical map,LaTex/work/preprint/R154_SMOOTH_CURVE_SEMANTICS_CANDIDATE_v1/nonrotation/R154_NONROTATION_SERIES_QA_v1.json:fig:r123_atlas_f43b:two-slope,DIRECT_R154_NUMERIC_QA,PASS_SUPPORTED_NO_UNKNOWN
fig:r123_atlas_f45b,all,tail_estimators,diagram/no scientific polyline,fixed-metric numerical detail,finite-body tail estimator values,declared figure domain; no extrapolation beyond the named owner,none unless stated in caption/owner,bars/markers and labels,RETAIN; NO CONNECTED DENSITY SCAN,Not a PPN pass.,LaTex/FIGURE_REGISTRY.csv:fig:r123_atlas_f45b | LaTex/ECT_preprint.tex:56844 | LaTex/work/preprint/R127_VISUAL_COSMOLOGY_PES_COMPLETION_CANDIDATE_v1/components/native_font_rerender_v1/build_r127_native_font_rerender.py;LaTex/work/preprint/R123_VISUAL_READABILITY_AND_RESTORATION_CANDIDATE_v1/components/clipping_remediation_v2/build_clipping_remediation_v2.py;LaTex/scripts/figures/make_r114_finitebody_scalar_gate_figure.py;LaTex/work/preprint/R114_VERIFIED_COSMOLOGY_PES_CASCADE_CANDIDATE_v1/ECT_preprint_R114_verified_cosmology_pes_cascade_candidate_v1.tex | LaTex/work/preprint/R127_VISUAL_COSMOLOGY_PES_COMPLETION_CANDIDATE_v1/components/font_readability_remediation_v1/assets/r123__global__panels__fig45_b_tail_estimators_r123__reader_scale_r127.pdf,REGISTRY_OWNER_CAPTION_AND_R153_SOURCE_AUDIT,PASS_SUPPORTED_NO_UNKNOWN
