{
  "channel": "f\u03c3_8 RSD (Tier B)",
  "tier": "Tier B",
  "eps_central": -0.12,
  "eps_lo_1s": -0.12,
  "eps_hi_1s": 0.038000000000000006,
  "eps_lo_2s": -0.12,
  "eps_hi_2s": 0.15,
  "sigma8_best": 0.9224005229919054,
  "chi2_min": 8.928179604195222,
  "dof": 12,
  "t0_at_eps_central_Gyr": 15.164551851401416,
  "caveat": "ECT-native background via ect_background; \u03c3_8(0) profiled; approximate compilation",
  "notes": "Growth ODE integrated; \u03bc_G=a^{-2\u03b5}; 14 RSD points"
}