{
  "channel": "BAO (Tier 1)",
  "tier": "Tier 1",
  "eps_central": -0.013999999999999999,
  "eps_lo_1s": -0.034,
  "eps_hi_1s": 0.005999999999999998,
  "eps_lo_2s": -0.05,
  "eps_hi_2s": 0.026999999999999996,
  "H0_best": 68.52029622373917,
  "rd_best": 147.32931996228945,
  "chi2_min": 14.245666194289939,
  "dof": 9,
  "caveat": "\u039bCDM-background proxy; \u03a9_m fixed; diagonal errors; shape-only",
  "notes": "DESI 2024 DR1; H_0 and r_d both profiled"
}