{
  "channel": "Cosmic chronometers (Tier 2)",
  "tier": "Tier 2",
  "eps_central": 0.004999999999999994,
  "eps_lo_1s": -0.02,
  "eps_hi_1s": 0.08699999999999998,
  "eps_lo_2s": -0.02,
  "eps_hi_2s": 0.15,
  "H0_best": 68.19970511046662,
  "chi2_min": 14.495792770276147,
  "dof": 29,
  "caveat": "\u039bCDM-background proxy; \u03a9_m fixed; approximate compilation",
  "notes": "Weak consistency check; not a strong probe"
}