{
  "channel": "f\u03c3_8 RSD (Tier B)",
  "tier": "Tier B",
  "eps_central": -0.06,
  "eps_lo_1s": -0.06,
  "eps_hi_1s": 0.05800000000000001,
  "eps_lo_2s": -0.06,
  "eps_hi_2s": 0.12,
  "sigma8_best": 0.8543493965078292,
  "chi2_min": 9.144773263087696,
  "dof": 12,
  "t0_at_eps_central_Gyr": 14.448781360108564,
  "caveat": "ECT-native background via ect_background; \u03c3_8(0) profiled; approximate compilation",
  "notes": "Growth ODE integrated; \u03bc_G=a^{-2\u03b5}; 14 RSD points"
}