{
  "channel": "JWST (Tier A, with ECT-native time budget)",
  "tier": "Tier A",
  "eps_central": 0.044908629798461976,
  "eps_lo_1s": 0.029588344765651916,
  "eps_hi_1s": 0.0785659041849321,
  "eps_lo_2s": 0.01357729040914366,
  "eps_hi_2s": 0.21773179331949236,
  "t0_at_eps_central_Gyr": 13.333196544627643,
  "t_zJWST_eps_central_Myr": 410.4238937585208,
  "eps_central_OLD_PS_only": 0.04245272905312705,
  "shift_vs_PS_only": 0.0024559007453349227,
  "caveat": "ECT-native background via ect_background; includes PS enhancement + stellar-assembly time-budget.",
  "notes": "R=10.0x (range 3.0-100.0x), nu=5.0 (4.0-6.0), z_form=20.0 -> z_obs=10.0"
}